id,timestamp,package_name,additional_data,research_experiment,experiment_group,video_title,video_id
5807424,1749511949,ai.elimu.filamu,,,,akili and me - letter a,1
5807425,1749511995,ai.elimu.filamu,{'video_playback_position_ms': 18144},,,akili and me - letter a,1
5807426,1749512026,ai.elimu.filamu,,,,akili and me - letter c,3
5807427,1749512083,ai.elimu.filamu,{'video_playback_position_ms': 28941},,,akili and me - letter c,3
5807428,1749512144,ai.elimu.filamu,,,,akili and me - letter i,33
5807429,1749512194,ai.elimu.filamu,{'video_playback_position_ms': 33862},,,akili and me - letter i,33
5807430,1749512269,ai.elimu.filamu,,,,akili and me - letter a,1
5807431,1749512285,ai.elimu.filamu,{'video_playback_position_ms': 26499},,,akili and me - letter a,1
5807432,1749512335,ai.elimu.filamu,,,,akili and me - letter b,2
5807433,1749512378,ai.elimu.filamu,{'video_playback_position_ms': 14575},,,akili and me - letter b,2
5807434,1749598061,ai.elimu.filamu,,,,akili and me - letter a,1
5807435,1749598111,ai.elimu.filamu,{'video_playback_position_ms': 25337},,,akili and me - letter a,1
5807436,1749598169,ai.elimu.filamu,,,,akili and me - letter b,2
5807437,1749598198,ai.elimu.filamu,{'video_playback_position_ms': 13201},,,akili and me - letter b,2
5807438,1749598243,ai.elimu.filamu,,,,akili and me - letter a,1
5807439,1749598275,ai.elimu.filamu,{'video_playback_position_ms': 50321},,,akili and me - letter a,1
5807440,1749598311,ai.elimu.filamu,,,,akili and me - letter i,33
5807441,1749598327,ai.elimu.filamu,{'video_playback_position_ms': 2184},,,akili and me - letter i,33
5807442,1749598372,ai.elimu.filamu,,,,akili and me - letter c,3
5807443,1749598426,ai.elimu.filamu,{'video_playback_position_ms': 4185},,,akili and me - letter c,3
5807444,1749685859,ai.elimu.filamu,,,,akili and me - letter a,1
5807445,1749685889,ai.elimu.filamu,{'video_playback_position_ms': 39929},,,akili and me - letter a,1
5807446,1749685935,ai.elimu.filamu,,,,akili and me - letter i,33
5807447,1749685973,ai.elimu.filamu,{'video_playback_position_ms': 1544},,,akili and me - letter i,33
5807448,1749686001,ai.elimu.filamu,,,,akili and me - letter a,1
5807449,1749686041,ai.elimu.filamu,{'video_playback_position_ms': 39394},,,akili and me - letter a,1
5807450,1749686110,ai.elimu.filamu,,,,akili and me - letter i,33
5807451,1749686130,ai.elimu.filamu,{'video_playback_position_ms': 19144},,,akili and me - letter i,33
5807518,1749780781,ai.elimu.filamu,,,,akili and me - the rectangle song,13
5807519,1749780814,ai.elimu.filamu,{'video_playback_position_ms': 50001},,,akili and me - the rectangle song,13
5807520,1749780928,ai.elimu.filamu,,,,akili and me - letter i,33
5807521,1749780953,ai.elimu.filamu,{'video_playback_position_ms': 14402},,,akili and me - letter i,33
5807522,1749781069,ai.elimu.filamu,,,,akili and me - the rectangle song,13
5807523,1749781080,ai.elimu.filamu,{'video_playback_position_ms': 27687},,,akili and me - the rectangle song,13
5807524,1749781197,ai.elimu.filamu,,,,akili and me - letter b,2
5807525,1749781234,ai.elimu.filamu,{'video_playback_position_ms': 40476},,,akili and me - letter b,2
5807526,1749781272,ai.elimu.filamu,,,,akili and me - letter a,1
5807527,1749781291,ai.elimu.filamu,{'video_playback_position_ms': 40028},,,akili and me - letter a,1
5807528,1749781375,ai.elimu.filamu,,,,[test] a test video,44
5807529,1749781417,ai.elimu.filamu,{'video_playback_position_ms': 2045},,,[test] a test video,44
5807596,1749943785,ai.elimu.filamu,,,,akili and me - the rectangle song,13
5807597,1749943832,ai.elimu.filamu,{'video_playback_position_ms': 49391},,,akili and me - the rectangle song,13
5807598,1749943894,ai.elimu.filamu,,,,akili and me - letter b,2
5807599,1749943938,ai.elimu.filamu,{'video_playback_position_ms': 35053},,,akili and me - letter b,2
5807600,1749943991,ai.elimu.filamu,,,,akili and me - the rectangle song,13
5807601,1749944027,ai.elimu.filamu,{'video_playback_position_ms': 36517},,,akili and me - the rectangle song,13
5807602,1749944136,ai.elimu.filamu,,,,akili and me - letter a,1
5807603,1749944188,ai.elimu.filamu,{'video_playback_position_ms': 42166},,,akili and me - letter a,1
5807604,1749944248,ai.elimu.filamu,,,,[test] a test video,44
5807605,1749944288,ai.elimu.filamu,{'video_playback_position_ms': 32067},,,[test] a test video,44
5807606,1749944319,ai.elimu.filamu,,,,akili and me - the rectangle song,13
5807607,1749944376,ai.elimu.filamu,{'video_playback_position_ms': 18675},,,akili and me - the rectangle song,13
5807608,1749944489,ai.elimu.filamu,,,,akili and me - letter b,2
5807609,1749944509,ai.elimu.filamu,{'video_playback_position_ms': 15716},,,akili and me - letter b,2
5807610,1749944574,ai.elimu.filamu,,,,akili and me - letter c,3
5807611,1749944600,ai.elimu.filamu,{'video_playback_position_ms': 20949},,,akili and me - letter c,3
5807612,1749944637,ai.elimu.filamu,,,,akili and me - letter b,2
5807613,1749944662,ai.elimu.filamu,{'video_playback_position_ms': 56218},,,akili and me - letter b,2
5807614,1749944743,ai.elimu.filamu,,,,akili and me - the rectangle song,13
5807615,1749944786,ai.elimu.filamu,{'video_playback_position_ms': 40266},,,akili and me - the rectangle song,13
5807616,1749944884,ai.elimu.filamu,,,,akili and me - letter c,3
5807617,1749944911,ai.elimu.filamu,{'video_playback_position_ms': 2032},,,akili and me - letter c,3
5807618,1749944980,ai.elimu.filamu,,,,akili and me - letter i,33
5807619,1749944996,ai.elimu.filamu,{'video_playback_position_ms': 53090},,,akili and me - letter i,33
5807620,1749945040,ai.elimu.filamu,,,,akili and me - letter c,3
5807621,1749945065,ai.elimu.filamu,{'video_playback_position_ms': 26463},,,akili and me - letter c,3
5807622,1749945157,ai.elimu.filamu,,,,[test] a test video,44
5807623,1749945195,ai.elimu.filamu,{'video_playback_position_ms': 51726},,,[test] a test video,44
5807624,1749945210,ai.elimu.filamu,,,,akili and me - letter a,1
5807625,1749945230,ai.elimu.filamu,{'video_playback_position_ms': 34380},,,akili and me - letter a,1
5807626,1749945273,ai.elimu.filamu,,,,akili and me - letter b,2
5807627,1749945321,ai.elimu.filamu,{'video_playback_position_ms': 55740},,,akili and me - letter b,2
5807628,1749945434,ai.elimu.filamu,,,,akili and me - letter d,4
5807629,1749945487,ai.elimu.filamu,{'video_playback_position_ms': 18632},,,akili and me - letter d,4
5807630,1749945606,ai.elimu.filamu,,,,akili and me - letter c,3
5807631,1749945616,ai.elimu.filamu,{'video_playback_position_ms': 23654},,,akili and me - letter c,3
5807632,1749945631,ai.elimu.filamu,,,,akili and me - letter c,3
5807633,1749945645,ai.elimu.filamu,{'video_playback_position_ms': 4042},,,akili and me - letter c,3
5807636,1750031160,ai.elimu.filamu,,,,akili and me - letter i,33
5807637,1750031163,ai.elimu.filamu,{'video_playback_position_ms': 6508},,,akili and me - letter i,33
5807638,1750031275,ai.elimu.filamu,,,,akili and me - letter d,4
5807639,1750031290,ai.elimu.filamu,{'video_playback_position_ms': 14415},,,akili and me - letter d,4
5807640,1750031368,ai.elimu.filamu,,,,akili and me - letter c,3
5807641,1750031379,ai.elimu.filamu,{'video_playback_position_ms': 59732},,,akili and me - letter c,3
5807642,1750031408,ai.elimu.filamu,,,,akili and me - the rectangle song,13
5807643,1750031436,ai.elimu.filamu,{'video_playback_position_ms': 25000},,,akili and me - the rectangle song,13
5807644,1750031545,ai.elimu.filamu,,,,akili and me - letter a,1
5807645,1750031578,ai.elimu.filamu,{'video_playback_position_ms': 14551},,,akili and me - letter a,1
5807646,1750031598,ai.elimu.filamu,,,,akili and me - letter d,4
5807647,1750031630,ai.elimu.filamu,{'video_playback_position_ms': 57600},,,akili and me - letter d,4
5807648,1750031660,ai.elimu.filamu,,,,akili and me - the rectangle song,13
5807649,1750031671,ai.elimu.filamu,{'video_playback_position_ms': 12031},,,akili and me - the rectangle song,13
5807650,1750031746,ai.elimu.filamu,,,,akili and me - letter a,1
5807651,1750031800,ai.elimu.filamu,{'video_playback_position_ms': 1880},,,akili and me - letter a,1
5807652,1750031836,ai.elimu.filamu,,,,akili and me - letter a,1
5807653,1750031854,ai.elimu.filamu,{'video_playback_position_ms': 37559},,,akili and me - letter a,1
5807654,1750031923,ai.elimu.filamu,,,,akili and me - letter b,2
5807655,1750031959,ai.elimu.filamu,{'video_playback_position_ms': 16999},,,akili and me - letter b,2
5807656,1750032075,ai.elimu.filamu,,,,akili and me - letter a,1
5807657,1750032103,ai.elimu.filamu,{'video_playback_position_ms': 55922},,,akili and me - letter a,1
5807684,1750116820,ai.elimu.filamu,,,,akili and me - letter c,3
5807685,1750116836,ai.elimu.filamu,{'video_playback_position_ms': 1963},,,akili and me - letter c,3
5807686,1750116876,ai.elimu.filamu,,,,akili and me - letter d,4
5807687,1750116915,ai.elimu.filamu,{'video_playback_position_ms': 41718},,,akili and me - letter d,4
5807688,1750116939,ai.elimu.filamu,,,,akili and me - the rectangle song,13
5807689,1750116994,ai.elimu.filamu,{'video_playback_position_ms': 13987},,,akili and me - the rectangle song,13
5807690,1750117070,ai.elimu.filamu,,,,[test] a test video,44
5807691,1750117086,ai.elimu.filamu,{'video_playback_position_ms': 38557},,,[test] a test video,44
5807692,1750117107,ai.elimu.filamu,,,,akili and me - letter i,33
5807693,1750117137,ai.elimu.filamu,{'video_playback_position_ms': 58880},,,akili and me - letter i,33
5807694,1750117187,ai.elimu.filamu,,,,akili and me - letter a,1
5807695,1750117238,ai.elimu.filamu,{'video_playback_position_ms': 16942},,,akili and me - letter a,1
5807696,1750117268,ai.elimu.filamu,,,,akili and me - the rectangle song,13
5807697,1750117312,ai.elimu.filamu,{'video_playback_position_ms': 3952},,,akili and me - the rectangle song,13
5807698,1750117408,ai.elimu.filamu,,,,akili and me - letter c,3
5807699,1750117412,ai.elimu.filamu,{'video_playback_position_ms': 39191},,,akili and me - letter c,3
5807700,1750117452,ai.elimu.filamu,,,,akili and me - letter b,2
5807701,1750117492,ai.elimu.filamu,{'video_playback_position_ms': 4475},,,akili and me - letter b,2
5807702,1750117579,ai.elimu.filamu,,,,akili and me - letter b,2
5807703,1750117626,ai.elimu.filamu,{'video_playback_position_ms': 23912},,,akili and me - letter b,2
5807704,1750117676,ai.elimu.filamu,,,,akili and me - letter c,3
5807705,1750117721,ai.elimu.filamu,{'video_playback_position_ms': 31781},,,akili and me - letter c,3
5807706,1750117743,ai.elimu.filamu,,,,akili and me - the rectangle song,13
5807707,1750117771,ai.elimu.filamu,{'video_playback_position_ms': 37454},,,akili and me - the rectangle song,13
5807708,1750117849,ai.elimu.filamu,,,,akili and me - the rectangle song,13
5807709,1750117881,ai.elimu.filamu,{'video_playback_position_ms': 25495},,,akili and me - the rectangle song,13
5807710,1750117912,ai.elimu.filamu,,,,akili and me - letter d,4
5807711,1750117925,ai.elimu.filamu,{'video_playback_position_ms': 38683},,,akili and me - letter d,4
5807712,1750118040,ai.elimu.filamu,,,,akili and me - letter b,2
5807713,1750118075,ai.elimu.filamu,{'video_playback_position_ms': 33225},,,akili and me - letter b,2
5807714,1750118184,ai.elimu.filamu,,,,akili and me - letter d,4
5807715,1750118191,ai.elimu.filamu,{'video_playback_position_ms': 45641},,,akili and me - letter d,4
5807716,1750118241,ai.elimu.filamu,,,,akili and me - letter i,33
5807717,1750118264,ai.elimu.filamu,{'video_playback_position_ms': 59459},,,akili and me - letter i,33
5807718,1750118292,ai.elimu.filamu,,,,[test] a test video,44
5807719,1750118327,ai.elimu.filamu,{'video_playback_position_ms': 19390},,,[test] a test video,44
5807720,1750118351,ai.elimu.filamu,,,,akili and me - letter c,3
5807721,1750118373,ai.elimu.filamu,{'video_playback_position_ms': 32999},,,akili and me - letter c,3
5807777,1750202903,ai.elimu.filamu,,,,[test] a test video,44
5807778,1750202944,ai.elimu.filamu,{'video_playback_position_ms': 41678},,,[test] a test video,44
5807779,1750203000,ai.elimu.filamu,,,,[test] a test video,44
5807780,1750203049,ai.elimu.filamu,{'video_playback_position_ms': 42360},,,[test] a test video,44
5807781,1750203096,ai.elimu.filamu,,,,akili and me - the rectangle song,13
5807782,1750203153,ai.elimu.filamu,{'video_playback_position_ms': 26916},,,akili and me - the rectangle song,13
5807783,1750203246,ai.elimu.filamu,,,,akili and me - letter c,3
5807784,1750203276,ai.elimu.filamu,{'video_playback_position_ms': 9914},,,akili and me - letter c,3
5807785,1750203371,ai.elimu.filamu,,,,akili and me - letter i,33
5807786,1750203420,ai.elimu.filamu,{'video_playback_position_ms': 25077},,,akili and me - letter i,33
5807787,1750203457,ai.elimu.filamu,,,,akili and me - letter i,33
5807788,1750203471,ai.elimu.filamu,{'video_playback_position_ms': 17183},,,akili and me - letter i,33
5807789,1750203509,ai.elimu.filamu,,,,[test] a test video,44
5807790,1750203524,ai.elimu.filamu,{'video_playback_position_ms': 40313},,,[test] a test video,44
5807791,1750203589,ai.elimu.filamu,,,,akili and me - letter c,3
5807792,1750203642,ai.elimu.filamu,{'video_playback_position_ms': 26551},,,akili and me - letter c,3
5807793,1750203723,ai.elimu.filamu,,,,akili and me - letter d,4
5807794,1750203734,ai.elimu.filamu,{'video_playback_position_ms': 1600},,,akili and me - letter d,4
5807795,1750203833,ai.elimu.filamu,,,,akili and me - letter b,2
5807796,1750203880,ai.elimu.filamu,{'video_playback_position_ms': 13160},,,akili and me - letter b,2
5807797,1750203998,ai.elimu.filamu,,,,akili and me - letter b,2
5807798,1750204034,ai.elimu.filamu,{'video_playback_position_ms': 25540},,,akili and me - letter b,2
5807799,1750204082,ai.elimu.filamu,,,,[test] a test video,44
5807800,1750204131,ai.elimu.filamu,{'video_playback_position_ms': 26141},,,[test] a test video,44
5807801,1750204240,ai.elimu.filamu,,,,akili and me - letter c,3
5807802,1750204285,ai.elimu.filamu,{'video_playback_position_ms': 59034},,,akili and me - letter c,3
5807803,1750204379,ai.elimu.filamu,,,,akili and me - letter a,1
5807804,1750204388,ai.elimu.filamu,{'video_playback_position_ms': 14853},,,akili and me - letter a,1
5807805,1750204419,ai.elimu.filamu,,,,akili and me - letter i,33
5807806,1750204461,ai.elimu.filamu,{'video_playback_position_ms': 58009},,,akili and me - letter i,33
5807807,1750204527,ai.elimu.filamu,,,,akili and me - letter d,4
5807808,1750204539,ai.elimu.filamu,{'video_playback_position_ms': 31501},,,akili and me - letter d,4
5807809,1750204607,ai.elimu.filamu,,,,akili and me - letter b,2
5807810,1750204609,ai.elimu.filamu,{'video_playback_position_ms': 15067},,,akili and me - letter b,2
5807811,1750204673,ai.elimu.filamu,,,,akili and me - letter a,1
5807812,1750204730,ai.elimu.filamu,{'video_playback_position_ms': 47870},,,akili and me - letter a,1
5807813,1750204829,ai.elimu.filamu,,,,akili and me - letter i,33
5807814,1750204871,ai.elimu.filamu,{'video_playback_position_ms': 42617},,,akili and me - letter i,33
5807815,1750289303,ai.elimu.filamu,,,,akili and me - the rectangle song,13
5807816,1750289342,ai.elimu.filamu,{'video_playback_position_ms': 25895},,,akili and me - the rectangle song,13
5807817,1750289408,ai.elimu.filamu,,,,akili and me - the rectangle song,13
5807818,1750289419,ai.elimu.filamu,{'video_playback_position_ms': 23221},,,akili and me - the rectangle song,13
5807819,1750289465,ai.elimu.filamu,,,,akili and me - letter d,4
5807820,1750289494,ai.elimu.filamu,{'video_playback_position_ms': 18549},,,akili and me - letter d,4
5807821,1750289589,ai.elimu.filamu,,,,akili and me - letter b,2
5807822,1750289592,ai.elimu.filamu,{'video_playback_position_ms': 6022},,,akili and me - letter b,2
5807823,1750289640,ai.elimu.filamu,,,,akili and me - letter a,1
5807824,1750289700,ai.elimu.filamu,{'video_playback_position_ms': 59622},,,akili and me - letter a,1
5807825,1750289756,ai.elimu.filamu,,,,akili and me - letter a,1
5807826,1750289784,ai.elimu.filamu,{'video_playback_position_ms': 50865},,,akili and me - letter a,1
5807827,1750289835,ai.elimu.filamu,,,,akili and me - letter i,33
5807828,1750289883,ai.elimu.filamu,{'video_playback_position_ms': 19623},,,akili and me - letter i,33
5807829,1750289917,ai.elimu.filamu,,,,akili and me - letter i,33
5807830,1750289961,ai.elimu.filamu,{'video_playback_position_ms': 25084},,,akili and me - letter i,33
5807831,1750290019,ai.elimu.filamu,,,,akili and me - letter i,33
5807832,1750290037,ai.elimu.filamu,{'video_playback_position_ms': 11473},,,akili and me - letter i,33
5807833,1750290142,ai.elimu.filamu,,,,akili and me - letter d,4
5807834,1750290162,ai.elimu.filamu,{'video_playback_position_ms': 46238},,,akili and me - letter d,4
5807853,1750375677,ai.elimu.filamu,,,,akili and me - letter c,3
5807854,1750375734,ai.elimu.filamu,{'video_playback_position_ms': 39448},,,akili and me - letter c,3
5807855,1750375818,ai.elimu.filamu,,,,akili and me - letter d,4
5807856,1750375861,ai.elimu.filamu,{'video_playback_position_ms': 48602},,,akili and me - letter d,4
5807857,1750375876,ai.elimu.filamu,,,,akili and me - letter b,2
5807858,1750375883,ai.elimu.filamu,{'video_playback_position_ms': 42093},,,akili and me - letter b,2
5807859,1750375932,ai.elimu.filamu,,,,akili and me - letter a,1
5807860,1750375979,ai.elimu.filamu,{'video_playback_position_ms': 45908},,,akili and me - letter a,1
5807861,1750376052,ai.elimu.filamu,,,,akili and me - letter d,4
5807862,1750376112,ai.elimu.filamu,{'video_playback_position_ms': 10517},,,akili and me - letter d,4
5807870,1750462627,ai.elimu.filamu,,,,akili and me - letter b,2
5807871,1750462664,ai.elimu.filamu,{'video_playback_position_ms': 15351},,,akili and me - letter b,2
5807872,1750462702,ai.elimu.filamu,,,,akili and me - letter c,3
5807873,1750462724,ai.elimu.filamu,{'video_playback_position_ms': 56194},,,akili and me - letter c,3
5807874,1750462807,ai.elimu.filamu,,,,akili and me - letter b,2
5807875,1750462833,ai.elimu.filamu,{'video_playback_position_ms': 51169},,,akili and me - letter b,2
5807876,1750462899,ai.elimu.filamu,,,,akili and me - letter a,1
5807877,1750462941,ai.elimu.filamu,{'video_playback_position_ms': 43431},,,akili and me - letter a,1
5807942,1750721152,ai.elimu.filamu,,,,[test] a test video,44
5807943,1750721212,ai.elimu.filamu,{'video_playback_position_ms': 9431},,,[test] a test video,44
5807944,1750721253,ai.elimu.filamu,,,,akili and me - letter i,33
5807945,1750721271,ai.elimu.filamu,{'video_playback_position_ms': 33228},,,akili and me - letter i,33
5807946,1750721314,ai.elimu.filamu,,,,akili and me - letter a,1
5807947,1750721370,ai.elimu.filamu,{'video_playback_position_ms': 2893},,,akili and me - letter a,1
5807948,1750721444,ai.elimu.filamu,,,,akili and me - letter b,2
5807949,1750721500,ai.elimu.filamu,{'video_playback_position_ms': 9712},,,akili and me - letter b,2
5807950,1750721550,ai.elimu.filamu,,,,akili and me - letter i,33
5807951,1750721552,ai.elimu.filamu,{'video_playback_position_ms': 53735},,,akili and me - letter i,33
5807952,1750721584,ai.elimu.filamu,,,,akili and me - the rectangle song,13
5807953,1750721615,ai.elimu.filamu,{'video_playback_position_ms': 30467},,,akili and me - the rectangle song,13
5807954,1750721727,ai.elimu.filamu,,,,[test] a test video,44
5807955,1750721735,ai.elimu.filamu,{'video_playback_position_ms': 13509},,,[test] a test video,44
5807956,1750721771,ai.elimu.filamu,,,,akili and me - letter c,3
5807957,1750721824,ai.elimu.filamu,{'video_playback_position_ms': 7574},,,akili and me - letter c,3
5807958,1750721909,ai.elimu.filamu,,,,akili and me - letter c,3
5807959,1750721942,ai.elimu.filamu,{'video_playback_position_ms': 31639},,,akili and me - letter c,3
5807960,1750722007,ai.elimu.filamu,,,,[test] a test video,44
5807961,1750722027,ai.elimu.filamu,{'video_playback_position_ms': 8649},,,[test] a test video,44
5807962,1750722066,ai.elimu.filamu,,,,akili and me - the rectangle song,13
5807963,1750722084,ai.elimu.filamu,{'video_playback_position_ms': 9449},,,akili and me - the rectangle song,13
5807964,1750722118,ai.elimu.filamu,,,,akili and me - the rectangle song,13
5807965,1750722168,ai.elimu.filamu,{'video_playback_position_ms': 29229},,,akili and me - the rectangle song,13
5807966,1750722208,ai.elimu.filamu,,,,akili and me - letter a,1
5807967,1750722260,ai.elimu.filamu,{'video_playback_position_ms': 9818},,,akili and me - letter a,1
5807968,1750722279,ai.elimu.filamu,,,,akili and me - the rectangle song,13
5807969,1750722315,ai.elimu.filamu,{'video_playback_position_ms': 37044},,,akili and me - the rectangle song,13
5807970,1750722331,ai.elimu.filamu,,,,akili and me - letter c,3
5807971,1750722381,ai.elimu.filamu,{'video_playback_position_ms': 57374},,,akili and me - letter c,3
5808008,1750894266,ai.elimu.filamu,,,,akili and me - letter b,2
5808009,1750894273,ai.elimu.filamu,{'video_playback_position_ms': 6171},,,akili and me - letter b,2
5808010,1750894342,ai.elimu.filamu,,,,akili and me - letter d,4
5808011,1750894354,ai.elimu.filamu,{'video_playback_position_ms': 20583},,,akili and me - letter d,4
5808012,1750894370,ai.elimu.filamu,,,,akili and me - letter c,3
5808013,1750894409,ai.elimu.filamu,{'video_playback_position_ms': 10877},,,akili and me - letter c,3
5808014,1750894449,ai.elimu.filamu,,,,akili and me - letter b,2
5808015,1750894457,ai.elimu.filamu,{'video_playback_position_ms': 58647},,,akili and me - letter b,2
5808042,1751066967,ai.elimu.filamu,,,,[test] a test video,44
5808043,1751066988,ai.elimu.filamu,{'video_playback_position_ms': 56650},,,[test] a test video,44
5808044,1751067050,ai.elimu.filamu,,,,akili and me - the rectangle song,13
5808045,1751067064,ai.elimu.filamu,{'video_playback_position_ms': 27306},,,akili and me - the rectangle song,13
5808046,1751067167,ai.elimu.filamu,,,,akili and me - letter c,3
5808047,1751067223,ai.elimu.filamu,{'video_playback_position_ms': 15049},,,akili and me - letter c,3
5808048,1751067269,ai.elimu.filamu,,,,akili and me - letter a,1
5808049,1751067315,ai.elimu.filamu,{'video_playback_position_ms': 20699},,,akili and me - letter a,1
5808050,1751067349,ai.elimu.filamu,,,,akili and me - letter a,1
5808051,1751067396,ai.elimu.filamu,{'video_playback_position_ms': 6434},,,akili and me - letter a,1
5808052,1751067471,ai.elimu.filamu,,,,akili and me - letter c,3
5808053,1751067494,ai.elimu.filamu,{'video_playback_position_ms': 8530},,,akili and me - letter c,3
5808054,1751067562,ai.elimu.filamu,,,,akili and me - the rectangle song,13
5808055,1751067598,ai.elimu.filamu,{'video_playback_position_ms': 29501},,,akili and me - the rectangle song,13
5808056,1751067672,ai.elimu.filamu,,,,akili and me - letter c,3
5808057,1751067677,ai.elimu.filamu,{'video_playback_position_ms': 11702},,,akili and me - letter c,3
5808058,1751067713,ai.elimu.filamu,,,,akili and me - letter i,33
5808059,1751067741,ai.elimu.filamu,{'video_playback_position_ms': 19271},,,akili and me - letter i,33
5808060,1751067859,ai.elimu.filamu,,,,akili and me - letter a,1
5808061,1751067894,ai.elimu.filamu,{'video_playback_position_ms': 59047},,,akili and me - letter a,1
5808062,1751067963,ai.elimu.filamu,,,,[test] a test video,44
5808063,1751067977,ai.elimu.filamu,{'video_playback_position_ms': 42755},,,[test] a test video,44
5808064,1751068069,ai.elimu.filamu,,,,akili and me - letter b,2
5808065,1751068120,ai.elimu.filamu,{'video_playback_position_ms': 34290},,,akili and me - letter b,2
5808066,1751068207,ai.elimu.filamu,,,,[test] a test video,44
5808067,1751068250,ai.elimu.filamu,{'video_playback_position_ms': 16079},,,[test] a test video,44
5808068,1751068363,ai.elimu.filamu,,,,akili and me - letter a,1
5808069,1751068417,ai.elimu.filamu,{'video_playback_position_ms': 49958},,,akili and me - letter a,1
5808070,1751068450,ai.elimu.filamu,,,,akili and me - the rectangle song,13
5808071,1751068478,ai.elimu.filamu,{'video_playback_position_ms': 47498},,,akili and me - the rectangle song,13
5808072,1751068559,ai.elimu.filamu,,,,akili and me - the rectangle song,13
5808073,1751068616,ai.elimu.filamu,{'video_playback_position_ms': 22167},,,akili and me - the rectangle song,13
5808074,1751068735,ai.elimu.filamu,,,,akili and me - letter c,3
5808075,1751068763,ai.elimu.filamu,{'video_playback_position_ms': 33944},,,akili and me - letter c,3
5808076,1751068800,ai.elimu.filamu,,,,akili and me - letter c,3
5808077,1751068857,ai.elimu.filamu,{'video_playback_position_ms': 14183},,,akili and me - letter c,3
5808078,1751068959,ai.elimu.filamu,,,,[test] a test video,44
5808079,1751068994,ai.elimu.filamu,{'video_playback_position_ms': 43092},,,[test] a test video,44
5808080,1751154279,ai.elimu.filamu,,,,akili and me - letter d,4
5808081,1751154339,ai.elimu.filamu,{'video_playback_position_ms': 23968},,,akili and me - letter d,4
5808082,1751154422,ai.elimu.filamu,,,,akili and me - letter i,33
5808083,1751154459,ai.elimu.filamu,{'video_playback_position_ms': 14672},,,akili and me - letter i,33
5808084,1751154492,ai.elimu.filamu,,,,akili and me - letter c,3
5808085,1751154509,ai.elimu.filamu,{'video_playback_position_ms': 26833},,,akili and me - letter c,3
5808086,1751154594,ai.elimu.filamu,,,,akili and me - the rectangle song,13
5808087,1751154633,ai.elimu.filamu,{'video_playback_position_ms': 57168},,,akili and me - the rectangle song,13
5808088,1751154679,ai.elimu.filamu,,,,akili and me - the rectangle song,13
5808089,1751154715,ai.elimu.filamu,{'video_playback_position_ms': 18330},,,akili and me - the rectangle song,13
5808090,1751154734,ai.elimu.filamu,,,,[test] a test video,44
5808091,1751154761,ai.elimu.filamu,{'video_playback_position_ms': 32906},,,[test] a test video,44
5808092,1751154867,ai.elimu.filamu,,,,akili and me - the rectangle song,13
5808093,1751154886,ai.elimu.filamu,{'video_playback_position_ms': 53714},,,akili and me - the rectangle song,13
5808094,1751154946,ai.elimu.filamu,,,,[test] a test video,44
5808095,1751154963,ai.elimu.filamu,{'video_playback_position_ms': 2928},,,[test] a test video,44
5808096,1751154995,ai.elimu.filamu,,,,akili and me - the rectangle song,13
5808097,1751155031,ai.elimu.filamu,{'video_playback_position_ms': 30427},,,akili and me - the rectangle song,13
5808098,1751155100,ai.elimu.filamu,,,,akili and me - letter c,3
5808099,1751155113,ai.elimu.filamu,{'video_playback_position_ms': 2931},,,akili and me - letter c,3
5808166,1751239637,ai.elimu.filamu,,,,akili and me - letter i,33
5808167,1751239649,ai.elimu.filamu,{'video_playback_position_ms': 52741},,,akili and me - letter i,33
5808168,1751239755,ai.elimu.filamu,,,,[test] a test video,44
5808169,1751239768,ai.elimu.filamu,{'video_playback_position_ms': 35205},,,[test] a test video,44
5808170,1751239856,ai.elimu.filamu,,,,[test] a test video,44
5808171,1751239892,ai.elimu.filamu,{'video_playback_position_ms': 36933},,,[test] a test video,44
5808172,1751239960,ai.elimu.filamu,,,,[test] a test video,44
5808173,1751240007,ai.elimu.filamu,{'video_playback_position_ms': 33449},,,[test] a test video,44
5808174,1751240040,ai.elimu.filamu,,,,akili and me - letter d,4
5808175,1751240079,ai.elimu.filamu,{'video_playback_position_ms': 16791},,,akili and me - letter d,4
5808176,1751240186,ai.elimu.filamu,,,,[test] a test video,44
5808177,1751240213,ai.elimu.filamu,{'video_playback_position_ms': 43112},,,[test] a test video,44
5808178,1751240320,ai.elimu.filamu,,,,akili and me - letter c,3
5808179,1751240330,ai.elimu.filamu,{'video_playback_position_ms': 12666},,,akili and me - letter c,3
5808180,1751240386,ai.elimu.filamu,,,,akili and me - letter a,1
5808181,1751240389,ai.elimu.filamu,{'video_playback_position_ms': 31103},,,akili and me - letter a,1
5808182,1751240454,ai.elimu.filamu,,,,akili and me - letter c,3
5808183,1751240504,ai.elimu.filamu,{'video_playback_position_ms': 1529},,,akili and me - letter c,3
5808184,1751240578,ai.elimu.filamu,,,,[test] a test video,44
5808185,1751240598,ai.elimu.filamu,{'video_playback_position_ms': 22327},,,[test] a test video,44
5808186,1751240693,ai.elimu.filamu,,,,akili and me - letter b,2
5808187,1751240712,ai.elimu.filamu,{'video_playback_position_ms': 8727},,,akili and me - letter b,2
5808188,1751240770,ai.elimu.filamu,,,,akili and me - letter a,1
5808189,1751240786,ai.elimu.filamu,{'video_playback_position_ms': 15888},,,akili and me - letter a,1
5808190,1751240874,ai.elimu.filamu,,,,[test] a test video,44
5808191,1751240928,ai.elimu.filamu,{'video_playback_position_ms': 35459},,,[test] a test video,44
5808192,1751241014,ai.elimu.filamu,,,,[test] a test video,44
5808193,1751241020,ai.elimu.filamu,{'video_playback_position_ms': 21164},,,[test] a test video,44
5808194,1751241057,ai.elimu.filamu,,,,akili and me - the rectangle song,13
5808195,1751241088,ai.elimu.filamu,{'video_playback_position_ms': 46536},,,akili and me - the rectangle song,13
5808196,1751241201,ai.elimu.filamu,,,,akili and me - the rectangle song,13
5808197,1751241219,ai.elimu.filamu,{'video_playback_position_ms': 26269},,,akili and me - the rectangle song,13
5808198,1751241305,ai.elimu.filamu,,,,akili and me - the rectangle song,13
5808199,1751241318,ai.elimu.filamu,{'video_playback_position_ms': 41816},,,akili and me - the rectangle song,13
5808203,1751326118,ai.elimu.filamu,,,,akili and me - letter c,3
5808204,1751326171,ai.elimu.filamu,{'video_playback_position_ms': 25926},,,akili and me - letter c,3
5808205,1751326202,ai.elimu.filamu,,,,[test] a test video,44
5808206,1751326231,ai.elimu.filamu,{'video_playback_position_ms': 11159},,,[test] a test video,44
5808207,1751326275,ai.elimu.filamu,,,,[test] a test video,44
5808208,1751326281,ai.elimu.filamu,{'video_playback_position_ms': 40047},,,[test] a test video,44
5808209,1751326329,ai.elimu.filamu,,,,akili and me - letter i,33
5808210,1751326357,ai.elimu.filamu,{'video_playback_position_ms': 6625},,,akili and me - letter i,33
5808211,1751326376,ai.elimu.filamu,,,,akili and me - letter d,4
5808212,1751326381,ai.elimu.filamu,{'video_playback_position_ms': 29187},,,akili and me - letter d,4
5808213,1751326429,ai.elimu.filamu,,,,akili and me - letter b,2
5808214,1751326465,ai.elimu.filamu,{'video_playback_position_ms': 53000},,,akili and me - letter b,2
5808215,1751326583,ai.elimu.filamu,,,,akili and me - letter b,2
5808216,1751326612,ai.elimu.filamu,{'video_playback_position_ms': 20405},,,akili and me - letter b,2
5808217,1751326657,ai.elimu.filamu,,,,akili and me - letter a,1
5808218,1751326660,ai.elimu.filamu,{'video_playback_position_ms': 45985},,,akili and me - letter a,1
5808219,1751326684,ai.elimu.filamu,,,,akili and me - letter b,2
5808220,1751326702,ai.elimu.filamu,{'video_playback_position_ms': 33362},,,akili and me - letter b,2
5808221,1751326754,ai.elimu.filamu,,,,akili and me - letter a,1
5808222,1751326785,ai.elimu.filamu,{'video_playback_position_ms': 13066},,,akili and me - letter a,1
5808223,1751326832,ai.elimu.filamu,,,,akili and me - letter b,2
5808224,1751326863,ai.elimu.filamu,{'video_playback_position_ms': 17769},,,akili and me - letter b,2
5808225,1751326936,ai.elimu.filamu,,,,akili and me - letter a,1
5808226,1751326954,ai.elimu.filamu,{'video_playback_position_ms': 49618},,,akili and me - letter a,1
5808261,1751499223,ai.elimu.filamu,,,,akili and me - letter i,33
5808262,1751499270,ai.elimu.filamu,{'video_playback_position_ms': 23310},,,akili and me - letter i,33
5808263,1751499310,ai.elimu.filamu,,,,akili and me - letter d,4
5808264,1751499357,ai.elimu.filamu,{'video_playback_position_ms': 6797},,,akili and me - letter d,4
5808265,1751499423,ai.elimu.filamu,,,,akili and me - letter i,33
5808266,1751499436,ai.elimu.filamu,{'video_playback_position_ms': 13689},,,akili and me - letter i,33
5808267,1751499499,ai.elimu.filamu,,,,akili and me - letter i,33
5808268,1751499526,ai.elimu.filamu,{'video_playback_position_ms': 9097},,,akili and me - letter i,33
5808269,1751499642,ai.elimu.filamu,,,,akili and me - letter b,2
5808270,1751499684,ai.elimu.filamu,{'video_playback_position_ms': 2062},,,akili and me - letter b,2
5808271,1751499747,ai.elimu.filamu,,,,akili and me - letter i,33
5808272,1751499768,ai.elimu.filamu,{'video_playback_position_ms': 34909},,,akili and me - letter i,33
5808273,1751499803,ai.elimu.filamu,,,,akili and me - letter d,4
5808274,1751499828,ai.elimu.filamu,{'video_playback_position_ms': 3181},,,akili and me - letter d,4
5808275,1751499852,ai.elimu.filamu,,,,akili and me - letter c,3
5808276,1751499907,ai.elimu.filamu,{'video_playback_position_ms': 59399},,,akili and me - letter c,3
5808277,1751499981,ai.elimu.filamu,,,,akili and me - letter a,1
5808278,1751499998,ai.elimu.filamu,{'video_playback_position_ms': 44173},,,akili and me - letter a,1
5808279,1751500025,ai.elimu.filamu,,,,akili and me - the rectangle song,13
5808280,1751500083,ai.elimu.filamu,{'video_playback_position_ms': 3423},,,akili and me - the rectangle song,13
5808281,1751500101,ai.elimu.filamu,,,,akili and me - letter d,4
5808282,1751500145,ai.elimu.filamu,{'video_playback_position_ms': 56576},,,akili and me - letter d,4
5808283,1751500248,ai.elimu.filamu,,,,[test] a test video,44
5808284,1751500281,ai.elimu.filamu,{'video_playback_position_ms': 56090},,,[test] a test video,44
5808285,1751500320,ai.elimu.filamu,,,,akili and me - the rectangle song,13
5808286,1751500345,ai.elimu.filamu,{'video_playback_position_ms': 13301},,,akili and me - the rectangle song,13
5808287,1751500445,ai.elimu.filamu,,,,akili and me - letter d,4
5808288,1751500494,ai.elimu.filamu,{'video_playback_position_ms': 22143},,,akili and me - letter d,4
5808289,1751500570,ai.elimu.filamu,,,,akili and me - letter i,33
5808290,1751500607,ai.elimu.filamu,{'video_playback_position_ms': 27032},,,akili and me - letter i,33
5808291,1751500634,ai.elimu.filamu,,,,[test] a test video,44
5808292,1751500644,ai.elimu.filamu,{'video_playback_position_ms': 59734},,,[test] a test video,44
5808293,1751500732,ai.elimu.filamu,,,,[test] a test video,44
5808294,1751500758,ai.elimu.filamu,{'video_playback_position_ms': 50373},,,[test] a test video,44
5808301,1751586512,ai.elimu.filamu,,,,akili and me - letter d,4
5808302,1751586568,ai.elimu.filamu,{'video_playback_position_ms': 50259},,,akili and me - letter d,4
5808303,1751586601,ai.elimu.filamu,,,,akili and me - letter c,3
5808304,1751586645,ai.elimu.filamu,{'video_playback_position_ms': 43854},,,akili and me - letter c,3
5808305,1751586762,ai.elimu.filamu,,,,akili and me - letter a,1
5808306,1751586822,ai.elimu.filamu,{'video_playback_position_ms': 34015},,,akili and me - letter a,1
5808307,1751586909,ai.elimu.filamu,,,,akili and me - letter b,2
5808308,1751586911,ai.elimu.filamu,{'video_playback_position_ms': 10331},,,akili and me - letter b,2
5808309,1751587029,ai.elimu.filamu,,,,akili and me - letter a,1
5808310,1751587088,ai.elimu.filamu,{'video_playback_position_ms': 29364},,,akili and me - letter a,1
5808311,1751587171,ai.elimu.filamu,,,,akili and me - letter d,4
5808312,1751587218,ai.elimu.filamu,{'video_playback_position_ms': 17420},,,akili and me - letter d,4
5808313,1751587239,ai.elimu.filamu,,,,akili and me - letter i,33
5808314,1751587242,ai.elimu.filamu,{'video_playback_position_ms': 7333},,,akili and me - letter i,33
5808315,1751587272,ai.elimu.filamu,,,,akili and me - letter b,2
5808316,1751587299,ai.elimu.filamu,{'video_playback_position_ms': 28293},,,akili and me - letter b,2
5808317,1751587368,ai.elimu.filamu,,,,akili and me - letter b,2
5808318,1751587416,ai.elimu.filamu,{'video_playback_position_ms': 9958},,,akili and me - letter b,2
5808319,1751587441,ai.elimu.filamu,,,,akili and me - letter i,33
5808320,1751587446,ai.elimu.filamu,{'video_playback_position_ms': 37111},,,akili and me - letter i,33
5808321,1751587506,ai.elimu.filamu,,,,akili and me - letter i,33
5808322,1751587533,ai.elimu.filamu,{'video_playback_position_ms': 34039},,,akili and me - letter i,33
5808323,1751587617,ai.elimu.filamu,,,,akili and me - letter d,4
5808324,1751587656,ai.elimu.filamu,{'video_playback_position_ms': 13630},,,akili and me - letter d,4
5808325,1751587681,ai.elimu.filamu,,,,akili and me - letter c,3
5808326,1751587699,ai.elimu.filamu,{'video_playback_position_ms': 9156},,,akili and me - letter c,3
5808327,1751587755,ai.elimu.filamu,,,,akili and me - the rectangle song,13
5808328,1751587773,ai.elimu.filamu,{'video_playback_position_ms': 17789},,,akili and me - the rectangle song,13
5808329,1751587791,ai.elimu.filamu,,,,akili and me - letter i,33
5808330,1751587803,ai.elimu.filamu,{'video_playback_position_ms': 15341},,,akili and me - letter i,33
5808331,1751587848,ai.elimu.filamu,,,,akili and me - letter b,2
5808332,1751587892,ai.elimu.filamu,{'video_playback_position_ms': 23378},,,akili and me - letter b,2
5808333,1751587929,ai.elimu.filamu,,,,akili and me - letter a,1
5808334,1751587984,ai.elimu.filamu,{'video_playback_position_ms': 5861},,,akili and me - letter a,1
5808335,1751588028,ai.elimu.filamu,,,,akili and me - letter c,3
5808336,1751588054,ai.elimu.filamu,{'video_playback_position_ms': 31775},,,akili and me - letter c,3
5808431,1751844434,ai.elimu.filamu,,,,akili and me - the rectangle song,13
5808432,1751844468,ai.elimu.filamu,{'video_playback_position_ms': 12118},,,akili and me - the rectangle song,13
5808433,1751844538,ai.elimu.filamu,,,,akili and me - letter i,33
5808434,1751844583,ai.elimu.filamu,{'video_playback_position_ms': 49134},,,akili and me - letter i,33
5808435,1751844684,ai.elimu.filamu,,,,[test] a test video,44
5808436,1751844736,ai.elimu.filamu,{'video_playback_position_ms': 34099},,,[test] a test video,44
5808437,1751844774,ai.elimu.filamu,,,,akili and me - letter d,4
5808438,1751844821,ai.elimu.filamu,{'video_playback_position_ms': 56806},,,akili and me - letter d,4
5808439,1751844879,ai.elimu.filamu,,,,[test] a test video,44
5808440,1751844898,ai.elimu.filamu,{'video_playback_position_ms': 7274},,,[test] a test video,44
5808441,1751844987,ai.elimu.filamu,,,,akili and me - letter i,33
5808442,1751845007,ai.elimu.filamu,{'video_playback_position_ms': 29224},,,akili and me - letter i,33
5808443,1751845032,ai.elimu.filamu,,,,akili and me - letter b,2
5808444,1751845079,ai.elimu.filamu,{'video_playback_position_ms': 7222},,,akili and me - letter b,2
5808445,1751845144,ai.elimu.filamu,,,,akili and me - letter c,3
5808446,1751845146,ai.elimu.filamu,{'video_playback_position_ms': 12986},,,akili and me - letter c,3
5808447,1751845266,ai.elimu.filamu,,,,[test] a test video,44
5808448,1751845301,ai.elimu.filamu,{'video_playback_position_ms': 53304},,,[test] a test video,44
5808449,1751845396,ai.elimu.filamu,,,,akili and me - letter a,1
5808450,1751845425,ai.elimu.filamu,{'video_playback_position_ms': 55006},,,akili and me - letter a,1
5808451,1751845471,ai.elimu.filamu,,,,akili and me - letter d,4
5808452,1751845525,ai.elimu.filamu,{'video_playback_position_ms': 23519},,,akili and me - letter d,4
5808453,1751845619,ai.elimu.filamu,,,,akili and me - letter c,3
5808454,1751845676,ai.elimu.filamu,{'video_playback_position_ms': 18675},,,akili and me - letter c,3
5808455,1751845756,ai.elimu.filamu,,,,akili and me - letter i,33
5808456,1751845797,ai.elimu.filamu,{'video_playback_position_ms': 35836},,,akili and me - letter i,33
5808457,1751845885,ai.elimu.filamu,,,,akili and me - letter a,1
5808458,1751845917,ai.elimu.filamu,{'video_playback_position_ms': 5496},,,akili and me - letter a,1
5808459,1751845954,ai.elimu.filamu,,,,[test] a test video,44
5808460,1751845974,ai.elimu.filamu,{'video_playback_position_ms': 52183},,,[test] a test video,44
5808461,1751931589,ai.elimu.filamu,,,,akili and me - letter i,33
5808462,1751931616,ai.elimu.filamu,{'video_playback_position_ms': 49391},,,akili and me - letter i,33
5808463,1751931714,ai.elimu.filamu,,,,akili and me - the rectangle song,13
5808464,1751931764,ai.elimu.filamu,{'video_playback_position_ms': 16958},,,akili and me - the rectangle song,13
5808465,1751931821,ai.elimu.filamu,,,,akili and me - letter a,1
5808466,1751931853,ai.elimu.filamu,{'video_playback_position_ms': 55333},,,akili and me - letter a,1
5808467,1751931918,ai.elimu.filamu,,,,akili and me - letter c,3
5808468,1751931962,ai.elimu.filamu,{'video_playback_position_ms': 6788},,,akili and me - letter c,3
5808469,1751931982,ai.elimu.filamu,,,,akili and me - letter a,1
5808470,1751932000,ai.elimu.filamu,{'video_playback_position_ms': 9274},,,akili and me - letter a,1
5808471,1751932063,ai.elimu.filamu,,,,akili and me - the rectangle song,13
5808472,1751932096,ai.elimu.filamu,{'video_playback_position_ms': 53629},,,akili and me - the rectangle song,13
5808473,1751932170,ai.elimu.filamu,,,,[test] a test video,44
5808474,1751932220,ai.elimu.filamu,{'video_playback_position_ms': 14935},,,[test] a test video,44
5808475,1751932339,ai.elimu.filamu,,,,[test] a test video,44
5808476,1751932379,ai.elimu.filamu,{'video_playback_position_ms': 20896},,,[test] a test video,44
5808477,1751932421,ai.elimu.filamu,,,,akili and me - the rectangle song,13
5808478,1751932441,ai.elimu.filamu,{'video_playback_position_ms': 56440},,,akili and me - the rectangle song,13
5808479,1751932550,ai.elimu.filamu,,,,akili and me - letter d,4
5808480,1751932589,ai.elimu.filamu,{'video_playback_position_ms': 34443},,,akili and me - letter d,4
5808481,1751932650,ai.elimu.filamu,,,,akili and me - letter b,2
5808482,1751932687,ai.elimu.filamu,{'video_playback_position_ms': 39553},,,akili and me - letter b,2
5808483,1751932732,ai.elimu.filamu,,,,[test] a test video,44
5808484,1751932766,ai.elimu.filamu,{'video_playback_position_ms': 15358},,,[test] a test video,44
5808485,1751932876,ai.elimu.filamu,,,,akili and me - letter a,1
5808486,1751932924,ai.elimu.filamu,{'video_playback_position_ms': 20102},,,akili and me - letter a,1
5808487,1751933035,ai.elimu.filamu,,,,akili and me - letter a,1
5808488,1751933061,ai.elimu.filamu,{'video_playback_position_ms': 22418},,,akili and me - letter a,1
5808489,1751933113,ai.elimu.filamu,,,,[test] a test video,44
5808490,1751933131,ai.elimu.filamu,{'video_playback_position_ms': 4806},,,[test] a test video,44
5808491,1751933234,ai.elimu.filamu,,,,akili and me - letter i,33
5808492,1751933274,ai.elimu.filamu,{'video_playback_position_ms': 36278},,,akili and me - letter i,33
5808507,1751936927,ai.elimu.filamu,,,,[test] a test video,44
5808508,1751936984,ai.elimu.filamu,{'video_playback_position_ms': 12033},,,[test] a test video,44
5808509,1751937003,ai.elimu.filamu,,,,akili and me - letter d,4
5808510,1751937036,ai.elimu.filamu,{'video_playback_position_ms': 42688},,,akili and me - letter d,4
5808511,1751937133,ai.elimu.filamu,,,,akili and me - letter a,1
5808512,1751937140,ai.elimu.filamu,{'video_playback_position_ms': 5513},,,akili and me - letter a,1
5808525,1752017824,ai.elimu.filamu,,,,akili and me - letter d,4
5808526,1752017864,ai.elimu.filamu,{'video_playback_position_ms': 6365},,,akili and me - letter d,4
5808527,1752017953,ai.elimu.filamu,,,,akili and me - the rectangle song,13
5808528,1752018003,ai.elimu.filamu,{'video_playback_position_ms': 3829},,,akili and me - the rectangle song,13
5808529,1752018074,ai.elimu.filamu,,,,akili and me - letter c,3
5808530,1752018097,ai.elimu.filamu,{'video_playback_position_ms': 30021},,,akili and me - letter c,3
5808531,1752018211,ai.elimu.filamu,,,,akili and me - letter b,2
5808532,1752018260,ai.elimu.filamu,{'video_playback_position_ms': 22475},,,akili and me - letter b,2
5808533,1752018371,ai.elimu.filamu,,,,akili and me - letter b,2
5808534,1752018421,ai.elimu.filamu,{'video_playback_position_ms': 1280},,,akili and me - letter b,2
5808535,1752018473,ai.elimu.filamu,,,,akili and me - letter a,1
5808536,1752018520,ai.elimu.filamu,{'video_playback_position_ms': 42903},,,akili and me - letter a,1
5808537,1752018611,ai.elimu.filamu,,,,akili and me - letter b,2
5808538,1752018662,ai.elimu.filamu,{'video_playback_position_ms': 41095},,,akili and me - letter b,2
5808539,1752018710,ai.elimu.filamu,,,,akili and me - letter d,4
5808540,1752018765,ai.elimu.filamu,{'video_playback_position_ms': 38749},,,akili and me - letter d,4
5808541,1752018881,ai.elimu.filamu,,,,akili and me - letter a,1
5808542,1752018883,ai.elimu.filamu,{'video_playback_position_ms': 13102},,,akili and me - letter a,1
5808543,1752018996,ai.elimu.filamu,,,,akili and me - letter d,4
5808544,1752019036,ai.elimu.filamu,{'video_playback_position_ms': 43638},,,akili and me - letter d,4
5808545,1752019061,ai.elimu.filamu,,,,akili and me - the rectangle song,13
5808546,1752019071,ai.elimu.filamu,{'video_playback_position_ms': 15796},,,akili and me - the rectangle song,13
5808547,1752019175,ai.elimu.filamu,,,,akili and me - letter b,2
5808548,1752019202,ai.elimu.filamu,{'video_playback_position_ms': 59577},,,akili and me - letter b,2
5808549,1752019245,ai.elimu.filamu,,,,[test] a test video,44
5808550,1752019291,ai.elimu.filamu,{'video_playback_position_ms': 37529},,,[test] a test video,44
5808551,1752019398,ai.elimu.filamu,,,,[test] a test video,44
5808552,1752019418,ai.elimu.filamu,{'video_playback_position_ms': 44267},,,[test] a test video,44
5808553,1752019537,ai.elimu.filamu,,,,akili and me - letter a,1
5808554,1752019585,ai.elimu.filamu,{'video_playback_position_ms': 47333},,,akili and me - letter a,1
5808555,1752019633,ai.elimu.filamu,,,,akili and me - the rectangle song,13
5808556,1752019672,ai.elimu.filamu,{'video_playback_position_ms': 30270},,,akili and me - the rectangle song,13
5808557,1752019731,ai.elimu.filamu,,,,akili and me - letter a,1
5808558,1752019768,ai.elimu.filamu,{'video_playback_position_ms': 36427},,,akili and me - letter a,1
5808559,1752019797,ai.elimu.filamu,,,,[test] a test video,44
5808560,1752019853,ai.elimu.filamu,{'video_playback_position_ms': 14679},,,[test] a test video,44
5808603,1752105287,ai.elimu.filamu,,,,akili and me - the rectangle song,13
5808604,1752105310,ai.elimu.filamu,{'video_playback_position_ms': 2536},,,akili and me - the rectangle song,13
5808605,1752105392,ai.elimu.filamu,,,,akili and me - letter c,3
5808606,1752105437,ai.elimu.filamu,{'video_playback_position_ms': 5136},,,akili and me - letter c,3
5808607,1752105479,ai.elimu.filamu,,,,akili and me - letter b,2
5808608,1752105529,ai.elimu.filamu,{'video_playback_position_ms': 55680},,,akili and me - letter b,2
5808641,1752190153,ai.elimu.filamu,,,,akili and me - letter a,1
5808642,1752190206,ai.elimu.filamu,{'video_playback_position_ms': 34689},,,akili and me - letter a,1
5808643,1752190313,ai.elimu.filamu,,,,[test] a test video,44
5808644,1752190363,ai.elimu.filamu,{'video_playback_position_ms': 13924},,,[test] a test video,44
5808645,1752190386,ai.elimu.filamu,,,,akili and me - letter b,2
5808646,1752190443,ai.elimu.filamu,{'video_playback_position_ms': 19131},,,akili and me - letter b,2
5808647,1752190492,ai.elimu.filamu,,,,akili and me - letter b,2
5808648,1752190494,ai.elimu.filamu,{'video_playback_position_ms': 40684},,,akili and me - letter b,2
5808649,1752190576,ai.elimu.filamu,,,,akili and me - the rectangle song,13
5808650,1752190596,ai.elimu.filamu,{'video_playback_position_ms': 22603},,,akili and me - the rectangle song,13
5808651,1752190623,ai.elimu.filamu,,,,akili and me - letter b,2
5808652,1752190625,ai.elimu.filamu,{'video_playback_position_ms': 11303},,,akili and me - letter b,2
5808653,1752190682,ai.elimu.filamu,,,,akili and me - letter b,2
5808654,1752190708,ai.elimu.filamu,{'video_playback_position_ms': 47797},,,akili and me - letter b,2
5808655,1752190774,ai.elimu.filamu,,,,akili and me - letter i,33
5808656,1752190828,ai.elimu.filamu,{'video_playback_position_ms': 27175},,,akili and me - letter i,33
5808683,1752449360,ai.elimu.filamu,,,,[test] a test video,44
5808684,1752449387,ai.elimu.filamu,{'video_playback_position_ms': 55235},,,[test] a test video,44
5808685,1752449433,ai.elimu.filamu,,,,akili and me - letter a,1
5808686,1752449454,ai.elimu.filamu,{'video_playback_position_ms': 17751},,,akili and me - letter a,1
5808687,1752449540,ai.elimu.filamu,,,,[test] a test video,44
5808688,1752449593,ai.elimu.filamu,{'video_playback_position_ms': 17424},,,[test] a test video,44
5808689,1752449664,ai.elimu.filamu,,,,[test] a test video,44
5808690,1752449714,ai.elimu.filamu,{'video_playback_position_ms': 9372},,,[test] a test video,44
5808691,1752449741,ai.elimu.filamu,,,,akili and me - letter b,2
5808692,1752449774,ai.elimu.filamu,{'video_playback_position_ms': 51403},,,akili and me - letter b,2
5808693,1752449824,ai.elimu.filamu,,,,akili and me - letter a,1
5808694,1752449836,ai.elimu.filamu,{'video_playback_position_ms': 12674},,,akili and me - letter a,1
5808695,1752449921,ai.elimu.filamu,,,,akili and me - the rectangle song,13
5808696,1752449978,ai.elimu.filamu,{'video_playback_position_ms': 3680},,,akili and me - the rectangle song,13
5808697,1752450074,ai.elimu.filamu,,,,akili and me - letter a,1
5808698,1752450089,ai.elimu.filamu,{'video_playback_position_ms': 8734},,,akili and me - letter a,1
5808699,1752450153,ai.elimu.filamu,,,,akili and me - letter c,3
5808700,1752450165,ai.elimu.filamu,{'video_playback_position_ms': 45204},,,akili and me - letter c,3
5808803,1752709843,ai.elimu.filamu,,,,akili and me - letter d,4
5808804,1752709868,ai.elimu.filamu,{'video_playback_position_ms': 23162},,,akili and me - letter d,4
5808915,1752967957,ai.elimu.filamu,,,,akili and me - letter b,2
5808916,1752967960,ai.elimu.filamu,{'video_playback_position_ms': 12735},,,akili and me - letter b,2
5808917,1752967986,ai.elimu.filamu,,,,akili and me - letter a,1
5808918,1752968045,ai.elimu.filamu,{'video_playback_position_ms': 29640},,,akili and me - letter a,1
5808919,1752968164,ai.elimu.filamu,,,,akili and me - letter i,33
5808920,1752968180,ai.elimu.filamu,{'video_playback_position_ms': 5896},,,akili and me - letter i,33
5808921,1752968207,ai.elimu.filamu,,,,akili and me - the rectangle song,13
5808922,1752968225,ai.elimu.filamu,{'video_playback_position_ms': 39163},,,akili and me - the rectangle song,13
5808923,1752968250,ai.elimu.filamu,,,,akili and me - letter a,1
5808924,1752968282,ai.elimu.filamu,{'video_playback_position_ms': 2658},,,akili and me - letter a,1
5808925,1752968353,ai.elimu.filamu,,,,akili and me - letter i,33
5808926,1752968378,ai.elimu.filamu,{'video_playback_position_ms': 44743},,,akili and me - letter i,33
5808927,1752968481,ai.elimu.filamu,,,,akili and me - letter i,33
5808928,1752968525,ai.elimu.filamu,{'video_playback_position_ms': 58448},,,akili and me - letter i,33
5808929,1752968629,ai.elimu.filamu,,,,akili and me - the rectangle song,13
5808930,1752968665,ai.elimu.filamu,{'video_playback_position_ms': 36679},,,akili and me - the rectangle song,13
5808931,1752968729,ai.elimu.filamu,,,,akili and me - letter c,3
5808932,1752968751,ai.elimu.filamu,{'video_playback_position_ms': 2880},,,akili and me - letter c,3
5808933,1752968823,ai.elimu.filamu,,,,akili and me - letter a,1
5808934,1752968873,ai.elimu.filamu,{'video_playback_position_ms': 28760},,,akili and me - letter a,1
5808935,1752968911,ai.elimu.filamu,,,,akili and me - letter d,4
5808936,1752968961,ai.elimu.filamu,{'video_playback_position_ms': 17540},,,akili and me - letter d,4
5808939,1753054249,ai.elimu.filamu,,,,akili and me - letter i,33
5808940,1753054260,ai.elimu.filamu,{'video_playback_position_ms': 44056},,,akili and me - letter i,33
5808941,1753054377,ai.elimu.filamu,,,,akili and me - letter d,4
5808942,1753054432,ai.elimu.filamu,{'video_playback_position_ms': 11638},,,akili and me - letter d,4
5808943,1753054521,ai.elimu.filamu,,,,akili and me - the rectangle song,13
5808944,1753054555,ai.elimu.filamu,{'video_playback_position_ms': 28397},,,akili and me - the rectangle song,13
5808945,1753054626,ai.elimu.filamu,,,,akili and me - the rectangle song,13
5808946,1753054632,ai.elimu.filamu,{'video_playback_position_ms': 3199},,,akili and me - the rectangle song,13
5808947,1753054665,ai.elimu.filamu,,,,akili and me - the rectangle song,13
5808948,1753054695,ai.elimu.filamu,{'video_playback_position_ms': 37603},,,akili and me - the rectangle song,13
5808949,1753054807,ai.elimu.filamu,,,,akili and me - letter d,4
5808950,1753054842,ai.elimu.filamu,{'video_playback_position_ms': 56475},,,akili and me - letter d,4
5808951,1753054877,ai.elimu.filamu,,,,akili and me - the rectangle song,13
5808952,1753054923,ai.elimu.filamu,{'video_playback_position_ms': 56282},,,akili and me - the rectangle song,13
5808953,1753054999,ai.elimu.filamu,,,,akili and me - the rectangle song,13
5808954,1753055009,ai.elimu.filamu,{'video_playback_position_ms': 56712},,,akili and me - the rectangle song,13
5808955,1753055111,ai.elimu.filamu,,,,akili and me - letter i,33
5808956,1753055147,ai.elimu.filamu,{'video_playback_position_ms': 16361},,,akili and me - letter i,33
5808957,1753055264,ai.elimu.filamu,,,,akili and me - letter d,4
5808958,1753055272,ai.elimu.filamu,{'video_playback_position_ms': 33768},,,akili and me - letter d,4
5808959,1753055372,ai.elimu.filamu,,,,akili and me - letter i,33
5808960,1753055428,ai.elimu.filamu,{'video_playback_position_ms': 32018},,,akili and me - letter i,33
5808961,1753055516,ai.elimu.filamu,,,,[test] a test video,44
5808962,1753055561,ai.elimu.filamu,{'video_playback_position_ms': 1178},,,[test] a test video,44
5808963,1753055608,ai.elimu.filamu,,,,akili and me - letter i,33
5808964,1753055638,ai.elimu.filamu,{'video_playback_position_ms': 14295},,,akili and me - letter i,33
5808965,1753055698,ai.elimu.filamu,,,,[test] a test video,44
5808966,1753055728,ai.elimu.filamu,{'video_playback_position_ms': 25813},,,[test] a test video,44
5808967,1753055770,ai.elimu.filamu,,,,akili and me - letter c,3
5808968,1753055789,ai.elimu.filamu,{'video_playback_position_ms': 16428},,,akili and me - letter c,3
5808969,1753055822,ai.elimu.filamu,,,,akili and me - the rectangle song,13
5808970,1753055872,ai.elimu.filamu,{'video_playback_position_ms': 55714},,,akili and me - the rectangle song,13
5808971,1753055887,ai.elimu.filamu,,,,akili and me - the rectangle song,13
5808972,1753055943,ai.elimu.filamu,{'video_playback_position_ms': 40326},,,akili and me - the rectangle song,13
5808973,1753056047,ai.elimu.filamu,,,,akili and me - letter a,1
5808974,1753056097,ai.elimu.filamu,{'video_playback_position_ms': 51776},,,akili and me - letter a,1
5809075,1753400962,ai.elimu.filamu,,,,akili and me - letter i,33
5809076,1753400994,ai.elimu.filamu,{'video_playback_position_ms': 25432},,,akili and me - letter i,33
5809077,1753401112,ai.elimu.filamu,,,,akili and me - letter c,3
5809078,1753401134,ai.elimu.filamu,{'video_playback_position_ms': 5794},,,akili and me - letter c,3
5809079,1753401230,ai.elimu.filamu,,,,akili and me - letter d,4
5809080,1753401254,ai.elimu.filamu,{'video_playback_position_ms': 3209},,,akili and me - letter d,4
5809099,1753486507,ai.elimu.filamu,,,,akili and me - letter a,1
5809100,1753486563,ai.elimu.filamu,{'video_playback_position_ms': 47311},,,akili and me - letter a,1
5809101,1753486629,ai.elimu.filamu,,,,[test] a test video,44
5809102,1753486677,ai.elimu.filamu,{'video_playback_position_ms': 49485},,,[test] a test video,44
5809103,1753486733,ai.elimu.filamu,,,,akili and me - letter c,3
5809104,1753486741,ai.elimu.filamu,{'video_playback_position_ms': 39643},,,akili and me - letter c,3
5809105,1753486774,ai.elimu.filamu,,,,akili and me - letter i,33
5809106,1753486825,ai.elimu.filamu,{'video_playback_position_ms': 55450},,,akili and me - letter i,33
5809107,1753486929,ai.elimu.filamu,,,,akili and me - letter c,3
5809108,1753486953,ai.elimu.filamu,{'video_playback_position_ms': 55931},,,akili and me - letter c,3
5809109,1753487037,ai.elimu.filamu,,,,akili and me - letter d,4
5809110,1753487070,ai.elimu.filamu,{'video_playback_position_ms': 27508},,,akili and me - letter d,4
5809111,1753487149,ai.elimu.filamu,,,,akili and me - letter b,2
5809112,1753487198,ai.elimu.filamu,{'video_playback_position_ms': 29919},,,akili and me - letter b,2
5809113,1753487236,ai.elimu.filamu,,,,akili and me - letter d,4
5809114,1753487254,ai.elimu.filamu,{'video_playback_position_ms': 40167},,,akili and me - letter d,4
5809115,1753487341,ai.elimu.filamu,,,,akili and me - letter b,2
5809116,1753487351,ai.elimu.filamu,{'video_playback_position_ms': 9642},,,akili and me - letter b,2
5809117,1753487380,ai.elimu.filamu,,,,akili and me - letter c,3
5809118,1753487430,ai.elimu.filamu,{'video_playback_position_ms': 54815},,,akili and me - letter c,3
5809119,1753487460,ai.elimu.filamu,,,,akili and me - letter a,1
5809120,1753487520,ai.elimu.filamu,{'video_playback_position_ms': 25526},,,akili and me - letter a,1
5809121,1753487616,ai.elimu.filamu,,,,[test] a test video,44
5809122,1753487673,ai.elimu.filamu,{'video_playback_position_ms': 1507},,,[test] a test video,44
5809169,1753745558,ai.elimu.filamu,,,,akili and me - letter a,1
5809170,1753745571,ai.elimu.filamu,{'video_playback_position_ms': 21580},,,akili and me - letter a,1
5809171,1753745675,ai.elimu.filamu,,,,[test] a test video,44
5809172,1753745702,ai.elimu.filamu,{'video_playback_position_ms': 20796},,,[test] a test video,44
5809173,1753745721,ai.elimu.filamu,,,,akili and me - letter c,3
5809174,1753745767,ai.elimu.filamu,{'video_playback_position_ms': 56694},,,akili and me - letter c,3
5809175,1753745810,ai.elimu.filamu,,,,akili and me - the rectangle song,13
5809176,1753745815,ai.elimu.filamu,{'video_playback_position_ms': 53625},,,akili and me - the rectangle song,13
5809177,1753745852,ai.elimu.filamu,,,,akili and me - letter i,33
5809178,1753745887,ai.elimu.filamu,{'video_playback_position_ms': 9994},,,akili and me - letter i,33
5809179,1753745976,ai.elimu.filamu,,,,akili and me - letter a,1
5809180,1753746011,ai.elimu.filamu,{'video_playback_position_ms': 9606},,,akili and me - letter a,1
5809181,1753746091,ai.elimu.filamu,,,,akili and me - letter i,33
5809182,1753746143,ai.elimu.filamu,{'video_playback_position_ms': 27030},,,akili and me - letter i,33
5809183,1753746160,ai.elimu.filamu,,,,akili and me - letter b,2
5809184,1753746172,ai.elimu.filamu,{'video_playback_position_ms': 48234},,,akili and me - letter b,2
5809185,1753746270,ai.elimu.filamu,,,,[test] a test video,44
5809186,1753746274,ai.elimu.filamu,{'video_playback_position_ms': 22917},,,[test] a test video,44
5809187,1753746346,ai.elimu.filamu,,,,akili and me - letter d,4
5809188,1753746382,ai.elimu.filamu,{'video_playback_position_ms': 50270},,,akili and me - letter d,4
5809189,1753746477,ai.elimu.filamu,,,,akili and me - letter c,3
5809190,1753746518,ai.elimu.filamu,{'video_playback_position_ms': 28377},,,akili and me - letter c,3
5809191,1753746553,ai.elimu.filamu,,,,[test] a test video,44
5809192,1753746581,ai.elimu.filamu,{'video_playback_position_ms': 7297},,,[test] a test video,44
5809193,1753746611,ai.elimu.filamu,,,,akili and me - letter a,1
5809194,1753746624,ai.elimu.filamu,{'video_playback_position_ms': 25638},,,akili and me - letter a,1
5809195,1753831836,ai.elimu.filamu,,,,akili and me - letter c,3
5809196,1753831849,ai.elimu.filamu,{'video_playback_position_ms': 47114},,,akili and me - letter c,3
5809197,1753831870,ai.elimu.filamu,,,,akili and me - letter b,2
5809198,1753831873,ai.elimu.filamu,{'video_playback_position_ms': 7025},,,akili and me - letter b,2
5809199,1753831975,ai.elimu.filamu,,,,akili and me - letter c,3
5809200,1753832034,ai.elimu.filamu,{'video_playback_position_ms': 9877},,,akili and me - letter c,3
5809201,1753832095,ai.elimu.filamu,,,,akili and me - letter d,4
5809202,1753832142,ai.elimu.filamu,{'video_playback_position_ms': 32478},,,akili and me - letter d,4
5809203,1753832217,ai.elimu.filamu,,,,akili and me - letter a,1
5809204,1753832236,ai.elimu.filamu,{'video_playback_position_ms': 9790},,,akili and me - letter a,1
5809205,1753832294,ai.elimu.filamu,,,,akili and me - the rectangle song,13
5809206,1753832324,ai.elimu.filamu,{'video_playback_position_ms': 31540},,,akili and me - the rectangle song,13
5809207,1753832443,ai.elimu.filamu,,,,[test] a test video,44
5809208,1753832476,ai.elimu.filamu,{'video_playback_position_ms': 55054},,,[test] a test video,44
5809209,1753832559,ai.elimu.filamu,,,,akili and me - letter a,1
5809210,1753832596,ai.elimu.filamu,{'video_playback_position_ms': 13131},,,akili and me - letter a,1
5809235,1753918905,ai.elimu.filamu,,,,akili and me - letter d,4
5809236,1753918938,ai.elimu.filamu,{'video_playback_position_ms': 6998},,,akili and me - letter d,4
5809237,1753919011,ai.elimu.filamu,,,,akili and me - letter a,1
5809238,1753919042,ai.elimu.filamu,{'video_playback_position_ms': 41344},,,akili and me - letter a,1
5809239,1753919128,ai.elimu.filamu,,,,[test] a test video,44
5809240,1753919172,ai.elimu.filamu,{'video_playback_position_ms': 53139},,,[test] a test video,44
5809241,1753919197,ai.elimu.filamu,,,,akili and me - letter c,3
5809242,1753919240,ai.elimu.filamu,{'video_playback_position_ms': 43821},,,akili and me - letter c,3
5809243,1753919304,ai.elimu.filamu,,,,[test] a test video,44
5809244,1753919326,ai.elimu.filamu,{'video_playback_position_ms': 24568},,,[test] a test video,44
5809269,1754004665,ai.elimu.filamu,,,,akili and me - letter c,3
5809270,1754004668,ai.elimu.filamu,{'video_playback_position_ms': 44088},,,akili and me - letter c,3
5809271,1754004721,ai.elimu.filamu,,,,[test] a test video,44
5809272,1754004780,ai.elimu.filamu,{'video_playback_position_ms': 12039},,,[test] a test video,44
5809273,1754004810,ai.elimu.filamu,,,,akili and me - letter i,33
5809274,1754004851,ai.elimu.filamu,{'video_playback_position_ms': 59503},,,akili and me - letter i,33
5809275,1754004919,ai.elimu.filamu,,,,akili and me - letter c,3
5809276,1754004936,ai.elimu.filamu,{'video_playback_position_ms': 45376},,,akili and me - letter c,3
5809277,1754004987,ai.elimu.filamu,,,,akili and me - the rectangle song,13
5809278,1754005003,ai.elimu.filamu,{'video_playback_position_ms': 22060},,,akili and me - the rectangle song,13
5809297,1754092202,ai.elimu.filamu,,,,akili and me - letter c,3
5809298,1754092212,ai.elimu.filamu,{'video_playback_position_ms': 30535},,,akili and me - letter c,3
5809299,1754092331,ai.elimu.filamu,,,,akili and me - the rectangle song,13
5809300,1754092350,ai.elimu.filamu,{'video_playback_position_ms': 25471},,,akili and me - the rectangle song,13
5809301,1754092398,ai.elimu.filamu,,,,akili and me - letter d,4
5809302,1754092410,ai.elimu.filamu,{'video_playback_position_ms': 58743},,,akili and me - letter d,4
5809303,1754092495,ai.elimu.filamu,,,,akili and me - letter d,4
5809304,1754092528,ai.elimu.filamu,{'video_playback_position_ms': 11358},,,akili and me - letter d,4
5809305,1754092646,ai.elimu.filamu,,,,akili and me - letter d,4
5809306,1754092655,ai.elimu.filamu,{'video_playback_position_ms': 45558},,,akili and me - letter d,4
5809307,1754092737,ai.elimu.filamu,,,,akili and me - letter a,1
5809308,1754092767,ai.elimu.filamu,{'video_playback_position_ms': 27535},,,akili and me - letter a,1
5809309,1754092806,ai.elimu.filamu,,,,akili and me - letter i,33
5809310,1754092832,ai.elimu.filamu,{'video_playback_position_ms': 26374},,,akili and me - letter i,33
5809311,1754092886,ai.elimu.filamu,,,,akili and me - the rectangle song,13
5809312,1754092910,ai.elimu.filamu,{'video_playback_position_ms': 46967},,,akili and me - the rectangle song,13
5809313,1754092993,ai.elimu.filamu,,,,akili and me - the rectangle song,13
5809314,1754093028,ai.elimu.filamu,{'video_playback_position_ms': 50437},,,akili and me - the rectangle song,13
5809315,1754093048,ai.elimu.filamu,,,,akili and me - letter b,2
5809316,1754093090,ai.elimu.filamu,{'video_playback_position_ms': 55665},,,akili and me - letter b,2
5809317,1754093193,ai.elimu.filamu,,,,akili and me - letter i,33
5809318,1754093241,ai.elimu.filamu,{'video_playback_position_ms': 47750},,,akili and me - letter i,33
5809319,1754093257,ai.elimu.filamu,,,,akili and me - the rectangle song,13
5809320,1754093317,ai.elimu.filamu,{'video_playback_position_ms': 46813},,,akili and me - the rectangle song,13
5809321,1754093411,ai.elimu.filamu,,,,akili and me - letter a,1
5809322,1754093443,ai.elimu.filamu,{'video_playback_position_ms': 48602},,,akili and me - letter a,1
5809323,1754093465,ai.elimu.filamu,,,,akili and me - letter b,2
5809324,1754093491,ai.elimu.filamu,{'video_playback_position_ms': 37096},,,akili and me - letter b,2
5809325,1754093597,ai.elimu.filamu,,,,akili and me - letter b,2
5809326,1754093648,ai.elimu.filamu,{'video_playback_position_ms': 14663},,,akili and me - letter b,2
5809357,1754177493,ai.elimu.filamu,,,,akili and me - letter d,4
5809358,1754177533,ai.elimu.filamu,{'video_playback_position_ms': 57872},,,akili and me - letter d,4
5809359,1754177579,ai.elimu.filamu,,,,akili and me - letter b,2
5809360,1754177623,ai.elimu.filamu,{'video_playback_position_ms': 15905},,,akili and me - letter b,2
5809361,1754177699,ai.elimu.filamu,,,,akili and me - letter b,2
5809362,1754177735,ai.elimu.filamu,{'video_playback_position_ms': 13993},,,akili and me - letter b,2
5809363,1754177794,ai.elimu.filamu,,,,[test] a test video,44
5809364,1754177819,ai.elimu.filamu,{'video_playback_position_ms': 20444},,,[test] a test video,44
5809365,1754177856,ai.elimu.filamu,,,,akili and me - letter d,4
5809366,1754177880,ai.elimu.filamu,{'video_playback_position_ms': 12040},,,akili and me - letter d,4
5809367,1754177950,ai.elimu.filamu,,,,akili and me - letter d,4
5809368,1754177953,ai.elimu.filamu,{'video_playback_position_ms': 19639},,,akili and me - letter d,4
5809369,1754177976,ai.elimu.filamu,,,,akili and me - letter d,4
5809370,1754178007,ai.elimu.filamu,{'video_playback_position_ms': 38711},,,akili and me - letter d,4
5809371,1754178110,ai.elimu.filamu,,,,akili and me - letter i,33
5809372,1754178167,ai.elimu.filamu,{'video_playback_position_ms': 49925},,,akili and me - letter i,33
5809373,1754178219,ai.elimu.filamu,,,,akili and me - letter d,4
5809374,1754178255,ai.elimu.filamu,{'video_playback_position_ms': 54654},,,akili and me - letter d,4
5809375,1754178314,ai.elimu.filamu,,,,akili and me - letter i,33
5809376,1754178363,ai.elimu.filamu,{'video_playback_position_ms': 2420},,,akili and me - letter i,33
5809377,1754178458,ai.elimu.filamu,,,,akili and me - letter b,2
5809378,1754178492,ai.elimu.filamu,{'video_playback_position_ms': 48338},,,akili and me - letter b,2
5809379,1754178591,ai.elimu.filamu,,,,akili and me - the rectangle song,13
5809380,1754178641,ai.elimu.filamu,{'video_playback_position_ms': 23395},,,akili and me - the rectangle song,13
5809381,1754178710,ai.elimu.filamu,,,,akili and me - letter c,3
5809382,1754178770,ai.elimu.filamu,{'video_playback_position_ms': 41744},,,akili and me - letter c,3
5809383,1754178867,ai.elimu.filamu,,,,[test] a test video,44
5809384,1754178891,ai.elimu.filamu,{'video_playback_position_ms': 45733},,,[test] a test video,44
5809385,1754178994,ai.elimu.filamu,,,,[test] a test video,44
5809386,1754179035,ai.elimu.filamu,{'video_playback_position_ms': 5815},,,[test] a test video,44
5809387,1754179069,ai.elimu.filamu,,,,akili and me - the rectangle song,13
5809388,1754179111,ai.elimu.filamu,{'video_playback_position_ms': 41679},,,akili and me - the rectangle song,13
5809389,1754179193,ai.elimu.filamu,,,,akili and me - letter i,33
5809390,1754179213,ai.elimu.filamu,{'video_playback_position_ms': 29824},,,akili and me - letter i,33
5809391,1754179314,ai.elimu.filamu,,,,akili and me - letter d,4
5809392,1754179320,ai.elimu.filamu,{'video_playback_position_ms': 21413},,,akili and me - letter d,4
5809393,1754179367,ai.elimu.filamu,,,,akili and me - letter d,4
5809394,1754179402,ai.elimu.filamu,{'video_playback_position_ms': 46452},,,akili and me - letter d,4
5809395,1754265301,ai.elimu.filamu,,,,akili and me - the rectangle song,13
5809396,1754265319,ai.elimu.filamu,{'video_playback_position_ms': 15412},,,akili and me - the rectangle song,13
5809397,1754265380,ai.elimu.filamu,,,,akili and me - letter a,1
5809398,1754265416,ai.elimu.filamu,{'video_playback_position_ms': 50602},,,akili and me - letter a,1
5809399,1754265490,ai.elimu.filamu,,,,akili and me - letter b,2
5809400,1754265520,ai.elimu.filamu,{'video_playback_position_ms': 45000},,,akili and me - letter b,2
5809401,1754265580,ai.elimu.filamu,,,,[test] a test video,44
5809402,1754265629,ai.elimu.filamu,{'video_playback_position_ms': 56695},,,[test] a test video,44
5809403,1754265716,ai.elimu.filamu,,,,akili and me - letter a,1
5809404,1754265760,ai.elimu.filamu,{'video_playback_position_ms': 33614},,,akili and me - letter a,1
5809405,1754265875,ai.elimu.filamu,,,,akili and me - letter c,3
5809406,1754265902,ai.elimu.filamu,{'video_playback_position_ms': 32000},,,akili and me - letter c,3
5809407,1754265942,ai.elimu.filamu,,,,akili and me - letter a,1
5809408,1754265983,ai.elimu.filamu,{'video_playback_position_ms': 22975},,,akili and me - letter a,1
5809409,1754266056,ai.elimu.filamu,,,,akili and me - letter d,4
5809410,1754266077,ai.elimu.filamu,{'video_playback_position_ms': 48405},,,akili and me - letter d,4
5809439,1754350657,ai.elimu.filamu,,,,akili and me - letter i,33
5809440,1754350673,ai.elimu.filamu,{'video_playback_position_ms': 19989},,,akili and me - letter i,33
5809441,1754350783,ai.elimu.filamu,,,,akili and me - the rectangle song,13
5809442,1754350807,ai.elimu.filamu,{'video_playback_position_ms': 44313},,,akili and me - the rectangle song,13
5809443,1754350897,ai.elimu.filamu,,,,akili and me - letter b,2
5809444,1754350940,ai.elimu.filamu,{'video_playback_position_ms': 45622},,,akili and me - letter b,2
5809445,1754351005,ai.elimu.filamu,,,,akili and me - letter a,1
5809446,1754351043,ai.elimu.filamu,{'video_playback_position_ms': 19864},,,akili and me - letter a,1
5809447,1754351125,ai.elimu.filamu,,,,akili and me - letter i,33
5809448,1754351174,ai.elimu.filamu,{'video_playback_position_ms': 22497},,,akili and me - letter i,33
5809449,1754351236,ai.elimu.filamu,,,,akili and me - letter i,33
5809450,1754351288,ai.elimu.filamu,{'video_playback_position_ms': 30646},,,akili and me - letter i,33
5809451,1754351369,ai.elimu.filamu,,,,akili and me - the rectangle song,13
5809452,1754351373,ai.elimu.filamu,{'video_playback_position_ms': 34696},,,akili and me - the rectangle song,13
5809459,1754436729,ai.elimu.filamu,,,,akili and me - letter b,2
5809460,1754436772,ai.elimu.filamu,{'video_playback_position_ms': 49734},,,akili and me - letter b,2
5809461,1754436873,ai.elimu.filamu,,,,akili and me - letter c,3
5809462,1754436898,ai.elimu.filamu,{'video_playback_position_ms': 17053},,,akili and me - letter c,3
5809463,1754436934,ai.elimu.filamu,,,,akili and me - letter c,3
5809464,1754436987,ai.elimu.filamu,{'video_playback_position_ms': 5892},,,akili and me - letter c,3
5809465,1754437105,ai.elimu.filamu,,,,akili and me - letter d,4
5809466,1754437127,ai.elimu.filamu,{'video_playback_position_ms': 50699},,,akili and me - letter d,4
5809467,1754437244,ai.elimu.filamu,,,,akili and me - the rectangle song,13
5809468,1754437267,ai.elimu.filamu,{'video_playback_position_ms': 16742},,,akili and me - the rectangle song,13
5809469,1754437377,ai.elimu.filamu,,,,akili and me - the rectangle song,13
5809470,1754437398,ai.elimu.filamu,{'video_playback_position_ms': 2909},,,akili and me - the rectangle song,13
5809471,1754437507,ai.elimu.filamu,,,,akili and me - letter i,33
5809472,1754437525,ai.elimu.filamu,{'video_playback_position_ms': 22852},,,akili and me - letter i,33
5809473,1754437602,ai.elimu.filamu,,,,[test] a test video,44
5809474,1754437657,ai.elimu.filamu,{'video_playback_position_ms': 18803},,,[test] a test video,44
5809475,1754437703,ai.elimu.filamu,,,,akili and me - letter b,2
5809476,1754437720,ai.elimu.filamu,{'video_playback_position_ms': 54810},,,akili and me - letter b,2
5809477,1754437825,ai.elimu.filamu,,,,akili and me - letter c,3
5809478,1754437835,ai.elimu.filamu,{'video_playback_position_ms': 54474},,,akili and me - letter c,3
5809479,1754437880,ai.elimu.filamu,,,,akili and me - letter i,33
5809480,1754437912,ai.elimu.filamu,{'video_playback_position_ms': 45679},,,akili and me - letter i,33
5809481,1754438002,ai.elimu.filamu,,,,[test] a test video,44
5809482,1754438043,ai.elimu.filamu,{'video_playback_position_ms': 21634},,,[test] a test video,44
5809483,1754438121,ai.elimu.filamu,,,,[test] a test video,44
5809484,1754438176,ai.elimu.filamu,{'video_playback_position_ms': 15733},,,[test] a test video,44
5809485,1754438281,ai.elimu.filamu,,,,akili and me - the rectangle song,13
5809486,1754438340,ai.elimu.filamu,{'video_playback_position_ms': 48009},,,akili and me - the rectangle song,13
5809487,1754438357,ai.elimu.filamu,,,,akili and me - the rectangle song,13
5809488,1754438384,ai.elimu.filamu,{'video_playback_position_ms': 48307},,,akili and me - the rectangle song,13
5809489,1754438402,ai.elimu.filamu,,,,akili and me - letter b,2
5809490,1754438461,ai.elimu.filamu,{'video_playback_position_ms': 42840},,,akili and me - letter b,2
5809554,1754697246,ai.elimu.filamu,,,,akili and me - letter b,2
5809555,1754697306,ai.elimu.filamu,{'video_playback_position_ms': 19764},,,akili and me - letter b,2
5809556,1754697400,ai.elimu.filamu,,,,akili and me - letter d,4
5809557,1754697428,ai.elimu.filamu,{'video_playback_position_ms': 38042},,,akili and me - letter d,4
5809558,1754697490,ai.elimu.filamu,,,,akili and me - letter c,3
5809559,1754697510,ai.elimu.filamu,{'video_playback_position_ms': 10834},,,akili and me - letter c,3
5809560,1754697625,ai.elimu.filamu,,,,akili and me - letter b,2
5809561,1754697664,ai.elimu.filamu,{'video_playback_position_ms': 51077},,,akili and me - letter b,2
5809562,1754697750,ai.elimu.filamu,,,,akili and me - letter d,4
5809563,1754697785,ai.elimu.filamu,{'video_playback_position_ms': 48114},,,akili and me - letter d,4
5809564,1754697883,ai.elimu.filamu,,,,akili and me - letter d,4
5809565,1754697886,ai.elimu.filamu,{'video_playback_position_ms': 55715},,,akili and me - letter d,4
5809566,1754697990,ai.elimu.filamu,,,,akili and me - letter i,33
5809567,1754698040,ai.elimu.filamu,{'video_playback_position_ms': 32863},,,akili and me - letter i,33
5809568,1754698118,ai.elimu.filamu,,,,akili and me - letter a,1
5809569,1754698146,ai.elimu.filamu,{'video_playback_position_ms': 55202},,,akili and me - letter a,1
5809634,1754783391,ai.elimu.filamu,,,,akili and me - letter i,33
5809635,1754783437,ai.elimu.filamu,{'video_playback_position_ms': 38162},,,akili and me - letter i,33
5809636,1754783462,ai.elimu.filamu,,,,akili and me - letter c,3
5809637,1754783466,ai.elimu.filamu,{'video_playback_position_ms': 41005},,,akili and me - letter c,3
5809638,1754783492,ai.elimu.filamu,,,,akili and me - letter d,4
5809639,1754783523,ai.elimu.filamu,{'video_playback_position_ms': 43219},,,akili and me - letter d,4
5809640,1754783576,ai.elimu.filamu,,,,akili and me - letter c,3
5809641,1754783633,ai.elimu.filamu,{'video_playback_position_ms': 3555},,,akili and me - letter c,3
5809642,1754783699,ai.elimu.filamu,,,,akili and me - letter d,4
5809643,1754783741,ai.elimu.filamu,{'video_playback_position_ms': 56914},,,akili and me - letter d,4
5809644,1754783848,ai.elimu.filamu,,,,akili and me - letter d,4
5809645,1754783863,ai.elimu.filamu,{'video_playback_position_ms': 4840},,,akili and me - letter d,4
5809646,1754783904,ai.elimu.filamu,,,,akili and me - letter a,1
5809647,1754783950,ai.elimu.filamu,{'video_playback_position_ms': 54581},,,akili and me - letter a,1
5809648,1754783986,ai.elimu.filamu,,,,akili and me - the rectangle song,13
5809649,1754784028,ai.elimu.filamu,{'video_playback_position_ms': 19243},,,akili and me - the rectangle song,13
5809650,1754784062,ai.elimu.filamu,,,,[test] a test video,44
5809651,1754784119,ai.elimu.filamu,{'video_playback_position_ms': 29955},,,[test] a test video,44
5809712,1754868489,ai.elimu.filamu,,,,akili and me - letter i,33
5809713,1754868516,ai.elimu.filamu,{'video_playback_position_ms': 27349},,,akili and me - letter i,33
5809714,1754868537,ai.elimu.filamu,,,,akili and me - letter b,2
5809715,1754868545,ai.elimu.filamu,{'video_playback_position_ms': 33748},,,akili and me - letter b,2
5809716,1754868585,ai.elimu.filamu,,,,akili and me - letter c,3
5809717,1754868614,ai.elimu.filamu,{'video_playback_position_ms': 27604},,,akili and me - letter c,3
5809718,1754868726,ai.elimu.filamu,,,,akili and me - letter i,33
5809719,1754868785,ai.elimu.filamu,{'video_playback_position_ms': 56730},,,akili and me - letter i,33
5809720,1754868842,ai.elimu.filamu,,,,[test] a test video,44
5809721,1754868878,ai.elimu.filamu,{'video_playback_position_ms': 30885},,,[test] a test video,44
5809726,1754955867,ai.elimu.filamu,,,,[test] a test video,44
5809727,1754955915,ai.elimu.filamu,{'video_playback_position_ms': 16387},,,[test] a test video,44
5809728,1754955953,ai.elimu.filamu,,,,akili and me - letter a,1
5809729,1754955981,ai.elimu.filamu,{'video_playback_position_ms': 54781},,,akili and me - letter a,1
5809730,1754956067,ai.elimu.filamu,,,,akili and me - letter i,33
5809731,1754956092,ai.elimu.filamu,{'video_playback_position_ms': 7162},,,akili and me - letter i,33
5809732,1754956125,ai.elimu.filamu,,,,akili and me - letter a,1
5809733,1754956148,ai.elimu.filamu,{'video_playback_position_ms': 22465},,,akili and me - letter a,1
5809734,1754956180,ai.elimu.filamu,,,,akili and me - the rectangle song,13
5809735,1754956219,ai.elimu.filamu,{'video_playback_position_ms': 51501},,,akili and me - the rectangle song,13
5809736,1754956278,ai.elimu.filamu,,,,[test] a test video,44
5809737,1754956317,ai.elimu.filamu,{'video_playback_position_ms': 13693},,,[test] a test video,44
5809738,1754956399,ai.elimu.filamu,,,,akili and me - letter d,4
5809739,1754956456,ai.elimu.filamu,{'video_playback_position_ms': 9223},,,akili and me - letter d,4
5809774,1755041287,ai.elimu.filamu,,,,akili and me - letter d,4
5809775,1755041296,ai.elimu.filamu,{'video_playback_position_ms': 51406},,,akili and me - letter d,4
5809776,1755041332,ai.elimu.filamu,,,,akili and me - letter b,2
5809777,1755041342,ai.elimu.filamu,{'video_playback_position_ms': 44352},,,akili and me - letter b,2
5809778,1755041418,ai.elimu.filamu,,,,[test] a test video,44
5809779,1755041425,ai.elimu.filamu,{'video_playback_position_ms': 52151},,,[test] a test video,44
5809780,1755041482,ai.elimu.filamu,,,,akili and me - letter d,4
5809781,1755041542,ai.elimu.filamu,{'video_playback_position_ms': 8621},,,akili and me - letter d,4
5809782,1755041609,ai.elimu.filamu,,,,akili and me - letter c,3
5809783,1755041620,ai.elimu.filamu,{'video_playback_position_ms': 10492},,,akili and me - letter c,3
5809784,1755041639,ai.elimu.filamu,,,,akili and me - letter i,33
5809785,1755041663,ai.elimu.filamu,{'video_playback_position_ms': 36253},,,akili and me - letter i,33
5809786,1755041780,ai.elimu.filamu,,,,akili and me - letter b,2
5809787,1755041810,ai.elimu.filamu,{'video_playback_position_ms': 44912},,,akili and me - letter b,2
5809822,1755128223,ai.elimu.filamu,,,,akili and me - letter a,1
5809823,1755128253,ai.elimu.filamu,{'video_playback_position_ms': 8216},,,akili and me - letter a,1
5809824,1755128297,ai.elimu.filamu,,,,[test] a test video,44
5809825,1755128339,ai.elimu.filamu,{'video_playback_position_ms': 54974},,,[test] a test video,44
5809826,1755128378,ai.elimu.filamu,,,,akili and me - letter b,2
5809827,1755128397,ai.elimu.filamu,{'video_playback_position_ms': 34075},,,akili and me - letter b,2
5809828,1755128502,ai.elimu.filamu,,,,[test] a test video,44
5809829,1755128540,ai.elimu.filamu,{'video_playback_position_ms': 47905},,,[test] a test video,44
5809830,1755128616,ai.elimu.filamu,,,,akili and me - letter a,1
5809831,1755128675,ai.elimu.filamu,{'video_playback_position_ms': 2150},,,akili and me - letter a,1
5809832,1755128697,ai.elimu.filamu,,,,akili and me - the rectangle song,13
5809833,1755128733,ai.elimu.filamu,{'video_playback_position_ms': 50637},,,akili and me - the rectangle song,13
5809870,1755215227,ai.elimu.filamu,,,,akili and me - the rectangle song,13
5809871,1755215265,ai.elimu.filamu,{'video_playback_position_ms': 31932},,,akili and me - the rectangle song,13
5809872,1755215358,ai.elimu.filamu,,,,akili and me - letter a,1
5809873,1755215406,ai.elimu.filamu,{'video_playback_position_ms': 19612},,,akili and me - letter a,1
5809874,1755215481,ai.elimu.filamu,,,,akili and me - letter c,3
5809875,1755215510,ai.elimu.filamu,{'video_playback_position_ms': 19952},,,akili and me - letter c,3
5809876,1755215583,ai.elimu.filamu,,,,akili and me - the rectangle song,13
5809877,1755215637,ai.elimu.filamu,{'video_playback_position_ms': 36350},,,akili and me - the rectangle song,13
5809878,1755215735,ai.elimu.filamu,,,,akili and me - the rectangle song,13
5809879,1755215775,ai.elimu.filamu,{'video_playback_position_ms': 24330},,,akili and me - the rectangle song,13
5809880,1755215799,ai.elimu.filamu,,,,akili and me - letter c,3
5809881,1755215843,ai.elimu.filamu,{'video_playback_position_ms': 40250},,,akili and me - letter c,3
5809882,1755215944,ai.elimu.filamu,,,,akili and me - letter i,33
5809883,1755215971,ai.elimu.filamu,{'video_playback_position_ms': 36782},,,akili and me - letter i,33
5809884,1755216032,ai.elimu.filamu,,,,[test] a test video,44
5809885,1755216038,ai.elimu.filamu,{'video_playback_position_ms': 11421},,,[test] a test video,44
5809924,1755300448,ai.elimu.filamu,,,,akili and me - letter d,4
5809925,1755300497,ai.elimu.filamu,{'video_playback_position_ms': 21296},,,akili and me - letter d,4
5809926,1755300567,ai.elimu.filamu,,,,akili and me - letter i,33
5809927,1755300618,ai.elimu.filamu,{'video_playback_position_ms': 25745},,,akili and me - letter i,33
5809928,1755300697,ai.elimu.filamu,,,,akili and me - letter i,33
5809929,1755300757,ai.elimu.filamu,{'video_playback_position_ms': 47387},,,akili and me - letter i,33
5809930,1755300864,ai.elimu.filamu,,,,[test] a test video,44
5809931,1755300922,ai.elimu.filamu,{'video_playback_position_ms': 5559},,,[test] a test video,44
5809932,1755301036,ai.elimu.filamu,,,,akili and me - the rectangle song,13
5809933,1755301038,ai.elimu.filamu,{'video_playback_position_ms': 52281},,,akili and me - the rectangle song,13
5809934,1755301062,ai.elimu.filamu,,,,[test] a test video,44
5809935,1755301101,ai.elimu.filamu,{'video_playback_position_ms': 32974},,,[test] a test video,44
5809936,1755301209,ai.elimu.filamu,,,,akili and me - letter i,33
5809937,1755301234,ai.elimu.filamu,{'video_playback_position_ms': 42757},,,akili and me - letter i,33
5809938,1755301326,ai.elimu.filamu,,,,akili and me - letter i,33
5809939,1755301352,ai.elimu.filamu,{'video_playback_position_ms': 3762},,,akili and me - letter i,33
5809940,1755301421,ai.elimu.filamu,,,,akili and me - letter b,2
5809941,1755301476,ai.elimu.filamu,{'video_playback_position_ms': 12890},,,akili and me - letter b,2
5809942,1755301551,ai.elimu.filamu,,,,akili and me - letter i,33
5809943,1755301578,ai.elimu.filamu,{'video_playback_position_ms': 35404},,,akili and me - letter i,33
5809944,1755301665,ai.elimu.filamu,,,,akili and me - letter d,4
5809945,1755301707,ai.elimu.filamu,{'video_playback_position_ms': 41217},,,akili and me - letter d,4
5809946,1755301733,ai.elimu.filamu,,,,akili and me - letter i,33
5809947,1755301774,ai.elimu.filamu,{'video_playback_position_ms': 6385},,,akili and me - letter i,33
5809948,1755301853,ai.elimu.filamu,,,,akili and me - letter i,33
5809949,1755301856,ai.elimu.filamu,{'video_playback_position_ms': 24491},,,akili and me - letter i,33
5809950,1755386830,ai.elimu.filamu,,,,akili and me - letter b,2
5809951,1755386842,ai.elimu.filamu,{'video_playback_position_ms': 17090},,,akili and me - letter b,2
5809952,1755386943,ai.elimu.filamu,,,,akili and me - the rectangle song,13
5809953,1755386971,ai.elimu.filamu,{'video_playback_position_ms': 14463},,,akili and me - the rectangle song,13
5809954,1755387052,ai.elimu.filamu,,,,akili and me - letter b,2
5809955,1755387076,ai.elimu.filamu,{'video_playback_position_ms': 54001},,,akili and me - letter b,2
5809956,1755387183,ai.elimu.filamu,,,,akili and me - letter b,2
5809957,1755387207,ai.elimu.filamu,{'video_playback_position_ms': 7201},,,akili and me - letter b,2
5809958,1755387289,ai.elimu.filamu,,,,akili and me - letter a,1
5809959,1755387335,ai.elimu.filamu,{'video_playback_position_ms': 42395},,,akili and me - letter a,1
5809960,1755387444,ai.elimu.filamu,,,,akili and me - letter b,2
5809961,1755387487,ai.elimu.filamu,{'video_playback_position_ms': 14778},,,akili and me - letter b,2
5809962,1755387604,ai.elimu.filamu,,,,akili and me - letter d,4
5809963,1755387630,ai.elimu.filamu,{'video_playback_position_ms': 11857},,,akili and me - letter d,4
5809964,1755387655,ai.elimu.filamu,,,,[test] a test video,44
5809965,1755387669,ai.elimu.filamu,{'video_playback_position_ms': 4055},,,[test] a test video,44
5809966,1755387709,ai.elimu.filamu,,,,akili and me - letter c,3
5809967,1755387729,ai.elimu.filamu,{'video_playback_position_ms': 6133},,,akili and me - letter c,3
5809968,1755387774,ai.elimu.filamu,,,,akili and me - letter i,33
5809969,1755387799,ai.elimu.filamu,{'video_playback_position_ms': 53813},,,akili and me - letter i,33
5809970,1755387871,ai.elimu.filamu,,,,akili and me - letter a,1
5809971,1755387874,ai.elimu.filamu,{'video_playback_position_ms': 40038},,,akili and me - letter a,1
5809972,1755387961,ai.elimu.filamu,,,,akili and me - letter a,1
5809973,1755387971,ai.elimu.filamu,{'video_playback_position_ms': 11775},,,akili and me - letter a,1
5810012,1755559673,ai.elimu.filamu,,,,akili and me - letter a,1
5810013,1755559697,ai.elimu.filamu,{'video_playback_position_ms': 40371},,,akili and me - letter a,1
5810014,1755559806,ai.elimu.filamu,,,,akili and me - letter a,1
5810015,1755559862,ai.elimu.filamu,{'video_playback_position_ms': 6683},,,akili and me - letter a,1
5810016,1755559891,ai.elimu.filamu,,,,akili and me - the rectangle song,13
5810017,1755559913,ai.elimu.filamu,{'video_playback_position_ms': 17901},,,akili and me - the rectangle song,13
5810018,1755560007,ai.elimu.filamu,,,,akili and me - the rectangle song,13
5810019,1755560023,ai.elimu.filamu,{'video_playback_position_ms': 39395},,,akili and me - the rectangle song,13
5810020,1755560117,ai.elimu.filamu,,,,akili and me - letter a,1
5810021,1755560151,ai.elimu.filamu,{'video_playback_position_ms': 29425},,,akili and me - letter a,1
5810022,1755560240,ai.elimu.filamu,,,,akili and me - letter d,4
5810023,1755560276,ai.elimu.filamu,{'video_playback_position_ms': 29775},,,akili and me - letter d,4
5810024,1755560382,ai.elimu.filamu,,,,akili and me - the rectangle song,13
5810025,1755560407,ai.elimu.filamu,{'video_playback_position_ms': 13626},,,akili and me - the rectangle song,13
5810026,1755560438,ai.elimu.filamu,,,,akili and me - the rectangle song,13
5810027,1755560461,ai.elimu.filamu,{'video_playback_position_ms': 8475},,,akili and me - the rectangle song,13
5810028,1755560522,ai.elimu.filamu,,,,akili and me - the rectangle song,13
5810029,1755560565,ai.elimu.filamu,{'video_playback_position_ms': 28058},,,akili and me - the rectangle song,13
5810036,1755596117,ai.elimu.filamu,,,,akili and me - letter i,33
5810037,1755596169,ai.elimu.filamu,{'video_playback_position_ms': 55960},,,akili and me - letter i,33
5810038,1755596201,ai.elimu.filamu,,,,akili and me - the rectangle song,13
5810039,1755596214,ai.elimu.filamu,{'video_playback_position_ms': 58393},,,akili and me - the rectangle song,13
5810040,1755596301,ai.elimu.filamu,,,,akili and me - letter c,3
5810041,1755596355,ai.elimu.filamu,{'video_playback_position_ms': 36279},,,akili and me - letter c,3
5810042,1755596449,ai.elimu.filamu,,,,[test] a test video,44
5810043,1755596461,ai.elimu.filamu,{'video_playback_position_ms': 55454},,,[test] a test video,44
5810044,1755596568,ai.elimu.filamu,,,,akili and me - the rectangle song,13
5810045,1755596611,ai.elimu.filamu,{'video_playback_position_ms': 40793},,,akili and me - the rectangle song,13
5810046,1755596689,ai.elimu.filamu,,,,akili and me - letter i,33
5810047,1755596723,ai.elimu.filamu,{'video_playback_position_ms': 49234},,,akili and me - letter i,33
5810048,1755596819,ai.elimu.filamu,,,,akili and me - letter c,3
5810049,1755596847,ai.elimu.filamu,{'video_playback_position_ms': 46045},,,akili and me - letter c,3
5810050,1755596910,ai.elimu.filamu,,,,akili and me - letter c,3
5810051,1755596917,ai.elimu.filamu,{'video_playback_position_ms': 4005},,,akili and me - letter c,3
5810052,1755596985,ai.elimu.filamu,,,,akili and me - letter i,33
5810053,1755597034,ai.elimu.filamu,{'video_playback_position_ms': 46789},,,akili and me - letter i,33
5810054,1755597075,ai.elimu.filamu,,,,akili and me - the rectangle song,13
5810055,1755597116,ai.elimu.filamu,{'video_playback_position_ms': 41874},,,akili and me - the rectangle song,13
5810056,1755597215,ai.elimu.filamu,,,,akili and me - the rectangle song,13
5810057,1755597272,ai.elimu.filamu,{'video_playback_position_ms': 7962},,,akili and me - the rectangle song,13
5810058,1755597313,ai.elimu.filamu,,,,[test] a test video,44
5810059,1755597339,ai.elimu.filamu,{'video_playback_position_ms': 8366},,,[test] a test video,44
5810060,1755597410,ai.elimu.filamu,,,,akili and me - letter a,1
5810061,1755597465,ai.elimu.filamu,{'video_playback_position_ms': 18692},,,akili and me - letter a,1
5810062,1755597551,ai.elimu.filamu,,,,akili and me - letter i,33
5810063,1755597604,ai.elimu.filamu,{'video_playback_position_ms': 41127},,,akili and me - letter i,33
5810064,1755597639,ai.elimu.filamu,,,,akili and me - letter i,33
5810065,1755597664,ai.elimu.filamu,{'video_playback_position_ms': 14483},,,akili and me - letter i,33
5810066,1755597729,ai.elimu.filamu,,,,akili and me - letter a,1
5810067,1755597783,ai.elimu.filamu,{'video_playback_position_ms': 59008},,,akili and me - letter a,1
5810068,1755597798,ai.elimu.filamu,,,,akili and me - the rectangle song,13
5810069,1755597855,ai.elimu.filamu,{'video_playback_position_ms': 52699},,,akili and me - the rectangle song,13
5810070,1755597921,ai.elimu.filamu,,,,akili and me - letter a,1
5810071,1755597954,ai.elimu.filamu,{'video_playback_position_ms': 51456},,,akili and me - letter a,1
5810072,1755598056,ai.elimu.filamu,,,,akili and me - letter c,3
5810073,1755598114,ai.elimu.filamu,{'video_playback_position_ms': 4756},,,akili and me - letter c,3
5810114,1757115680,ai.elimu.filamu,,,,[test] a test video,44
5810115,1757115726,ai.elimu.filamu,{'video_playback_position_ms': 21353},,,[test] a test video,44
5810116,1757115807,ai.elimu.filamu,,,,akili and me - letter b,2
5810117,1757115852,ai.elimu.filamu,{'video_playback_position_ms': 56279},,,akili and me - letter b,2
5810118,1757115900,ai.elimu.filamu,,,,akili and me - the rectangle song,13
5810119,1757115903,ai.elimu.filamu,{'video_playback_position_ms': 32239},,,akili and me - the rectangle song,13
5810120,1757115924,ai.elimu.filamu,,,,[test] a test video,44
5810121,1757115975,ai.elimu.filamu,{'video_playback_position_ms': 8897},,,[test] a test video,44
5810122,1757116089,ai.elimu.filamu,,,,[test] a test video,44
5810123,1757116111,ai.elimu.filamu,{'video_playback_position_ms': 20374},,,[test] a test video,44
5810124,1757116212,ai.elimu.filamu,,,,akili and me - letter c,3
5810125,1757116258,ai.elimu.filamu,{'video_playback_position_ms': 4348},,,akili and me - letter c,3
5810126,1757116373,ai.elimu.filamu,,,,akili and me - letter d,4
5810127,1757116417,ai.elimu.filamu,{'video_playback_position_ms': 54381},,,akili and me - letter d,4
5810128,1757116484,ai.elimu.filamu,,,,akili and me - letter i,33
5810129,1757116534,ai.elimu.filamu,{'video_playback_position_ms': 21086},,,akili and me - letter i,33
5810130,1757116619,ai.elimu.filamu,,,,akili and me - the rectangle song,13
5810131,1757116635,ai.elimu.filamu,{'video_playback_position_ms': 36576},,,akili and me - the rectangle song,13
5810132,1757116699,ai.elimu.filamu,,,,[test] a test video,44
5810133,1757116706,ai.elimu.filamu,{'video_playback_position_ms': 38760},,,[test] a test video,44
5810134,1757116745,ai.elimu.filamu,,,,akili and me - the rectangle song,13
5810135,1757116791,ai.elimu.filamu,{'video_playback_position_ms': 11192},,,akili and me - the rectangle song,13
5810198,1757288772,ai.elimu.filamu,,,,akili and me - letter c,3
5810199,1757288796,ai.elimu.filamu,{'video_playback_position_ms': 34413},,,akili and me - letter c,3
5810200,1757288913,ai.elimu.filamu,,,,akili and me - letter c,3
5810201,1757288927,ai.elimu.filamu,{'video_playback_position_ms': 15568},,,akili and me - letter c,3
5810202,1757288965,ai.elimu.filamu,,,,[test] a test video,44
5810203,1757288991,ai.elimu.filamu,{'video_playback_position_ms': 23640},,,[test] a test video,44
5810204,1757289083,ai.elimu.filamu,,,,akili and me - letter i,33
5810205,1757289119,ai.elimu.filamu,{'video_playback_position_ms': 46269},,,akili and me - letter i,33
5810206,1757289145,ai.elimu.filamu,,,,akili and me - letter i,33
5810207,1757289169,ai.elimu.filamu,{'video_playback_position_ms': 59118},,,akili and me - letter i,33
5810208,1757289213,ai.elimu.filamu,,,,akili and me - the rectangle song,13
5810209,1757289266,ai.elimu.filamu,{'video_playback_position_ms': 51375},,,akili and me - the rectangle song,13
5810210,1757289375,ai.elimu.filamu,,,,akili and me - letter c,3
5810211,1757289406,ai.elimu.filamu,{'video_playback_position_ms': 40502},,,akili and me - letter c,3
5810272,1757461540,ai.elimu.filamu,,,,akili and me - letter c,3
5810273,1757461594,ai.elimu.filamu,{'video_playback_position_ms': 40108},,,akili and me - letter c,3
5810274,1757461632,ai.elimu.filamu,,,,akili and me - letter c,3
5810275,1757461655,ai.elimu.filamu,{'video_playback_position_ms': 14954},,,akili and me - letter c,3
5810276,1757461761,ai.elimu.filamu,,,,akili and me - letter a,1
5810277,1757461785,ai.elimu.filamu,{'video_playback_position_ms': 20762},,,akili and me - letter a,1
5810278,1757461871,ai.elimu.filamu,,,,[test] a test video,44
5810279,1757461929,ai.elimu.filamu,{'video_playback_position_ms': 26936},,,[test] a test video,44
5810280,1757461974,ai.elimu.filamu,,,,[test] a test video,44
5810281,1757461992,ai.elimu.filamu,{'video_playback_position_ms': 40568},,,[test] a test video,44
5810282,1757462045,ai.elimu.filamu,,,,akili and me - letter a,1
5810283,1757462085,ai.elimu.filamu,{'video_playback_position_ms': 59514},,,akili and me - letter a,1
5810284,1757462179,ai.elimu.filamu,,,,akili and me - letter c,3
5810285,1757462210,ai.elimu.filamu,{'video_playback_position_ms': 53055},,,akili and me - letter c,3
5810286,1757462270,ai.elimu.filamu,,,,akili and me - letter i,33
5810287,1757462323,ai.elimu.filamu,{'video_playback_position_ms': 24039},,,akili and me - letter i,33
5810288,1757462385,ai.elimu.filamu,,,,[test] a test video,44
5810289,1757462392,ai.elimu.filamu,{'video_playback_position_ms': 19681},,,[test] a test video,44
5810290,1757462408,ai.elimu.filamu,,,,akili and me - letter d,4
5810291,1757462422,ai.elimu.filamu,{'video_playback_position_ms': 15330},,,akili and me - letter d,4
5810292,1757462534,ai.elimu.filamu,,,,akili and me - letter i,33
5810293,1757462540,ai.elimu.filamu,{'video_playback_position_ms': 25913},,,akili and me - letter i,33
5810294,1757462585,ai.elimu.filamu,,,,akili and me - the rectangle song,13
5810295,1757462623,ai.elimu.filamu,{'video_playback_position_ms': 34186},,,akili and me - the rectangle song,13
5810296,1757462671,ai.elimu.filamu,,,,akili and me - letter d,4
5810297,1757462727,ai.elimu.filamu,{'video_playback_position_ms': 24462},,,akili and me - letter d,4
5810298,1757462797,ai.elimu.filamu,,,,akili and me - letter a,1
5810299,1757462837,ai.elimu.filamu,{'video_playback_position_ms': 35549},,,akili and me - letter a,1
5810300,1757462902,ai.elimu.filamu,,,,akili and me - letter c,3
5810301,1757462904,ai.elimu.filamu,{'video_playback_position_ms': 45312},,,akili and me - letter c,3
5810302,1757462969,ai.elimu.filamu,,,,akili and me - letter c,3
5810303,1757463014,ai.elimu.filamu,{'video_playback_position_ms': 24314},,,akili and me - letter c,3
5810304,1757463066,ai.elimu.filamu,,,,akili and me - letter d,4
5810305,1757463095,ai.elimu.filamu,{'video_playback_position_ms': 6705},,,akili and me - letter d,4
5810306,1757463122,ai.elimu.filamu,,,,akili and me - letter i,33
5810307,1757463148,ai.elimu.filamu,{'video_playback_position_ms': 23068},,,akili and me - letter i,33
5810308,1757463178,ai.elimu.filamu,,,,akili and me - the rectangle song,13
5810309,1757463206,ai.elimu.filamu,{'video_playback_position_ms': 8121},,,akili and me - the rectangle song,13
5810370,1757547405,ai.elimu.filamu,,,,akili and me - letter b,2
5810371,1757547459,ai.elimu.filamu,{'video_playback_position_ms': 42289},,,akili and me - letter b,2
5810372,1757547579,ai.elimu.filamu,,,,akili and me - letter a,1
5810373,1757547620,ai.elimu.filamu,{'video_playback_position_ms': 43048},,,akili and me - letter a,1
5810374,1757547687,ai.elimu.filamu,,,,akili and me - letter a,1
5810375,1757547690,ai.elimu.filamu,{'video_playback_position_ms': 58308},,,akili and me - letter a,1
5810376,1757547750,ai.elimu.filamu,,,,akili and me - the rectangle song,13
5810377,1757547771,ai.elimu.filamu,{'video_playback_position_ms': 34714},,,akili and me - the rectangle song,13
5810378,1757547823,ai.elimu.filamu,,,,akili and me - letter a,1
5810379,1757547856,ai.elimu.filamu,{'video_playback_position_ms': 1263},,,akili and me - letter a,1
5810380,1757547916,ai.elimu.filamu,,,,akili and me - letter b,2
5810381,1757547962,ai.elimu.filamu,{'video_playback_position_ms': 19930},,,akili and me - letter b,2
5810382,1757548033,ai.elimu.filamu,,,,akili and me - letter i,33
5810383,1757548058,ai.elimu.filamu,{'video_playback_position_ms': 38213},,,akili and me - letter i,33
5810384,1757548147,ai.elimu.filamu,,,,akili and me - letter d,4
5810385,1757548179,ai.elimu.filamu,{'video_playback_position_ms': 18060},,,akili and me - letter d,4
5810386,1757548276,ai.elimu.filamu,,,,[test] a test video,44
5810387,1757548304,ai.elimu.filamu,{'video_playback_position_ms': 49705},,,[test] a test video,44
5810388,1757548411,ai.elimu.filamu,,,,akili and me - letter c,3
5810389,1757548470,ai.elimu.filamu,{'video_playback_position_ms': 37890},,,akili and me - letter c,3
5810390,1757548546,ai.elimu.filamu,,,,akili and me - letter c,3
5810391,1757548563,ai.elimu.filamu,{'video_playback_position_ms': 22415},,,akili and me - letter c,3
5810392,1757548665,ai.elimu.filamu,,,,akili and me - the rectangle song,13
5810393,1757548702,ai.elimu.filamu,{'video_playback_position_ms': 45001},,,akili and me - the rectangle song,13
5810394,1757548765,ai.elimu.filamu,,,,akili and me - letter c,3
5810395,1757548808,ai.elimu.filamu,{'video_playback_position_ms': 51996},,,akili and me - letter c,3
5810396,1757548880,ai.elimu.filamu,,,,akili and me - letter a,1
5810397,1757548892,ai.elimu.filamu,{'video_playback_position_ms': 4975},,,akili and me - letter a,1
5810398,1757548993,ai.elimu.filamu,,,,akili and me - letter c,3
5810399,1757549003,ai.elimu.filamu,{'video_playback_position_ms': 37585},,,akili and me - letter c,3
5810468,1757720121,ai.elimu.filamu,,,,[test] a test video,44
5810469,1757720124,ai.elimu.filamu,{'video_playback_position_ms': 47266},,,[test] a test video,44
5810470,1757720162,ai.elimu.filamu,,,,[test] a test video,44
5810471,1757720180,ai.elimu.filamu,{'video_playback_position_ms': 40320},,,[test] a test video,44
5810472,1757720272,ai.elimu.filamu,,,,akili and me - letter c,3
5810473,1757720322,ai.elimu.filamu,{'video_playback_position_ms': 9587},,,akili and me - letter c,3
5810474,1757720426,ai.elimu.filamu,,,,akili and me - letter b,2
5810475,1757720448,ai.elimu.filamu,{'video_playback_position_ms': 53644},,,akili and me - letter b,2
5810476,1757720525,ai.elimu.filamu,,,,[test] a test video,44
5810477,1757720547,ai.elimu.filamu,{'video_playback_position_ms': 23246},,,[test] a test video,44
5810478,1757720633,ai.elimu.filamu,,,,akili and me - letter i,33
5810479,1757720691,ai.elimu.filamu,{'video_playback_position_ms': 38606},,,akili and me - letter i,33
5810480,1757720809,ai.elimu.filamu,,,,akili and me - letter d,4
5810481,1757720837,ai.elimu.filamu,{'video_playback_position_ms': 58789},,,akili and me - letter d,4
5810482,1757720924,ai.elimu.filamu,,,,akili and me - letter d,4
5810483,1757720932,ai.elimu.filamu,{'video_playback_position_ms': 26968},,,akili and me - letter d,4
5810484,1757720949,ai.elimu.filamu,,,,akili and me - letter d,4
5810485,1757721000,ai.elimu.filamu,{'video_playback_position_ms': 8210},,,akili and me - letter d,4
5810486,1757721050,ai.elimu.filamu,,,,akili and me - letter c,3
5810487,1757721080,ai.elimu.filamu,{'video_playback_position_ms': 48873},,,akili and me - letter c,3
5810488,1757721182,ai.elimu.filamu,,,,[test] a test video,44
5810489,1757721239,ai.elimu.filamu,{'video_playback_position_ms': 52708},,,[test] a test video,44
5810490,1757721257,ai.elimu.filamu,,,,akili and me - the rectangle song,13
5810491,1757721302,ai.elimu.filamu,{'video_playback_position_ms': 58397},,,akili and me - the rectangle song,13
5810492,1757721372,ai.elimu.filamu,,,,akili and me - letter a,1
5810493,1757721411,ai.elimu.filamu,{'video_playback_position_ms': 24807},,,akili and me - letter a,1
5810494,1757721506,ai.elimu.filamu,,,,akili and me - letter d,4
5810495,1757721542,ai.elimu.filamu,{'video_playback_position_ms': 46957},,,akili and me - letter d,4
5810496,1757721560,ai.elimu.filamu,,,,akili and me - letter c,3
5810497,1757721605,ai.elimu.filamu,{'video_playback_position_ms': 47759},,,akili and me - letter c,3
5810498,1757721654,ai.elimu.filamu,,,,akili and me - letter a,1
5810499,1757721701,ai.elimu.filamu,{'video_playback_position_ms': 35663},,,akili and me - letter a,1
5810500,1757721792,ai.elimu.filamu,,,,akili and me - letter i,33
5810501,1757721822,ai.elimu.filamu,{'video_playback_position_ms': 17787},,,akili and me - letter i,33
5810502,1757721856,ai.elimu.filamu,,,,akili and me - letter b,2
5810503,1757721895,ai.elimu.filamu,{'video_playback_position_ms': 57113},,,akili and me - letter b,2
5810504,1757721949,ai.elimu.filamu,,,,akili and me - the rectangle song,13
5810505,1757721988,ai.elimu.filamu,{'video_playback_position_ms': 18971},,,akili and me - the rectangle song,13
5810610,1757979351,ai.elimu.filamu,,,,akili and me - letter b,2
5810611,1757979383,ai.elimu.filamu,{'video_playback_position_ms': 9697},,,akili and me - letter b,2
5810612,1757979411,ai.elimu.filamu,,,,akili and me - the rectangle song,13
5810613,1757979464,ai.elimu.filamu,{'video_playback_position_ms': 30657},,,akili and me - the rectangle song,13
5810614,1757979515,ai.elimu.filamu,,,,akili and me - letter b,2
5810615,1757979535,ai.elimu.filamu,{'video_playback_position_ms': 3715},,,akili and me - letter b,2
5810616,1757979620,ai.elimu.filamu,,,,akili and me - letter i,33
5810617,1757979637,ai.elimu.filamu,{'video_playback_position_ms': 22845},,,akili and me - letter i,33
5810632,1758065262,ai.elimu.filamu,,,,akili and me - letter d,4
5810633,1758065274,ai.elimu.filamu,{'video_playback_position_ms': 3250},,,akili and me - letter d,4
5810634,1758065312,ai.elimu.filamu,,,,akili and me - letter i,33
5810635,1758065353,ai.elimu.filamu,{'video_playback_position_ms': 17788},,,akili and me - letter i,33
5810636,1758065393,ai.elimu.filamu,,,,[test] a test video,44
5810637,1758065437,ai.elimu.filamu,{'video_playback_position_ms': 38308},,,[test] a test video,44
5810638,1758065555,ai.elimu.filamu,,,,akili and me - letter c,3
5810639,1758065569,ai.elimu.filamu,{'video_playback_position_ms': 47270},,,akili and me - letter c,3
5810640,1758065598,ai.elimu.filamu,,,,akili and me - letter i,33
5810641,1758065604,ai.elimu.filamu,{'video_playback_position_ms': 18503},,,akili and me - letter i,33
5810642,1758065669,ai.elimu.filamu,,,,akili and me - letter a,1
5810643,1758065704,ai.elimu.filamu,{'video_playback_position_ms': 42452},,,akili and me - letter a,1
5810644,1758065723,ai.elimu.filamu,,,,akili and me - letter d,4
5810645,1758065761,ai.elimu.filamu,{'video_playback_position_ms': 8776},,,akili and me - letter d,4
5810646,1758065855,ai.elimu.filamu,,,,[test] a test video,44
5810647,1758065860,ai.elimu.filamu,{'video_playback_position_ms': 52747},,,[test] a test video,44
5810673,1758412321,ai.elimu.filamu,,,,akili and me - letter d,4
5810674,1758412355,ai.elimu.filamu,{'video_playback_position_ms': 35422},,,akili and me - letter d,4
5810675,1758412473,ai.elimu.filamu,,,,[test] a test video,44
5810676,1758412500,ai.elimu.filamu,{'video_playback_position_ms': 30840},,,[test] a test video,44
5810677,1758412536,ai.elimu.filamu,,,,akili and me - letter i,33
5810678,1758412539,ai.elimu.filamu,{'video_playback_position_ms': 36200},,,akili and me - letter i,33
5810679,1758412637,ai.elimu.filamu,,,,akili and me - letter b,2
5810680,1758412674,ai.elimu.filamu,{'video_playback_position_ms': 8791},,,akili and me - letter b,2
5810681,1758412723,ai.elimu.filamu,,,,akili and me - letter c,3
5810682,1758412750,ai.elimu.filamu,{'video_playback_position_ms': 33913},,,akili and me - letter c,3
5810683,1758412868,ai.elimu.filamu,,,,[test] a test video,44
5810684,1758412871,ai.elimu.filamu,{'video_playback_position_ms': 29196},,,[test] a test video,44
5810685,1758412981,ai.elimu.filamu,,,,akili and me - the rectangle song,13
5810686,1758413027,ai.elimu.filamu,{'video_playback_position_ms': 3501},,,akili and me - the rectangle song,13
5810687,1758413083,ai.elimu.filamu,,,,akili and me - letter c,3
5810688,1758413117,ai.elimu.filamu,{'video_playback_position_ms': 33230},,,akili and me - letter c,3
5810769,1758584009,ai.elimu.filamu,,,,akili and me - letter d,4
5810770,1758584061,ai.elimu.filamu,{'video_playback_position_ms': 31602},,,akili and me - letter d,4
5810771,1758584121,ai.elimu.filamu,,,,akili and me - letter a,1
5810772,1758584164,ai.elimu.filamu,{'video_playback_position_ms': 5804},,,akili and me - letter a,1
5810773,1758584264,ai.elimu.filamu,,,,akili and me - letter c,3
5810774,1758584277,ai.elimu.filamu,{'video_playback_position_ms': 23530},,,akili and me - letter c,3
5810775,1758584316,ai.elimu.filamu,,,,akili and me - letter a,1
5810776,1758584331,ai.elimu.filamu,{'video_playback_position_ms': 57284},,,akili and me - letter a,1
5810777,1758584407,ai.elimu.filamu,,,,akili and me - letter c,3
5810778,1758584418,ai.elimu.filamu,{'video_playback_position_ms': 49107},,,akili and me - letter c,3
5810779,1758584443,ai.elimu.filamu,,,,akili and me - letter i,33
5810780,1758584477,ai.elimu.filamu,{'video_playback_position_ms': 43078},,,akili and me - letter i,33
5810781,1758584526,ai.elimu.filamu,,,,[test] a test video,44
5810782,1758584566,ai.elimu.filamu,{'video_playback_position_ms': 15717},,,[test] a test video,44
5810783,1758584581,ai.elimu.filamu,,,,akili and me - the rectangle song,13
5810784,1758584609,ai.elimu.filamu,{'video_playback_position_ms': 6146},,,akili and me - the rectangle song,13
5810785,1758584710,ai.elimu.filamu,,,,akili and me - the rectangle song,13
5810786,1758584743,ai.elimu.filamu,{'video_playback_position_ms': 33860},,,akili and me - the rectangle song,13
5810787,1758584840,ai.elimu.filamu,,,,[test] a test video,44
5810788,1758584853,ai.elimu.filamu,{'video_playback_position_ms': 22264},,,[test] a test video,44
5810819,1758670800,ai.elimu.filamu,,,,akili and me - letter d,4
5810820,1758670847,ai.elimu.filamu,{'video_playback_position_ms': 16701},,,akili and me - letter d,4
5810821,1758670902,ai.elimu.filamu,,,,akili and me - letter d,4
5810822,1758670948,ai.elimu.filamu,{'video_playback_position_ms': 5250},,,akili and me - letter d,4
5810823,1758671035,ai.elimu.filamu,,,,akili and me - letter c,3
5810824,1758671042,ai.elimu.filamu,{'video_playback_position_ms': 33251},,,akili and me - letter c,3
5810825,1758671124,ai.elimu.filamu,,,,akili and me - letter i,33
5810826,1758671133,ai.elimu.filamu,{'video_playback_position_ms': 42080},,,akili and me - letter i,33
5810827,1758671205,ai.elimu.filamu,,,,akili and me - letter a,1
5810828,1758671261,ai.elimu.filamu,{'video_playback_position_ms': 36841},,,akili and me - letter a,1
5810847,1758757693,ai.elimu.filamu,,,,akili and me - letter c,3
5810848,1758757737,ai.elimu.filamu,{'video_playback_position_ms': 17623},,,akili and me - letter c,3
5810849,1758757761,ai.elimu.filamu,,,,akili and me - letter c,3
5810850,1758757810,ai.elimu.filamu,{'video_playback_position_ms': 55134},,,akili and me - letter c,3
5810851,1758757878,ai.elimu.filamu,,,,akili and me - the rectangle song,13
5810852,1758757919,ai.elimu.filamu,{'video_playback_position_ms': 49406},,,akili and me - the rectangle song,13
5810853,1758758023,ai.elimu.filamu,,,,akili and me - letter i,33
5810854,1758758032,ai.elimu.filamu,{'video_playback_position_ms': 12519},,,akili and me - letter i,33
5810855,1758758060,ai.elimu.filamu,,,,akili and me - letter c,3
5810856,1758758119,ai.elimu.filamu,{'video_playback_position_ms': 18253},,,akili and me - letter c,3
5810857,1758758212,ai.elimu.filamu,,,,akili and me - letter b,2
5810858,1758758237,ai.elimu.filamu,{'video_playback_position_ms': 28105},,,akili and me - letter b,2
5810859,1758758350,ai.elimu.filamu,,,,akili and me - letter a,1
5810860,1758758392,ai.elimu.filamu,{'video_playback_position_ms': 53347},,,akili and me - letter a,1
5810861,1758758443,ai.elimu.filamu,,,,akili and me - letter d,4
5810862,1758758459,ai.elimu.filamu,{'video_playback_position_ms': 51904},,,akili and me - letter d,4
5810863,1758758520,ai.elimu.filamu,,,,akili and me - letter d,4
5810864,1758758524,ai.elimu.filamu,{'video_playback_position_ms': 38882},,,akili and me - letter d,4
5810865,1758758642,ai.elimu.filamu,,,,akili and me - the rectangle song,13
5810866,1758758659,ai.elimu.filamu,{'video_playback_position_ms': 16427},,,akili and me - the rectangle song,13
5810867,1758758680,ai.elimu.filamu,,,,akili and me - letter a,1
5810868,1758758710,ai.elimu.filamu,{'video_playback_position_ms': 48412},,,akili and me - letter a,1
5810869,1758758805,ai.elimu.filamu,,,,akili and me - letter d,4
5810870,1758758813,ai.elimu.filamu,{'video_playback_position_ms': 59808},,,akili and me - letter d,4
5810871,1758758902,ai.elimu.filamu,,,,akili and me - letter d,4
5810872,1758758905,ai.elimu.filamu,{'video_playback_position_ms': 54969},,,akili and me - letter d,4
5810873,1758759018,ai.elimu.filamu,,,,akili and me - the rectangle song,13
5810874,1758759042,ai.elimu.filamu,{'video_playback_position_ms': 4125},,,akili and me - the rectangle song,13
5810875,1758759127,ai.elimu.filamu,,,,akili and me - letter b,2
5810876,1758759184,ai.elimu.filamu,{'video_playback_position_ms': 36185},,,akili and me - letter b,2
5810996,1759102329,ai.elimu.filamu,,,,akili and me - letter a,1
5810997,1759102333,ai.elimu.filamu,{'video_playback_position_ms': 9507},,,akili and me - letter a,1
5810998,1759102408,ai.elimu.filamu,,,,akili and me - the rectangle song,13
5810999,1759102462,ai.elimu.filamu,{'video_playback_position_ms': 27751},,,akili and me - the rectangle song,13
5811000,1759102518,ai.elimu.filamu,,,,akili and me - letter c,3
5811001,1759102534,ai.elimu.filamu,{'video_playback_position_ms': 42245},,,akili and me - letter c,3
5811002,1759102595,ai.elimu.filamu,,,,akili and me - letter d,4
5811003,1759102654,ai.elimu.filamu,{'video_playback_position_ms': 27750},,,akili and me - letter d,4
5811004,1759102710,ai.elimu.filamu,,,,akili and me - letter a,1
5811005,1759102732,ai.elimu.filamu,{'video_playback_position_ms': 45763},,,akili and me - letter a,1
5811006,1759102769,ai.elimu.filamu,,,,akili and me - letter c,3
5811007,1759102784,ai.elimu.filamu,{'video_playback_position_ms': 52665},,,akili and me - letter c,3
5811008,1759102855,ai.elimu.filamu,,,,[test] a test video,44
5811009,1759102861,ai.elimu.filamu,{'video_playback_position_ms': 16403},,,[test] a test video,44
5811010,1759102911,ai.elimu.filamu,,,,akili and me - letter d,4
5811011,1759102928,ai.elimu.filamu,{'video_playback_position_ms': 9638},,,akili and me - letter d,4
5811012,1759103025,ai.elimu.filamu,,,,akili and me - letter c,3
5811013,1759103080,ai.elimu.filamu,{'video_playback_position_ms': 16681},,,akili and me - letter c,3
5811014,1759103121,ai.elimu.filamu,,,,akili and me - letter c,3
5811015,1759103163,ai.elimu.filamu,{'video_playback_position_ms': 17286},,,akili and me - letter c,3
5811016,1759103215,ai.elimu.filamu,,,,[test] a test video,44
5811017,1759103242,ai.elimu.filamu,{'video_playback_position_ms': 9111},,,[test] a test video,44
5811018,1759103269,ai.elimu.filamu,,,,akili and me - letter i,33
5811019,1759103311,ai.elimu.filamu,{'video_playback_position_ms': 31929},,,akili and me - letter i,33
5811020,1759103393,ai.elimu.filamu,,,,[test] a test video,44
5811021,1759103430,ai.elimu.filamu,{'video_playback_position_ms': 11748},,,[test] a test video,44
5811022,1759103501,ai.elimu.filamu,,,,akili and me - the rectangle song,13
5811023,1759103530,ai.elimu.filamu,{'video_playback_position_ms': 26332},,,akili and me - the rectangle song,13
5811024,1759103564,ai.elimu.filamu,,,,akili and me - letter b,2
5811025,1759103567,ai.elimu.filamu,{'video_playback_position_ms': 46639},,,akili and me - letter b,2
5811026,1759103657,ai.elimu.filamu,,,,akili and me - letter a,1
5811027,1759103671,ai.elimu.filamu,{'video_playback_position_ms': 54205},,,akili and me - letter a,1
5811070,1759190090,ai.elimu.filamu,,,,akili and me - letter b,2
5811071,1759190126,ai.elimu.filamu,{'video_playback_position_ms': 19506},,,akili and me - letter b,2
5811072,1759190195,ai.elimu.filamu,,,,akili and me - letter a,1
5811073,1759190204,ai.elimu.filamu,{'video_playback_position_ms': 21617},,,akili and me - letter a,1
5811074,1759190271,ai.elimu.filamu,,,,akili and me - letter d,4
5811075,1759190326,ai.elimu.filamu,{'video_playback_position_ms': 38167},,,akili and me - letter d,4
5811076,1759190380,ai.elimu.filamu,,,,akili and me - letter d,4
5811077,1759190430,ai.elimu.filamu,{'video_playback_position_ms': 4640},,,akili and me - letter d,4
5811078,1759190534,ai.elimu.filamu,,,,akili and me - the rectangle song,13
5811079,1759190539,ai.elimu.filamu,{'video_playback_position_ms': 33647},,,akili and me - the rectangle song,13
5811080,1759190615,ai.elimu.filamu,,,,akili and me - letter i,33
5811081,1759190635,ai.elimu.filamu,{'video_playback_position_ms': 23987},,,akili and me - letter i,33
5811082,1759190698,ai.elimu.filamu,,,,akili and me - letter b,2
5811083,1759190743,ai.elimu.filamu,{'video_playback_position_ms': 36285},,,akili and me - letter b,2
5811084,1759190793,ai.elimu.filamu,,,,akili and me - letter c,3
5811085,1759190799,ai.elimu.filamu,{'video_playback_position_ms': 59239},,,akili and me - letter c,3
5811086,1759190827,ai.elimu.filamu,,,,[test] a test video,44
5811087,1759190875,ai.elimu.filamu,{'video_playback_position_ms': 37266},,,[test] a test video,44
5811088,1759190988,ai.elimu.filamu,,,,akili and me - letter c,3
5811089,1759191009,ai.elimu.filamu,{'video_playback_position_ms': 17808},,,akili and me - letter c,3
5811090,1759191110,ai.elimu.filamu,,,,akili and me - letter c,3
5811091,1759191155,ai.elimu.filamu,{'video_playback_position_ms': 3472},,,akili and me - letter c,3
5811236,1759448771,ai.elimu.filamu,,,,akili and me - letter a,1
5811237,1759448790,ai.elimu.filamu,{'video_playback_position_ms': 54231},,,akili and me - letter a,1
5811238,1759448888,ai.elimu.filamu,,,,akili and me - letter a,1
5811239,1759448930,ai.elimu.filamu,{'video_playback_position_ms': 29405},,,akili and me - letter a,1
5811240,1759449012,ai.elimu.filamu,,,,akili and me - letter d,4
5811241,1759449032,ai.elimu.filamu,{'video_playback_position_ms': 50192},,,akili and me - letter d,4
5811242,1759449096,ai.elimu.filamu,,,,akili and me - letter a,1
5811243,1759449133,ai.elimu.filamu,{'video_playback_position_ms': 13966},,,akili and me - letter a,1
5811244,1759449212,ai.elimu.filamu,,,,akili and me - letter c,3
5811245,1759449251,ai.elimu.filamu,{'video_playback_position_ms': 32615},,,akili and me - letter c,3
5811246,1759449344,ai.elimu.filamu,,,,akili and me - the rectangle song,13
5811247,1759449395,ai.elimu.filamu,{'video_playback_position_ms': 44680},,,akili and me - the rectangle song,13
5811248,1759449412,ai.elimu.filamu,,,,akili and me - letter a,1
5811249,1759449440,ai.elimu.filamu,{'video_playback_position_ms': 28246},,,akili and me - letter a,1
5811250,1759449483,ai.elimu.filamu,,,,akili and me - letter d,4
5811251,1759449508,ai.elimu.filamu,{'video_playback_position_ms': 55621},,,akili and me - letter d,4
5811252,1759449551,ai.elimu.filamu,,,,akili and me - letter d,4
5811253,1759449576,ai.elimu.filamu,{'video_playback_position_ms': 30705},,,akili and me - letter d,4
5811254,1759449607,ai.elimu.filamu,,,,akili and me - letter c,3
5811255,1759449656,ai.elimu.filamu,{'video_playback_position_ms': 39838},,,akili and me - letter c,3
5811256,1759449760,ai.elimu.filamu,,,,[test] a test video,44
5811257,1759449807,ai.elimu.filamu,{'video_playback_position_ms': 40595},,,[test] a test video,44
5811258,1759449843,ai.elimu.filamu,,,,akili and me - letter b,2
5811259,1759449873,ai.elimu.filamu,{'video_playback_position_ms': 24972},,,akili and me - letter b,2
5811260,1759449917,ai.elimu.filamu,,,,akili and me - letter b,2
5811261,1759449940,ai.elimu.filamu,{'video_playback_position_ms': 41956},,,akili and me - letter b,2
5811262,1759450005,ai.elimu.filamu,,,,akili and me - letter c,3
5811263,1759450014,ai.elimu.filamu,{'video_playback_position_ms': 25931},,,akili and me - letter c,3
5811264,1759450117,ai.elimu.filamu,,,,akili and me - letter i,33
5811265,1759450175,ai.elimu.filamu,{'video_playback_position_ms': 43957},,,akili and me - letter i,33
5811266,1759450213,ai.elimu.filamu,,,,akili and me - letter c,3
5811267,1759450265,ai.elimu.filamu,{'video_playback_position_ms': 56955},,,akili and me - letter c,3
5811268,1759450360,ai.elimu.filamu,,,,akili and me - letter c,3
5811269,1759450385,ai.elimu.filamu,{'video_playback_position_ms': 14072},,,akili and me - letter c,3
5811270,1759450480,ai.elimu.filamu,,,,akili and me - letter c,3
5811271,1759450501,ai.elimu.filamu,{'video_playback_position_ms': 40975},,,akili and me - letter c,3
5811272,1759450589,ai.elimu.filamu,,,,akili and me - letter a,1
5811273,1759450628,ai.elimu.filamu,{'video_playback_position_ms': 55375},,,akili and me - letter a,1
5811374,1759707519,ai.elimu.filamu,,,,akili and me - letter d,4
5811375,1759707532,ai.elimu.filamu,{'video_playback_position_ms': 33288},,,akili and me - letter d,4
5811376,1759707590,ai.elimu.filamu,,,,[test] a test video,44
5811377,1759707593,ai.elimu.filamu,{'video_playback_position_ms': 22924},,,[test] a test video,44
5811378,1759707610,ai.elimu.filamu,,,,[test] a test video,44
5811379,1759707661,ai.elimu.filamu,{'video_playback_position_ms': 1189},,,[test] a test video,44
5811380,1759707740,ai.elimu.filamu,,,,akili and me - letter b,2
5811381,1759707779,ai.elimu.filamu,{'video_playback_position_ms': 50461},,,akili and me - letter b,2
5811382,1759707827,ai.elimu.filamu,,,,akili and me - letter c,3
5811383,1759707879,ai.elimu.filamu,{'video_playback_position_ms': 21434},,,akili and me - letter c,3
5811384,1759707947,ai.elimu.filamu,,,,akili and me - letter d,4
5811385,1759707954,ai.elimu.filamu,{'video_playback_position_ms': 28596},,,akili and me - letter d,4
5811386,1759707997,ai.elimu.filamu,,,,akili and me - letter d,4
5811387,1759708049,ai.elimu.filamu,{'video_playback_position_ms': 40315},,,akili and me - letter d,4
5811388,1759708118,ai.elimu.filamu,,,,akili and me - letter d,4
5811389,1759708170,ai.elimu.filamu,{'video_playback_position_ms': 56532},,,akili and me - letter d,4
5811414,1759794385,ai.elimu.filamu,,,,akili and me - letter a,1
5811415,1759794390,ai.elimu.filamu,{'video_playback_position_ms': 41290},,,akili and me - letter a,1
5811416,1759794508,ai.elimu.filamu,,,,akili and me - letter b,2
5811417,1759794524,ai.elimu.filamu,{'video_playback_position_ms': 56083},,,akili and me - letter b,2
5811418,1759794579,ai.elimu.filamu,,,,akili and me - letter i,33
5811419,1759794635,ai.elimu.filamu,{'video_playback_position_ms': 28450},,,akili and me - letter i,33
5811420,1759794670,ai.elimu.filamu,,,,akili and me - letter b,2
5811421,1759794682,ai.elimu.filamu,{'video_playback_position_ms': 34225},,,akili and me - letter b,2
5811422,1759794800,ai.elimu.filamu,,,,akili and me - letter d,4
5811423,1759794829,ai.elimu.filamu,{'video_playback_position_ms': 16104},,,akili and me - letter d,4
5811424,1759794939,ai.elimu.filamu,,,,akili and me - letter a,1
5811425,1759794988,ai.elimu.filamu,{'video_playback_position_ms': 30356},,,akili and me - letter a,1
5811426,1759795007,ai.elimu.filamu,,,,akili and me - the rectangle song,13
5811427,1759795058,ai.elimu.filamu,{'video_playback_position_ms': 53325},,,akili and me - the rectangle song,13
5811428,1759795121,ai.elimu.filamu,,,,akili and me - the rectangle song,13
5811429,1759795163,ai.elimu.filamu,{'video_playback_position_ms': 16841},,,akili and me - the rectangle song,13
5811430,1759795207,ai.elimu.filamu,,,,akili and me - letter c,3
5811431,1759795212,ai.elimu.filamu,{'video_playback_position_ms': 40494},,,akili and me - letter c,3
5811432,1759795256,ai.elimu.filamu,,,,[test] a test video,44
5811433,1759795267,ai.elimu.filamu,{'video_playback_position_ms': 8690},,,[test] a test video,44
5811434,1759795338,ai.elimu.filamu,,,,akili and me - the rectangle song,13
5811435,1759795397,ai.elimu.filamu,{'video_playback_position_ms': 59743},,,akili and me - the rectangle song,13
5811436,1759795492,ai.elimu.filamu,,,,[test] a test video,44
5811437,1759795504,ai.elimu.filamu,{'video_playback_position_ms': 9744},,,[test] a test video,44
5811480,1759879886,ai.elimu.filamu,,,,akili and me - letter b,2
5811481,1759879907,ai.elimu.filamu,{'video_playback_position_ms': 14144},,,akili and me - letter b,2
5811482,1759879947,ai.elimu.filamu,,,,akili and me - letter c,3
5811483,1759879981,ai.elimu.filamu,{'video_playback_position_ms': 2636},,,akili and me - letter c,3
5811484,1759880020,ai.elimu.filamu,,,,akili and me - letter i,33
5811485,1759880025,ai.elimu.filamu,{'video_playback_position_ms': 25836},,,akili and me - letter i,33
5811486,1759880056,ai.elimu.filamu,,,,akili and me - letter i,33
5811487,1759880086,ai.elimu.filamu,{'video_playback_position_ms': 31155},,,akili and me - letter i,33
5811488,1759880106,ai.elimu.filamu,,,,akili and me - letter b,2
5811489,1759880148,ai.elimu.filamu,{'video_playback_position_ms': 23067},,,akili and me - letter b,2
5811490,1759880239,ai.elimu.filamu,,,,akili and me - letter b,2
5811491,1759880259,ai.elimu.filamu,{'video_playback_position_ms': 16740},,,akili and me - letter b,2
5811492,1759880280,ai.elimu.filamu,,,,akili and me - letter d,4
5811493,1759880316,ai.elimu.filamu,{'video_playback_position_ms': 23265},,,akili and me - letter d,4
5811494,1759880372,ai.elimu.filamu,,,,akili and me - letter i,33
5811495,1759880428,ai.elimu.filamu,{'video_playback_position_ms': 51179},,,akili and me - letter i,33
5811496,1759880494,ai.elimu.filamu,,,,akili and me - letter c,3
5811497,1759880539,ai.elimu.filamu,{'video_playback_position_ms': 9329},,,akili and me - letter c,3
5811498,1759880562,ai.elimu.filamu,,,,[test] a test video,44
5811499,1759880616,ai.elimu.filamu,{'video_playback_position_ms': 57735},,,[test] a test video,44
5811508,1759965897,ai.elimu.filamu,,,,akili and me - the rectangle song,13
5811509,1759965901,ai.elimu.filamu,{'video_playback_position_ms': 15171},,,akili and me - the rectangle song,13
5811510,1759965992,ai.elimu.filamu,,,,akili and me - letter b,2
5811511,1759966043,ai.elimu.filamu,{'video_playback_position_ms': 3985},,,akili and me - letter b,2
5811512,1759966078,ai.elimu.filamu,,,,akili and me - letter c,3
5811513,1759966116,ai.elimu.filamu,{'video_playback_position_ms': 56146},,,akili and me - letter c,3
5811532,1760052339,ai.elimu.filamu,,,,akili and me - letter a,1
5811533,1760052396,ai.elimu.filamu,{'video_playback_position_ms': 37714},,,akili and me - letter a,1
5811534,1760052513,ai.elimu.filamu,,,,akili and me - the rectangle song,13
5811535,1760052562,ai.elimu.filamu,{'video_playback_position_ms': 27072},,,akili and me - the rectangle song,13
5811536,1760052593,ai.elimu.filamu,,,,akili and me - letter c,3
5811537,1760052622,ai.elimu.filamu,{'video_playback_position_ms': 42631},,,akili and me - letter c,3
5811538,1760052650,ai.elimu.filamu,,,,akili and me - letter a,1
5811539,1760052657,ai.elimu.filamu,{'video_playback_position_ms': 29116},,,akili and me - letter a,1
5811540,1760052775,ai.elimu.filamu,,,,akili and me - the rectangle song,13
5811541,1760052811,ai.elimu.filamu,{'video_playback_position_ms': 8920},,,akili and me - the rectangle song,13
5811542,1760052859,ai.elimu.filamu,,,,akili and me - letter b,2
5811543,1760052889,ai.elimu.filamu,{'video_playback_position_ms': 16409},,,akili and me - letter b,2
5811544,1760052982,ai.elimu.filamu,,,,akili and me - letter b,2
5811545,1760053009,ai.elimu.filamu,{'video_playback_position_ms': 56069},,,akili and me - letter b,2
5811546,1760053086,ai.elimu.filamu,,,,akili and me - letter b,2
5811547,1760053106,ai.elimu.filamu,{'video_playback_position_ms': 11797},,,akili and me - letter b,2
5811548,1760053147,ai.elimu.filamu,,,,akili and me - letter d,4
5811549,1760053171,ai.elimu.filamu,{'video_playback_position_ms': 51604},,,akili and me - letter d,4
5811550,1760139712,ai.elimu.filamu,,,,akili and me - letter i,33
5811551,1760139739,ai.elimu.filamu,{'video_playback_position_ms': 24844},,,akili and me - letter i,33
5811574,1760225137,ai.elimu.filamu,,,,akili and me - letter a,1
5811575,1760225140,ai.elimu.filamu,{'video_playback_position_ms': 28350},,,akili and me - letter a,1
5811576,1760225200,ai.elimu.filamu,,,,[test] a test video,44
5811577,1760225211,ai.elimu.filamu,{'video_playback_position_ms': 23914},,,[test] a test video,44
5811578,1760225230,ai.elimu.filamu,,,,akili and me - letter d,4
5811579,1760225261,ai.elimu.filamu,{'video_playback_position_ms': 50778},,,akili and me - letter d,4
5811580,1760225366,ai.elimu.filamu,,,,akili and me - letter d,4
5811581,1760225413,ai.elimu.filamu,{'video_playback_position_ms': 47186},,,akili and me - letter d,4
5811582,1760225460,ai.elimu.filamu,,,,akili and me - letter c,3
5811583,1760225494,ai.elimu.filamu,{'video_playback_position_ms': 50919},,,akili and me - letter c,3
5811584,1760225554,ai.elimu.filamu,,,,[test] a test video,44
5811585,1760225591,ai.elimu.filamu,{'video_playback_position_ms': 45108},,,[test] a test video,44
5811586,1760225608,ai.elimu.filamu,,,,akili and me - letter b,2
5811587,1760225662,ai.elimu.filamu,{'video_playback_position_ms': 50069},,,akili and me - letter b,2
5811588,1760225764,ai.elimu.filamu,,,,[test] a test video,44
5811589,1760225812,ai.elimu.filamu,{'video_playback_position_ms': 46011},,,[test] a test video,44
5811590,1760225929,ai.elimu.filamu,,,,akili and me - letter a,1
5811591,1760225974,ai.elimu.filamu,{'video_playback_position_ms': 10071},,,akili and me - letter a,1
5811592,1760226023,ai.elimu.filamu,,,,[test] a test video,44
5811593,1760226082,ai.elimu.filamu,{'video_playback_position_ms': 16099},,,[test] a test video,44
5811594,1760226170,ai.elimu.filamu,,,,akili and me - letter i,33
5811595,1760226227,ai.elimu.filamu,{'video_playback_position_ms': 42513},,,akili and me - letter i,33
5811596,1760226325,ai.elimu.filamu,,,,akili and me - letter c,3
5811597,1760226379,ai.elimu.filamu,{'video_playback_position_ms': 3339},,,akili and me - letter c,3
5811604,1760313334,ai.elimu.filamu,,,,akili and me - letter b,2
5811605,1760313375,ai.elimu.filamu,{'video_playback_position_ms': 33035},,,akili and me - letter b,2
5811606,1760313430,ai.elimu.filamu,,,,akili and me - the rectangle song,13
5811607,1760313467,ai.elimu.filamu,{'video_playback_position_ms': 49141},,,akili and me - the rectangle song,13
5811608,1760313487,ai.elimu.filamu,,,,[test] a test video,44
5811609,1760313511,ai.elimu.filamu,{'video_playback_position_ms': 45762},,,[test] a test video,44
5811610,1760313545,ai.elimu.filamu,,,,akili and me - letter b,2
5811611,1760313596,ai.elimu.filamu,{'video_playback_position_ms': 31853},,,akili and me - letter b,2
5811612,1760313652,ai.elimu.filamu,,,,akili and me - letter d,4
5811613,1760313676,ai.elimu.filamu,{'video_playback_position_ms': 15966},,,akili and me - letter d,4
5811614,1760313743,ai.elimu.filamu,,,,akili and me - letter a,1
5811615,1760313747,ai.elimu.filamu,{'video_playback_position_ms': 11625},,,akili and me - letter a,1
5811616,1760313768,ai.elimu.filamu,,,,akili and me - letter b,2
5811617,1760313789,ai.elimu.filamu,{'video_playback_position_ms': 4219},,,akili and me - letter b,2
5811618,1760313882,ai.elimu.filamu,,,,akili and me - letter b,2
5811619,1760313890,ai.elimu.filamu,{'video_playback_position_ms': 8975},,,akili and me - letter b,2
5811620,1760313932,ai.elimu.filamu,,,,akili and me - letter d,4
5811621,1760313939,ai.elimu.filamu,{'video_playback_position_ms': 51872},,,akili and me - letter d,4
5811622,1760314036,ai.elimu.filamu,,,,akili and me - letter i,33
5811623,1760314059,ai.elimu.filamu,{'video_playback_position_ms': 26163},,,akili and me - letter i,33
5811624,1760314161,ai.elimu.filamu,,,,akili and me - letter c,3
5811625,1760314171,ai.elimu.filamu,{'video_playback_position_ms': 4566},,,akili and me - letter c,3
5811626,1760314234,ai.elimu.filamu,,,,akili and me - letter c,3
5811627,1760314238,ai.elimu.filamu,{'video_playback_position_ms': 40904},,,akili and me - letter c,3
5811628,1760314306,ai.elimu.filamu,,,,akili and me - letter c,3
5811629,1760314310,ai.elimu.filamu,{'video_playback_position_ms': 52271},,,akili and me - letter c,3
5811630,1760314380,ai.elimu.filamu,,,,akili and me - letter i,33
5811631,1760314406,ai.elimu.filamu,{'video_playback_position_ms': 59071},,,akili and me - letter i,33
5811632,1760314434,ai.elimu.filamu,,,,akili and me - letter b,2
5811633,1760314463,ai.elimu.filamu,{'video_playback_position_ms': 9863},,,akili and me - letter b,2
5811634,1760314555,ai.elimu.filamu,,,,akili and me - letter i,33
5811635,1760314605,ai.elimu.filamu,{'video_playback_position_ms': 51799},,,akili and me - letter i,33
5811636,1760314672,ai.elimu.filamu,,,,akili and me - letter i,33
5811637,1760314695,ai.elimu.filamu,{'video_playback_position_ms': 38476},,,akili and me - letter i,33
5811638,1760314813,ai.elimu.filamu,,,,akili and me - the rectangle song,13
5811639,1760314824,ai.elimu.filamu,{'video_playback_position_ms': 47933},,,akili and me - the rectangle song,13
5811754,1760484931,ai.elimu.filamu,,,,akili and me - letter b,2
5811755,1760484981,ai.elimu.filamu,{'video_playback_position_ms': 47442},,,akili and me - letter b,2
5811756,1760485027,ai.elimu.filamu,,,,[test] a test video,44
5811757,1760485053,ai.elimu.filamu,{'video_playback_position_ms': 36272},,,[test] a test video,44
5811758,1760485164,ai.elimu.filamu,,,,akili and me - letter d,4
5811759,1760485191,ai.elimu.filamu,{'video_playback_position_ms': 4030},,,akili and me - letter d,4
5811760,1760485287,ai.elimu.filamu,,,,[test] a test video,44
5811761,1760485315,ai.elimu.filamu,{'video_playback_position_ms': 6450},,,[test] a test video,44
5811762,1760485387,ai.elimu.filamu,,,,[test] a test video,44
5811763,1760485436,ai.elimu.filamu,{'video_playback_position_ms': 57690},,,[test] a test video,44
5811764,1760485521,ai.elimu.filamu,,,,akili and me - the rectangle song,13
5811765,1760485561,ai.elimu.filamu,{'video_playback_position_ms': 59448},,,akili and me - the rectangle song,13
5811766,1760485595,ai.elimu.filamu,,,,akili and me - letter c,3
5811767,1760485625,ai.elimu.filamu,{'video_playback_position_ms': 42417},,,akili and me - letter c,3
5811768,1760485686,ai.elimu.filamu,,,,akili and me - letter b,2
5811769,1760485710,ai.elimu.filamu,{'video_playback_position_ms': 11521},,,akili and me - letter b,2
5811770,1760485812,ai.elimu.filamu,,,,[test] a test video,44
5811771,1760485871,ai.elimu.filamu,{'video_playback_position_ms': 24919},,,[test] a test video,44
5811772,1760485983,ai.elimu.filamu,,,,akili and me - letter a,1
5811773,1760486016,ai.elimu.filamu,{'video_playback_position_ms': 4251},,,akili and me - letter a,1
5811774,1760486123,ai.elimu.filamu,,,,akili and me - letter d,4
5811775,1760486152,ai.elimu.filamu,{'video_playback_position_ms': 7128},,,akili and me - letter d,4
5811776,1760486252,ai.elimu.filamu,,,,akili and me - letter c,3
5811777,1760486265,ai.elimu.filamu,{'video_playback_position_ms': 38588},,,akili and me - letter c,3
5811778,1760486289,ai.elimu.filamu,,,,akili and me - letter a,1
5811779,1760486299,ai.elimu.filamu,{'video_playback_position_ms': 1014},,,akili and me - letter a,1
5811780,1760486358,ai.elimu.filamu,,,,akili and me - letter a,1
5811781,1760486400,ai.elimu.filamu,{'video_playback_position_ms': 42509},,,akili and me - letter a,1
5811782,1760486438,ai.elimu.filamu,,,,akili and me - the rectangle song,13
5811783,1760486462,ai.elimu.filamu,{'video_playback_position_ms': 31490},,,akili and me - the rectangle song,13
5811784,1760486552,ai.elimu.filamu,,,,akili and me - letter i,33
5811785,1760486559,ai.elimu.filamu,{'video_playback_position_ms': 44594},,,akili and me - letter i,33
5811786,1760486640,ai.elimu.filamu,,,,akili and me - the rectangle song,13
5811787,1760486670,ai.elimu.filamu,{'video_playback_position_ms': 53315},,,akili and me - the rectangle song,13
5811788,1760486776,ai.elimu.filamu,,,,[test] a test video,44
5811789,1760486788,ai.elimu.filamu,{'video_playback_position_ms': 36395},,,[test] a test video,44
5811834,1760656948,ai.elimu.filamu,,,,akili and me - letter b,2
5811835,1760656958,ai.elimu.filamu,{'video_playback_position_ms': 51507},,,akili and me - letter b,2
5811836,1760657070,ai.elimu.filamu,,,,akili and me - letter i,33
5811837,1760657125,ai.elimu.filamu,{'video_playback_position_ms': 54521},,,akili and me - letter i,33
5811838,1760657140,ai.elimu.filamu,,,,akili and me - letter i,33
5811839,1760657193,ai.elimu.filamu,{'video_playback_position_ms': 38526},,,akili and me - letter i,33
5811840,1760657255,ai.elimu.filamu,,,,akili and me - letter i,33
5811841,1760657257,ai.elimu.filamu,{'video_playback_position_ms': 38401},,,akili and me - letter i,33
5811858,1760743987,ai.elimu.filamu,,,,akili and me - letter a,1
5811859,1760744004,ai.elimu.filamu,{'video_playback_position_ms': 51168},,,akili and me - letter a,1
5811860,1760744037,ai.elimu.filamu,,,,akili and me - letter d,4
5811861,1760744075,ai.elimu.filamu,{'video_playback_position_ms': 8272},,,akili and me - letter d,4
5811862,1760744141,ai.elimu.filamu,,,,akili and me - the rectangle song,13
5811863,1760744151,ai.elimu.filamu,{'video_playback_position_ms': 37227},,,akili and me - the rectangle song,13
5811864,1760744251,ai.elimu.filamu,,,,akili and me - letter d,4
5811865,1760744296,ai.elimu.filamu,{'video_playback_position_ms': 27309},,,akili and me - letter d,4
5811866,1760744374,ai.elimu.filamu,,,,akili and me - letter a,1
5811867,1760744412,ai.elimu.filamu,{'video_playback_position_ms': 38476},,,akili and me - letter a,1
5811868,1760744492,ai.elimu.filamu,,,,akili and me - letter d,4
5811869,1760744512,ai.elimu.filamu,{'video_playback_position_ms': 35739},,,akili and me - letter d,4
5811870,1760744619,ai.elimu.filamu,,,,[test] a test video,44
5811871,1760744668,ai.elimu.filamu,{'video_playback_position_ms': 9674},,,[test] a test video,44
5811918,1761004428,ai.elimu.filamu,,,,akili and me - letter c,3
5811919,1761004475,ai.elimu.filamu,{'video_playback_position_ms': 34052},,,akili and me - letter c,3
5811920,1761004583,ai.elimu.filamu,,,,akili and me - letter d,4
5811921,1761004605,ai.elimu.filamu,{'video_playback_position_ms': 53971},,,akili and me - letter d,4
5811922,1761004649,ai.elimu.filamu,,,,akili and me - letter i,33
5811923,1761004700,ai.elimu.filamu,{'video_playback_position_ms': 39164},,,akili and me - letter i,33
5811924,1761004788,ai.elimu.filamu,,,,akili and me - letter i,33
5811925,1761004826,ai.elimu.filamu,{'video_playback_position_ms': 16607},,,akili and me - letter i,33
5811926,1761004870,ai.elimu.filamu,,,,akili and me - letter a,1
5811927,1761004910,ai.elimu.filamu,{'video_playback_position_ms': 25106},,,akili and me - letter a,1
5811928,1761004959,ai.elimu.filamu,,,,akili and me - letter a,1
5811929,1761005008,ai.elimu.filamu,{'video_playback_position_ms': 34372},,,akili and me - letter a,1
5811930,1761005097,ai.elimu.filamu,,,,akili and me - letter i,33
5811931,1761005139,ai.elimu.filamu,{'video_playback_position_ms': 47351},,,akili and me - letter i,33
5811932,1761005206,ai.elimu.filamu,,,,akili and me - letter b,2
5811933,1761005227,ai.elimu.filamu,{'video_playback_position_ms': 18896},,,akili and me - letter b,2
5811934,1761005311,ai.elimu.filamu,,,,akili and me - letter b,2
5811935,1761005343,ai.elimu.filamu,{'video_playback_position_ms': 52502},,,akili and me - letter b,2
5811936,1761005413,ai.elimu.filamu,,,,akili and me - letter c,3
5811937,1761005470,ai.elimu.filamu,{'video_playback_position_ms': 58185},,,akili and me - letter c,3
5811938,1761005522,ai.elimu.filamu,,,,akili and me - letter d,4
5811939,1761005579,ai.elimu.filamu,{'video_playback_position_ms': 21494},,,akili and me - letter d,4
5811940,1761005676,ai.elimu.filamu,,,,akili and me - letter b,2
5811941,1761005729,ai.elimu.filamu,{'video_playback_position_ms': 10552},,,akili and me - letter b,2
5811942,1761005788,ai.elimu.filamu,,,,akili and me - letter b,2
5811943,1761005837,ai.elimu.filamu,{'video_playback_position_ms': 57067},,,akili and me - letter b,2
5811944,1761005930,ai.elimu.filamu,,,,akili and me - letter d,4
5811945,1761005950,ai.elimu.filamu,{'video_playback_position_ms': 12256},,,akili and me - letter d,4
5812038,1761521150,ai.elimu.filamu,,,,akili and me - letter i,33
5812039,1761521174,ai.elimu.filamu,{'video_playback_position_ms': 24336},,,akili and me - letter i,33
5812040,1761521279,ai.elimu.filamu,,,,akili and me - letter i,33
5812041,1761521286,ai.elimu.filamu,{'video_playback_position_ms': 52444},,,akili and me - letter i,33
5812042,1761521379,ai.elimu.filamu,,,,akili and me - letter i,33
5812043,1761521383,ai.elimu.filamu,{'video_playback_position_ms': 17508},,,akili and me - letter i,33
5812044,1761521432,ai.elimu.filamu,,,,akili and me - letter c,3
5812045,1761521462,ai.elimu.filamu,{'video_playback_position_ms': 38210},,,akili and me - letter c,3
5812046,1761521564,ai.elimu.filamu,,,,akili and me - letter d,4
5812047,1761521623,ai.elimu.filamu,{'video_playback_position_ms': 32194},,,akili and me - letter d,4
5812048,1761521722,ai.elimu.filamu,,,,akili and me - the rectangle song,13
5812049,1761521733,ai.elimu.filamu,{'video_playback_position_ms': 39516},,,akili and me - the rectangle song,13
5812050,1761521803,ai.elimu.filamu,,,,akili and me - letter b,2
5812051,1761521859,ai.elimu.filamu,{'video_playback_position_ms': 35935},,,akili and me - letter b,2
5812052,1761521950,ai.elimu.filamu,,,,akili and me - the rectangle song,13
5812053,1761521995,ai.elimu.filamu,{'video_playback_position_ms': 14452},,,akili and me - the rectangle song,13
5812054,1761522030,ai.elimu.filamu,,,,akili and me - the rectangle song,13
5812055,1761522088,ai.elimu.filamu,{'video_playback_position_ms': 38363},,,akili and me - the rectangle song,13
5812072,1761609332,ai.elimu.filamu,,,,akili and me - letter i,33
5812073,1761609359,ai.elimu.filamu,{'video_playback_position_ms': 53578},,,akili and me - letter i,33
5812074,1761609456,ai.elimu.filamu,,,,akili and me - letter i,33
5812075,1761609503,ai.elimu.filamu,{'video_playback_position_ms': 28832},,,akili and me - letter i,33
5812076,1761609571,ai.elimu.filamu,,,,[test] a test video,44
5812077,1761609614,ai.elimu.filamu,{'video_playback_position_ms': 14107},,,[test] a test video,44
5812078,1761609686,ai.elimu.filamu,,,,akili and me - letter b,2
5812079,1761609739,ai.elimu.filamu,{'video_playback_position_ms': 45803},,,akili and me - letter b,2
5812080,1761609792,ai.elimu.filamu,,,,akili and me - letter c,3
5812081,1761609835,ai.elimu.filamu,{'video_playback_position_ms': 41023},,,akili and me - letter c,3
5812082,1761609869,ai.elimu.filamu,,,,akili and me - letter c,3
5812083,1761609926,ai.elimu.filamu,{'video_playback_position_ms': 39311},,,akili and me - letter c,3
5812084,1761609945,ai.elimu.filamu,,,,[test] a test video,44
5812085,1761609962,ai.elimu.filamu,{'video_playback_position_ms': 11869},,,[test] a test video,44
5812086,1761610028,ai.elimu.filamu,,,,akili and me - the rectangle song,13
5812087,1761610037,ai.elimu.filamu,{'video_playback_position_ms': 2977},,,akili and me - the rectangle song,13
5812142,1762385295,ai.elimu.filamu,,,,akili and me - letter a,1
5812143,1762385331,ai.elimu.filamu,{'video_playback_position_ms': 28857},,,akili and me - letter a,1
5812144,1762385379,ai.elimu.filamu,,,,akili and me - letter d,4
5812145,1762385410,ai.elimu.filamu,{'video_playback_position_ms': 43361},,,akili and me - letter d,4
5812146,1762385427,ai.elimu.filamu,,,,akili and me - the rectangle song,13
5812147,1762385463,ai.elimu.filamu,{'video_playback_position_ms': 49504},,,akili and me - the rectangle song,13
5812148,1762385561,ai.elimu.filamu,,,,akili and me - letter i,33
5812149,1762385602,ai.elimu.filamu,{'video_playback_position_ms': 46945},,,akili and me - letter i,33
5812150,1762385673,ai.elimu.filamu,,,,[test] a test video,44
5812151,1762385730,ai.elimu.filamu,{'video_playback_position_ms': 16703},,,[test] a test video,44
5812152,1762385759,ai.elimu.filamu,,,,akili and me - letter c,3
5812153,1762385780,ai.elimu.filamu,{'video_playback_position_ms': 32385},,,akili and me - letter c,3
5812154,1762385853,ai.elimu.filamu,,,,akili and me - letter i,33
5812155,1762385861,ai.elimu.filamu,{'video_playback_position_ms': 39662},,,akili and me - letter i,33
5812156,1762385919,ai.elimu.filamu,,,,akili and me - letter b,2
5812157,1762385940,ai.elimu.filamu,{'video_playback_position_ms': 34026},,,akili and me - letter b,2
5812158,1762385967,ai.elimu.filamu,,,,akili and me - letter a,1
5812159,1762385976,ai.elimu.filamu,{'video_playback_position_ms': 54492},,,akili and me - letter a,1
5812160,1762386057,ai.elimu.filamu,,,,akili and me - letter b,2
5812161,1762386061,ai.elimu.filamu,{'video_playback_position_ms': 25538},,,akili and me - letter b,2
5812162,1762386139,ai.elimu.filamu,,,,[test] a test video,44
5812163,1762386185,ai.elimu.filamu,{'video_playback_position_ms': 29295},,,[test] a test video,44
5812210,1762991575,ai.elimu.filamu,,,,akili and me - the rectangle song,13
5812211,1762991608,ai.elimu.filamu,{'video_playback_position_ms': 7510},,,akili and me - the rectangle song,13
5812212,1762991665,ai.elimu.filamu,,,,akili and me - letter c,3
5812213,1762991695,ai.elimu.filamu,{'video_playback_position_ms': 15821},,,akili and me - letter c,3
5812214,1762991719,ai.elimu.filamu,,,,akili and me - letter d,4
5812215,1762991747,ai.elimu.filamu,{'video_playback_position_ms': 42310},,,akili and me - letter d,4
5812216,1762991851,ai.elimu.filamu,,,,akili and me - letter d,4
5812217,1762991890,ai.elimu.filamu,{'video_playback_position_ms': 2078},,,akili and me - letter d,4
5812302,1763940452,ai.elimu.filamu,,,,akili and me - letter b,2
5812303,1763940467,ai.elimu.filamu,{'video_playback_position_ms': 39289},,,akili and me - letter b,2
5812304,1763940512,ai.elimu.filamu,,,,akili and me - letter i,33
5812305,1763940528,ai.elimu.filamu,{'video_playback_position_ms': 19347},,,akili and me - letter i,33
5812306,1763940568,ai.elimu.filamu,,,,akili and me - letter b,2
5812307,1763940581,ai.elimu.filamu,{'video_playback_position_ms': 29576},,,akili and me - letter b,2
5812308,1763940655,ai.elimu.filamu,,,,akili and me - letter a,1
5812309,1763940659,ai.elimu.filamu,{'video_playback_position_ms': 56255},,,akili and me - letter a,1
5812310,1763940759,ai.elimu.filamu,,,,akili and me - letter b,2
5812311,1763940795,ai.elimu.filamu,{'video_playback_position_ms': 4921},,,akili and me - letter b,2
5812312,1763940862,ai.elimu.filamu,,,,akili and me - letter d,4
5812313,1763940913,ai.elimu.filamu,{'video_playback_position_ms': 31750},,,akili and me - letter d,4
5812314,1763940930,ai.elimu.filamu,,,,[test] a test video,44
5812315,1763940932,ai.elimu.filamu,{'video_playback_position_ms': 48380},,,[test] a test video,44
5812316,1763941019,ai.elimu.filamu,,,,akili and me - the rectangle song,13
5812317,1763941066,ai.elimu.filamu,{'video_playback_position_ms': 47172},,,akili and me - the rectangle song,13
5812318,1763941103,ai.elimu.filamu,,,,akili and me - the rectangle song,13
5812319,1763941123,ai.elimu.filamu,{'video_playback_position_ms': 11317},,,akili and me - the rectangle song,13
5812320,1763941222,ai.elimu.filamu,,,,akili and me - letter i,33
5812321,1763941275,ai.elimu.filamu,{'video_playback_position_ms': 24031},,,akili and me - letter i,33
5812376,1765497603,ai.elimu.filamu,,,,[test] a test video,44
5812377,1765497608,ai.elimu.filamu,{'video_playback_position_ms': 36949},,,[test] a test video,44
5812378,1765497681,ai.elimu.filamu,,,,akili and me - the rectangle song,13
5812379,1765497730,ai.elimu.filamu,{'video_playback_position_ms': 35348},,,akili and me - the rectangle song,13
5812380,1765497832,ai.elimu.filamu,,,,akili and me - letter a,1
5812381,1765497836,ai.elimu.filamu,{'video_playback_position_ms': 54385},,,akili and me - letter a,1
5812382,1765497903,ai.elimu.filamu,,,,akili and me - letter d,4
5812383,1765497937,ai.elimu.filamu,{'video_playback_position_ms': 7007},,,akili and me - letter d,4
5812434,1765582929,ai.elimu.filamu,,,,[test] a test video,44
5812435,1765582946,ai.elimu.filamu,{'video_playback_position_ms': 58490},,,[test] a test video,44
5812436,1765582979,ai.elimu.filamu,,,,akili and me - letter b,2
5812437,1765583011,ai.elimu.filamu,{'video_playback_position_ms': 20012},,,akili and me - letter b,2
5812438,1765583033,ai.elimu.filamu,,,,akili and me - letter d,4
5812439,1765583066,ai.elimu.filamu,{'video_playback_position_ms': 51254},,,akili and me - letter d,4
5812440,1765583152,ai.elimu.filamu,,,,akili and me - letter c,3
5812441,1765583168,ai.elimu.filamu,{'video_playback_position_ms': 55767},,,akili and me - letter c,3
5812442,1765583243,ai.elimu.filamu,,,,akili and me - letter d,4
5812443,1765583262,ai.elimu.filamu,{'video_playback_position_ms': 38775},,,akili and me - letter d,4
5812444,1765583285,ai.elimu.filamu,,,,akili and me - letter i,33
5812445,1765583300,ai.elimu.filamu,{'video_playback_position_ms': 15322},,,akili and me - letter i,33
5812446,1765583385,ai.elimu.filamu,,,,akili and me - letter c,3
5812447,1765583421,ai.elimu.filamu,{'video_playback_position_ms': 25801},,,akili and me - letter c,3
5812448,1765583522,ai.elimu.filamu,,,,akili and me - letter b,2
5812449,1765583558,ai.elimu.filamu,{'video_playback_position_ms': 55005},,,akili and me - letter b,2
5812450,1765583648,ai.elimu.filamu,,,,akili and me - the rectangle song,13
5812451,1765583692,ai.elimu.filamu,{'video_playback_position_ms': 9696},,,akili and me - the rectangle song,13
5812452,1765583719,ai.elimu.filamu,,,,akili and me - the rectangle song,13
5812453,1765583736,ai.elimu.filamu,{'video_playback_position_ms': 55334},,,akili and me - the rectangle song,13
5812454,1765583770,ai.elimu.filamu,,,,[test] a test video,44
5812455,1765583809,ai.elimu.filamu,{'video_playback_position_ms': 29125},,,[test] a test video,44
5812456,1765583855,ai.elimu.filamu,,,,akili and me - letter i,33
5812457,1765583880,ai.elimu.filamu,{'video_playback_position_ms': 2825},,,akili and me - letter i,33
5812458,1765583968,ai.elimu.filamu,,,,akili and me - letter a,1
5812459,1765584024,ai.elimu.filamu,{'video_playback_position_ms': 40284},,,akili and me - letter a,1
5812460,1765584050,ai.elimu.filamu,,,,akili and me - letter c,3
5812461,1765584061,ai.elimu.filamu,{'video_playback_position_ms': 32593},,,akili and me - letter c,3
5812462,1765584170,ai.elimu.filamu,,,,akili and me - letter i,33
5812463,1765584219,ai.elimu.filamu,{'video_playback_position_ms': 59518},,,akili and me - letter i,33
5812464,1765584291,ai.elimu.filamu,,,,akili and me - letter c,3
5812465,1765584306,ai.elimu.filamu,{'video_playback_position_ms': 32725},,,akili and me - letter c,3
5812466,1765584398,ai.elimu.filamu,,,,akili and me - letter b,2
5812467,1765584442,ai.elimu.filamu,{'video_playback_position_ms': 4031},,,akili and me - letter b,2
5812468,1765584487,ai.elimu.filamu,,,,[test] a test video,44
5812469,1765584545,ai.elimu.filamu,{'video_playback_position_ms': 36977},,,[test] a test video,44
5812634,1766793429,ai.elimu.filamu,,,,akili and me - letter d,4
5812635,1766793444,ai.elimu.filamu,{'video_playback_position_ms': 58598},,,akili and me - letter d,4
5812636,1766793473,ai.elimu.filamu,,,,[test] a test video,44
5812637,1766793483,ai.elimu.filamu,{'video_playback_position_ms': 31808},,,[test] a test video,44
5812638,1766793526,ai.elimu.filamu,,,,akili and me - letter a,1
5812639,1766793554,ai.elimu.filamu,{'video_playback_position_ms': 54016},,,akili and me - letter a,1
5812640,1766793616,ai.elimu.filamu,,,,akili and me - letter d,4
5812641,1766793656,ai.elimu.filamu,{'video_playback_position_ms': 45023},,,akili and me - letter d,4
5812642,1766793708,ai.elimu.filamu,,,,akili and me - letter b,2
5812643,1766793746,ai.elimu.filamu,{'video_playback_position_ms': 17256},,,akili and me - letter b,2
5812644,1766793849,ai.elimu.filamu,,,,akili and me - letter i,33
5812645,1766793902,ai.elimu.filamu,{'video_playback_position_ms': 4244},,,akili and me - letter i,33
5812646,1766793991,ai.elimu.filamu,,,,akili and me - the rectangle song,13
5812647,1766794030,ai.elimu.filamu,{'video_playback_position_ms': 17886},,,akili and me - the rectangle song,13
5812648,1766794147,ai.elimu.filamu,,,,akili and me - letter d,4
5812649,1766794164,ai.elimu.filamu,{'video_playback_position_ms': 1566},,,akili and me - letter d,4
5812650,1766794277,ai.elimu.filamu,,,,akili and me - letter d,4
5812651,1766794322,ai.elimu.filamu,{'video_playback_position_ms': 10395},,,akili and me - letter d,4
5812652,1766794429,ai.elimu.filamu,,,,[test] a test video,44
5812653,1766794452,ai.elimu.filamu,{'video_playback_position_ms': 39187},,,[test] a test video,44
5812654,1766794526,ai.elimu.filamu,,,,akili and me - letter c,3
5812655,1766794576,ai.elimu.filamu,{'video_playback_position_ms': 15790},,,akili and me - letter c,3
5812656,1766794664,ai.elimu.filamu,,,,akili and me - letter i,33
5812657,1766794675,ai.elimu.filamu,{'video_playback_position_ms': 1676},,,akili and me - letter i,33
5812724,1767915572,ai.elimu.filamu,,,,akili and me - letter c,3
5812725,1767915590,ai.elimu.filamu,{'video_playback_position_ms': 33908},,,akili and me - letter c,3
5812726,1767915704,ai.elimu.filamu,,,,akili and me - the rectangle song,13
5812727,1767915711,ai.elimu.filamu,{'video_playback_position_ms': 33789},,,akili and me - the rectangle song,13
5812728,1767915824,ai.elimu.filamu,,,,akili and me - the rectangle song,13
5812729,1767915838,ai.elimu.filamu,{'video_playback_position_ms': 12193},,,akili and me - the rectangle song,13
5812730,1767915855,ai.elimu.filamu,,,,akili and me - the rectangle song,13
5812731,1767915872,ai.elimu.filamu,{'video_playback_position_ms': 37140},,,akili and me - the rectangle song,13
5812732,1767915938,ai.elimu.filamu,,,,akili and me - letter b,2
5812733,1767915985,ai.elimu.filamu,{'video_playback_position_ms': 10279},,,akili and me - letter b,2
5812748,1768001954,ai.elimu.filamu,,,,akili and me - letter i,33
5812749,1768001975,ai.elimu.filamu,{'video_playback_position_ms': 42533},,,akili and me - letter i,33
5812750,1768002011,ai.elimu.filamu,,,,akili and me - letter c,3
5812751,1768002058,ai.elimu.filamu,{'video_playback_position_ms': 48591},,,akili and me - letter c,3
5812752,1768002110,ai.elimu.filamu,,,,akili and me - the rectangle song,13
5812753,1768002138,ai.elimu.filamu,{'video_playback_position_ms': 16771},,,akili and me - the rectangle song,13
5812754,1768002183,ai.elimu.filamu,,,,akili and me - letter i,33
5812755,1768002213,ai.elimu.filamu,{'video_playback_position_ms': 41985},,,akili and me - letter i,33
5812756,1768002275,ai.elimu.filamu,,,,akili and me - letter b,2
5812757,1768002331,ai.elimu.filamu,{'video_playback_position_ms': 37265},,,akili and me - letter b,2
5812758,1768002429,ai.elimu.filamu,,,,[test] a test video,44
5812759,1768002448,ai.elimu.filamu,{'video_playback_position_ms': 57927},,,[test] a test video,44
5812760,1768002543,ai.elimu.filamu,,,,[test] a test video,44
5812761,1768002567,ai.elimu.filamu,{'video_playback_position_ms': 43357},,,[test] a test video,44
5812762,1768002603,ai.elimu.filamu,,,,akili and me - the rectangle song,13
5812763,1768002607,ai.elimu.filamu,{'video_playback_position_ms': 16060},,,akili and me - the rectangle song,13
5812764,1768002709,ai.elimu.filamu,,,,akili and me - letter d,4
5812765,1768002763,ai.elimu.filamu,{'video_playback_position_ms': 34498},,,akili and me - letter d,4
5812766,1768002877,ai.elimu.filamu,,,,akili and me - letter c,3
5812767,1768002922,ai.elimu.filamu,{'video_playback_position_ms': 36257},,,akili and me - letter c,3
5812768,1768003004,ai.elimu.filamu,,,,akili and me - letter a,1
5812769,1768003060,ai.elimu.filamu,{'video_playback_position_ms': 29601},,,akili and me - letter a,1
5812770,1768003142,ai.elimu.filamu,,,,akili and me - the rectangle song,13
5812771,1768003184,ai.elimu.filamu,{'video_playback_position_ms': 41679},,,akili and me - the rectangle song,13
5812772,1768003265,ai.elimu.filamu,,,,akili and me - letter c,3
5812773,1768003269,ai.elimu.filamu,{'video_playback_position_ms': 52019},,,akili and me - letter c,3
5812786,1768087720,ai.elimu.filamu,,,,akili and me - the rectangle song,13
5812787,1768087752,ai.elimu.filamu,{'video_playback_position_ms': 52399},,,akili and me - the rectangle song,13
5812788,1768087832,ai.elimu.filamu,,,,[test] a test video,44
5812789,1768087851,ai.elimu.filamu,{'video_playback_position_ms': 49470},,,[test] a test video,44
5812790,1768087963,ai.elimu.filamu,,,,akili and me - letter a,1
5812791,1768087975,ai.elimu.filamu,{'video_playback_position_ms': 17823},,,akili and me - letter a,1
5812792,1768088053,ai.elimu.filamu,,,,[test] a test video,44
5812793,1768088088,ai.elimu.filamu,{'video_playback_position_ms': 56540},,,[test] a test video,44
5812794,1768088187,ai.elimu.filamu,,,,akili and me - letter d,4
5812795,1768088198,ai.elimu.filamu,{'video_playback_position_ms': 49595},,,akili and me - letter d,4
5812796,1768088315,ai.elimu.filamu,,,,akili and me - letter d,4
5812797,1768088349,ai.elimu.filamu,{'video_playback_position_ms': 17311},,,akili and me - letter d,4
5812798,1768088368,ai.elimu.filamu,,,,akili and me - letter d,4
5812799,1768088374,ai.elimu.filamu,{'video_playback_position_ms': 3258},,,akili and me - letter d,4
5812800,1768088400,ai.elimu.filamu,,,,[test] a test video,44
5812801,1768088408,ai.elimu.filamu,{'video_playback_position_ms': 56737},,,[test] a test video,44
5812802,1768088443,ai.elimu.filamu,,,,[test] a test video,44
5812803,1768088477,ai.elimu.filamu,{'video_playback_position_ms': 14661},,,[test] a test video,44
5812804,1768088546,ai.elimu.filamu,,,,akili and me - letter b,2
5812805,1768088561,ai.elimu.filamu,{'video_playback_position_ms': 16928},,,akili and me - letter b,2
5812806,1768088607,ai.elimu.filamu,,,,akili and me - letter i,33
5812807,1768088637,ai.elimu.filamu,{'video_playback_position_ms': 39703},,,akili and me - letter i,33
5812808,1768088659,ai.elimu.filamu,,,,akili and me - letter c,3
5812809,1768088694,ai.elimu.filamu,{'video_playback_position_ms': 5912},,,akili and me - letter c,3
5812810,1768088734,ai.elimu.filamu,,,,akili and me - letter d,4
5812811,1768088790,ai.elimu.filamu,{'video_playback_position_ms': 38289},,,akili and me - letter d,4
5812812,1768088827,ai.elimu.filamu,,,,akili and me - letter c,3
5812813,1768088862,ai.elimu.filamu,{'video_playback_position_ms': 13497},,,akili and me - letter c,3
5812814,1768088878,ai.elimu.filamu,,,,akili and me - letter i,33
5812815,1768088890,ai.elimu.filamu,{'video_playback_position_ms': 26516},,,akili and me - letter i,33
5812816,1768088909,ai.elimu.filamu,,,,akili and me - letter c,3
5812817,1768088966,ai.elimu.filamu,{'video_playback_position_ms': 1478},,,akili and me - letter c,3
5812818,1768089072,ai.elimu.filamu,,,,akili and me - the rectangle song,13
5812819,1768089074,ai.elimu.filamu,{'video_playback_position_ms': 45233},,,akili and me - the rectangle song,13
5812820,1768089138,ai.elimu.filamu,,,,akili and me - letter i,33
5812821,1768089168,ai.elimu.filamu,{'video_playback_position_ms': 12552},,,akili and me - letter i,33
5812822,1770594178,ai.elimu.filamu,,,,akili and me - letter a,1
5812823,1770594198,ai.elimu.filamu,{'video_playback_position_ms': 40272},,,akili and me - letter a,1
5812824,1770594303,ai.elimu.filamu,,,,akili and me - the rectangle song,13
5812825,1770594343,ai.elimu.filamu,{'video_playback_position_ms': 17735},,,akili and me - the rectangle song,13
5812826,1770594430,ai.elimu.filamu,,,,[test] a test video,44
5812827,1770594457,ai.elimu.filamu,{'video_playback_position_ms': 54970},,,[test] a test video,44
5812828,1770594567,ai.elimu.filamu,,,,akili and me - letter a,1
5812829,1770594613,ai.elimu.filamu,{'video_playback_position_ms': 17719},,,akili and me - letter a,1
5812830,1770594675,ai.elimu.filamu,,,,akili and me - letter a,1
5812831,1770594690,ai.elimu.filamu,{'video_playback_position_ms': 17971},,,akili and me - letter a,1
5812832,1770594720,ai.elimu.filamu,,,,akili and me - letter a,1
5812833,1770594734,ai.elimu.filamu,{'video_playback_position_ms': 42431},,,akili and me - letter a,1
5812834,1770594820,ai.elimu.filamu,,,,[test] a test video,44
5812835,1770594831,ai.elimu.filamu,{'video_playback_position_ms': 38702},,,[test] a test video,44
5812836,1770594914,ai.elimu.filamu,,,,akili and me - letter c,3
5812837,1770594922,ai.elimu.filamu,{'video_playback_position_ms': 23272},,,akili and me - letter c,3
5812866,1770681273,ai.elimu.filamu,,,,akili and me - letter i,33
5812867,1770681301,ai.elimu.filamu,{'video_playback_position_ms': 13936},,,akili and me - letter i,33
5812868,1770681335,ai.elimu.filamu,,,,akili and me - the rectangle song,13
5812869,1770681337,ai.elimu.filamu,{'video_playback_position_ms': 30548},,,akili and me - the rectangle song,13
5812870,1770681439,ai.elimu.filamu,,,,[test] a test video,44
5812871,1770681492,ai.elimu.filamu,{'video_playback_position_ms': 4827},,,[test] a test video,44
5812872,1770681565,ai.elimu.filamu,,,,akili and me - letter c,3
5812873,1770681614,ai.elimu.filamu,{'video_playback_position_ms': 34733},,,akili and me - letter c,3
5812874,1770681639,ai.elimu.filamu,,,,akili and me - letter d,4
5812875,1770681686,ai.elimu.filamu,{'video_playback_position_ms': 35641},,,akili and me - letter d,4
5812876,1770681730,ai.elimu.filamu,,,,akili and me - letter a,1
5812877,1770681759,ai.elimu.filamu,{'video_playback_position_ms': 34236},,,akili and me - letter a,1
5812878,1770681820,ai.elimu.filamu,,,,akili and me - letter c,3
5812879,1770681864,ai.elimu.filamu,{'video_playback_position_ms': 36976},,,akili and me - letter c,3
5812880,1770681957,ai.elimu.filamu,,,,akili and me - letter i,33
5812881,1770681965,ai.elimu.filamu,{'video_playback_position_ms': 23345},,,akili and me - letter i,33
5812882,1770682076,ai.elimu.filamu,,,,akili and me - letter d,4
5812883,1770682101,ai.elimu.filamu,{'video_playback_position_ms': 53358},,,akili and me - letter d,4
5812884,1770682145,ai.elimu.filamu,,,,akili and me - letter b,2
5812885,1770682202,ai.elimu.filamu,{'video_playback_position_ms': 30487},,,akili and me - letter b,2
5812886,1770826034,ai.elimu.filamu,,,,akili and me - the rectangle song,13
5812887,1770826047,ai.elimu.filamu,{'video_playback_position_ms': 25585},,,akili and me - the rectangle song,13
5812888,1770826120,ai.elimu.filamu,,,,akili and me - letter b,2
5812889,1770826143,ai.elimu.filamu,{'video_playback_position_ms': 11477},,,akili and me - letter b,2
5812890,1770826165,ai.elimu.filamu,,,,akili and me - letter i,33
5812891,1770826189,ai.elimu.filamu,{'video_playback_position_ms': 15583},,,akili and me - letter i,33
5812892,1770826222,ai.elimu.filamu,,,,akili and me - letter d,4
5812893,1770826249,ai.elimu.filamu,{'video_playback_position_ms': 35933},,,akili and me - letter d,4
5812894,1770826358,ai.elimu.filamu,,,,[test] a test video,44
5812895,1770826373,ai.elimu.filamu,{'video_playback_position_ms': 55789},,,[test] a test video,44
5812896,1770826405,ai.elimu.filamu,,,,akili and me - the rectangle song,13
5812897,1770826451,ai.elimu.filamu,{'video_playback_position_ms': 40524},,,akili and me - the rectangle song,13
5812898,1770826550,ai.elimu.filamu,,,,akili and me - letter b,2
5812899,1770826604,ai.elimu.filamu,{'video_playback_position_ms': 19745},,,akili and me - letter b,2
5812900,1770826634,ai.elimu.filamu,,,,akili and me - letter b,2
5812901,1770826664,ai.elimu.filamu,{'video_playback_position_ms': 2774},,,akili and me - letter b,2
5812902,1770826771,ai.elimu.filamu,,,,akili and me - letter a,1
5812903,1770826810,ai.elimu.filamu,{'video_playback_position_ms': 4988},,,akili and me - letter a,1
5812904,1770826920,ai.elimu.filamu,,,,akili and me - letter d,4
5812905,1770826977,ai.elimu.filamu,{'video_playback_position_ms': 12295},,,akili and me - letter d,4
5812906,1770827073,ai.elimu.filamu,,,,akili and me - the rectangle song,13
5812907,1770827084,ai.elimu.filamu,{'video_playback_position_ms': 24448},,,akili and me - the rectangle song,13
5812908,1770827152,ai.elimu.filamu,,,,akili and me - letter c,3
5812909,1770827185,ai.elimu.filamu,{'video_playback_position_ms': 54888},,,akili and me - letter c,3
5812984,1771028176,ai.elimu.filamu,,,,akili and me - letter i,33
5812985,1771028228,ai.elimu.filamu,{'video_playback_position_ms': 4022},,,akili and me - letter i,33
5812986,1771028293,ai.elimu.filamu,,,,akili and me - letter c,3
5812987,1771028336,ai.elimu.filamu,{'video_playback_position_ms': 16008},,,akili and me - letter c,3
5812988,1771028437,ai.elimu.filamu,,,,[test] a test video,44
5812989,1771028491,ai.elimu.filamu,{'video_playback_position_ms': 26528},,,[test] a test video,44
5812990,1771028550,ai.elimu.filamu,,,,akili and me - letter d,4
5812991,1771028574,ai.elimu.filamu,{'video_playback_position_ms': 52392},,,akili and me - letter d,4
5812992,1771028691,ai.elimu.filamu,,,,akili and me - letter b,2
5812993,1771028732,ai.elimu.filamu,{'video_playback_position_ms': 9202},,,akili and me - letter b,2
5812994,1771028775,ai.elimu.filamu,,,,akili and me - the rectangle song,13
5812995,1771028827,ai.elimu.filamu,{'video_playback_position_ms': 29420},,,akili and me - the rectangle song,13
5812996,1771028898,ai.elimu.filamu,,,,akili and me - the rectangle song,13
5812997,1771028929,ai.elimu.filamu,{'video_playback_position_ms': 44805},,,akili and me - the rectangle song,13
5812998,1771028978,ai.elimu.filamu,,,,akili and me - letter b,2
5812999,1771029008,ai.elimu.filamu,{'video_playback_position_ms': 22716},,,akili and me - letter b,2
5813000,1771029086,ai.elimu.filamu,,,,akili and me - letter c,3
5813001,1771029118,ai.elimu.filamu,{'video_playback_position_ms': 39633},,,akili and me - letter c,3
5813002,1771029190,ai.elimu.filamu,,,,akili and me - letter d,4
5813003,1771029243,ai.elimu.filamu,{'video_playback_position_ms': 48869},,,akili and me - letter d,4
5813004,1771029284,ai.elimu.filamu,,,,akili and me - letter d,4
5813005,1771029341,ai.elimu.filamu,{'video_playback_position_ms': 10837},,,akili and me - letter d,4
5813006,1771029395,ai.elimu.filamu,,,,akili and me - letter b,2
5813007,1771029436,ai.elimu.filamu,{'video_playback_position_ms': 55661},,,akili and me - letter b,2
5813008,1771029508,ai.elimu.filamu,,,,[test] a test video,44
5813009,1771029560,ai.elimu.filamu,{'video_playback_position_ms': 33773},,,[test] a test video,44
5813010,1771029644,ai.elimu.filamu,,,,akili and me - letter i,33
5813011,1771029687,ai.elimu.filamu,{'video_playback_position_ms': 46798},,,akili and me - letter i,33
5813012,1771029716,ai.elimu.filamu,,,,akili and me - letter d,4
5813013,1771029730,ai.elimu.filamu,{'video_playback_position_ms': 18957},,,akili and me - letter d,4
5813014,1771029772,ai.elimu.filamu,,,,akili and me - letter b,2
5813015,1771029826,ai.elimu.filamu,{'video_playback_position_ms': 22613},,,akili and me - letter b,2
5813016,1771029916,ai.elimu.filamu,,,,akili and me - letter a,1
5813017,1771029951,ai.elimu.filamu,{'video_playback_position_ms': 27026},,,akili and me - letter a,1
5813054,1771112892,ai.elimu.filamu,,,,akili and me - letter c,3
5813055,1771112905,ai.elimu.filamu,{'video_playback_position_ms': 29191},,,akili and me - letter c,3
5813056,1771112984,ai.elimu.filamu,,,,akili and me - letter c,3
5813057,1771113015,ai.elimu.filamu,{'video_playback_position_ms': 54040},,,akili and me - letter c,3
5813058,1771113056,ai.elimu.filamu,,,,akili and me - letter b,2
5813059,1771113074,ai.elimu.filamu,{'video_playback_position_ms': 46310},,,akili and me - letter b,2
5813060,1771113164,ai.elimu.filamu,,,,[test] a test video,44
5813061,1771113194,ai.elimu.filamu,{'video_playback_position_ms': 5021},,,[test] a test video,44
5813062,1771113260,ai.elimu.filamu,,,,akili and me - letter b,2
5813063,1771113282,ai.elimu.filamu,{'video_playback_position_ms': 19686},,,akili and me - letter b,2
5813064,1771113380,ai.elimu.filamu,,,,akili and me - letter d,4
5813065,1771113385,ai.elimu.filamu,{'video_playback_position_ms': 10257},,,akili and me - letter d,4
5813066,1771113432,ai.elimu.filamu,,,,akili and me - letter d,4
5813067,1771113464,ai.elimu.filamu,{'video_playback_position_ms': 43738},,,akili and me - letter d,4
5813068,1771113484,ai.elimu.filamu,,,,akili and me - the rectangle song,13
5813069,1771113521,ai.elimu.filamu,{'video_playback_position_ms': 48542},,,akili and me - the rectangle song,13
5813070,1771113551,ai.elimu.filamu,,,,[test] a test video,44
5813071,1771113593,ai.elimu.filamu,{'video_playback_position_ms': 3716},,,[test] a test video,44
5813072,1771113663,ai.elimu.filamu,,,,akili and me - letter a,1
5813073,1771113720,ai.elimu.filamu,{'video_playback_position_ms': 1075},,,akili and me - letter a,1
5813086,1771285204,ai.elimu.filamu,,,,akili and me - letter d,4
5813087,1771285249,ai.elimu.filamu,{'video_playback_position_ms': 40333},,,akili and me - letter d,4
5813088,1771285291,ai.elimu.filamu,,,,[test] a test video,44
5813089,1771285311,ai.elimu.filamu,{'video_playback_position_ms': 20633},,,[test] a test video,44
5813090,1771285352,ai.elimu.filamu,,,,akili and me - letter a,1
5813091,1771285359,ai.elimu.filamu,{'video_playback_position_ms': 51788},,,akili and me - letter a,1
5813092,1771285450,ai.elimu.filamu,,,,[test] a test video,44
5813093,1771285509,ai.elimu.filamu,{'video_playback_position_ms': 26335},,,[test] a test video,44
5813094,1771285537,ai.elimu.filamu,,,,akili and me - letter b,2
5813095,1771285549,ai.elimu.filamu,{'video_playback_position_ms': 10322},,,akili and me - letter b,2
5813096,1771285660,ai.elimu.filamu,,,,[test] a test video,44
5813097,1771285713,ai.elimu.filamu,{'video_playback_position_ms': 45926},,,[test] a test video,44
5813098,1771285736,ai.elimu.filamu,,,,akili and me - the rectangle song,13
5813099,1771285795,ai.elimu.filamu,{'video_playback_position_ms': 32674},,,akili and me - the rectangle song,13
5813100,1771285846,ai.elimu.filamu,,,,akili and me - letter i,33
5813101,1771285895,ai.elimu.filamu,{'video_playback_position_ms': 11163},,,akili and me - letter i,33
5813102,1771285942,ai.elimu.filamu,,,,akili and me - the rectangle song,13
5813103,1771285981,ai.elimu.filamu,{'video_playback_position_ms': 22050},,,akili and me - the rectangle song,13
5813104,1771286076,ai.elimu.filamu,,,,akili and me - letter d,4
5813105,1771286114,ai.elimu.filamu,{'video_playback_position_ms': 12932},,,akili and me - letter d,4
5813106,1771286184,ai.elimu.filamu,,,,akili and me - letter d,4
5813107,1771286241,ai.elimu.filamu,{'video_playback_position_ms': 2547},,,akili and me - letter d,4
5813114,1771371619,ai.elimu.filamu,,,,akili and me - letter d,4
5813115,1771371651,ai.elimu.filamu,{'video_playback_position_ms': 23804},,,akili and me - letter d,4
5813116,1771371742,ai.elimu.filamu,,,,akili and me - letter a,1
5813117,1771371746,ai.elimu.filamu,{'video_playback_position_ms': 57867},,,akili and me - letter a,1
5813118,1771371841,ai.elimu.filamu,,,,[test] a test video,44
5813119,1771371876,ai.elimu.filamu,{'video_playback_position_ms': 32750},,,[test] a test video,44
5813120,1771371925,ai.elimu.filamu,,,,akili and me - letter c,3
5813121,1771371948,ai.elimu.filamu,{'video_playback_position_ms': 51195},,,akili and me - letter c,3
5813122,1771371968,ai.elimu.filamu,,,,akili and me - letter d,4
5813123,1771371985,ai.elimu.filamu,{'video_playback_position_ms': 47897},,,akili and me - letter d,4
5813124,1771372074,ai.elimu.filamu,,,,akili and me - letter b,2
5813125,1771372100,ai.elimu.filamu,{'video_playback_position_ms': 41872},,,akili and me - letter b,2
5813126,1771372191,ai.elimu.filamu,,,,akili and me - letter b,2
5813127,1771372206,ai.elimu.filamu,{'video_playback_position_ms': 57969},,,akili and me - letter b,2
5813128,1771372250,ai.elimu.filamu,,,,akili and me - letter i,33
5813129,1771372303,ai.elimu.filamu,{'video_playback_position_ms': 23456},,,akili and me - letter i,33
5813130,1771372362,ai.elimu.filamu,,,,[test] a test video,44
5813131,1771372368,ai.elimu.filamu,{'video_playback_position_ms': 35502},,,[test] a test video,44
5813132,1771372444,ai.elimu.filamu,,,,akili and me - the rectangle song,13
5813133,1771372458,ai.elimu.filamu,{'video_playback_position_ms': 9386},,,akili and me - the rectangle song,13
5813160,1771458126,ai.elimu.filamu,,,,[test] a test video,44
5813161,1771458129,ai.elimu.filamu,{'video_playback_position_ms': 36189},,,[test] a test video,44
5813162,1771458193,ai.elimu.filamu,,,,[test] a test video,44
5813163,1771458243,ai.elimu.filamu,{'video_playback_position_ms': 26701},,,[test] a test video,44
5813164,1771458348,ai.elimu.filamu,,,,akili and me - letter b,2
5813165,1771458381,ai.elimu.filamu,{'video_playback_position_ms': 12921},,,akili and me - letter b,2
5813166,1771458464,ai.elimu.filamu,,,,akili and me - letter i,33
5813167,1771458503,ai.elimu.filamu,{'video_playback_position_ms': 23258},,,akili and me - letter i,33
5813168,1771458589,ai.elimu.filamu,,,,[test] a test video,44
5813169,1771458639,ai.elimu.filamu,{'video_playback_position_ms': 21206},,,[test] a test video,44
5813170,1771458718,ai.elimu.filamu,,,,akili and me - letter c,3
5813171,1771458739,ai.elimu.filamu,{'video_playback_position_ms': 39732},,,akili and me - letter c,3
5813172,1771458787,ai.elimu.filamu,,,,[test] a test video,44
5813173,1771458821,ai.elimu.filamu,{'video_playback_position_ms': 53409},,,[test] a test video,44
5813174,1771458843,ai.elimu.filamu,,,,akili and me - letter c,3
5813175,1771458859,ai.elimu.filamu,{'video_playback_position_ms': 51413},,,akili and me - letter c,3
5813176,1771458881,ai.elimu.filamu,,,,akili and me - letter i,33
5813177,1771458923,ai.elimu.filamu,{'video_playback_position_ms': 3871},,,akili and me - letter i,33
5813178,1771458960,ai.elimu.filamu,,,,akili and me - letter c,3
5813179,1771458988,ai.elimu.filamu,{'video_playback_position_ms': 15900},,,akili and me - letter c,3
5813180,1771459077,ai.elimu.filamu,,,,akili and me - letter a,1
5813181,1771459095,ai.elimu.filamu,{'video_playback_position_ms': 1470},,,akili and me - letter a,1
5813182,1771459210,ai.elimu.filamu,,,,akili and me - letter b,2
5813183,1771459221,ai.elimu.filamu,{'video_playback_position_ms': 18712},,,akili and me - letter b,2
5813184,1771459241,ai.elimu.filamu,,,,[test] a test video,44
5813185,1771459285,ai.elimu.filamu,{'video_playback_position_ms': 38099},,,[test] a test video,44
5813239,1771546055,ai.elimu.filamu,,,,akili and me - letter b,2
5813240,1771546073,ai.elimu.filamu,{'video_playback_position_ms': 29680},,,akili and me - letter b,2
5813241,1771546121,ai.elimu.filamu,,,,akili and me - letter d,4
5813242,1771546176,ai.elimu.filamu,{'video_playback_position_ms': 12538},,,akili and me - letter d,4
5813243,1771546224,ai.elimu.filamu,,,,akili and me - letter b,2
5813244,1771546241,ai.elimu.filamu,{'video_playback_position_ms': 27165},,,akili and me - letter b,2
5813245,1771546346,ai.elimu.filamu,,,,akili and me - letter a,1
5813246,1771546372,ai.elimu.filamu,{'video_playback_position_ms': 44542},,,akili and me - letter a,1
5813247,1771546435,ai.elimu.filamu,,,,akili and me - the rectangle song,13
5813248,1771546481,ai.elimu.filamu,{'video_playback_position_ms': 47745},,,akili and me - the rectangle song,13
5813249,1771546568,ai.elimu.filamu,,,,akili and me - letter a,1
5813250,1771546593,ai.elimu.filamu,{'video_playback_position_ms': 47037},,,akili and me - letter a,1
5813251,1771546691,ai.elimu.filamu,,,,akili and me - letter a,1
5813252,1771546746,ai.elimu.filamu,{'video_playback_position_ms': 43359},,,akili and me - letter a,1
5813253,1771546777,ai.elimu.filamu,,,,akili and me - letter d,4
5813254,1771546788,ai.elimu.filamu,{'video_playback_position_ms': 32351},,,akili and me - letter d,4
5813255,1771546833,ai.elimu.filamu,,,,akili and me - letter c,3
5813256,1771546885,ai.elimu.filamu,{'video_playback_position_ms': 27599},,,akili and me - letter c,3
5813257,1771546957,ai.elimu.filamu,,,,akili and me - letter a,1
5813258,1771546993,ai.elimu.filamu,{'video_playback_position_ms': 24692},,,akili and me - letter a,1
5813259,1771547109,ai.elimu.filamu,,,,akili and me - letter c,3
5813260,1771547149,ai.elimu.filamu,{'video_playback_position_ms': 45981},,,akili and me - letter c,3
5813261,1771547242,ai.elimu.filamu,,,,akili and me - letter d,4
5813262,1771547248,ai.elimu.filamu,{'video_playback_position_ms': 15499},,,akili and me - letter d,4
5813263,1771547310,ai.elimu.filamu,,,,[test] a test video,44
5813264,1771547340,ai.elimu.filamu,{'video_playback_position_ms': 39780},,,[test] a test video,44
5813265,1771547400,ai.elimu.filamu,,,,[test] a test video,44
5813266,1771547452,ai.elimu.filamu,{'video_playback_position_ms': 15310},,,[test] a test video,44
5813267,1771547564,ai.elimu.filamu,,,,akili and me - letter b,2
5813268,1771547604,ai.elimu.filamu,{'video_playback_position_ms': 36467},,,akili and me - letter b,2
5813269,1771547693,ai.elimu.filamu,,,,akili and me - the rectangle song,13
5813270,1771547734,ai.elimu.filamu,{'video_playback_position_ms': 9636},,,akili and me - the rectangle song,13
5813271,1771547761,ai.elimu.filamu,,,,[test] a test video,44
5813272,1771547791,ai.elimu.filamu,{'video_playback_position_ms': 50755},,,[test] a test video,44
5813273,1771547814,ai.elimu.filamu,,,,akili and me - letter d,4
5813274,1771547818,ai.elimu.filamu,{'video_playback_position_ms': 6303},,,akili and me - letter d,4
5813275,1771547839,ai.elimu.filamu,,,,akili and me - letter a,1
5813276,1771547880,ai.elimu.filamu,{'video_playback_position_ms': 16351},,,akili and me - letter a,1
5813309,1771717511,ai.elimu.filamu,,,,akili and me - letter i,33
5813310,1771717537,ai.elimu.filamu,{'video_playback_position_ms': 54735},,,akili and me - letter i,33
5813311,1771717594,ai.elimu.filamu,,,,akili and me - the rectangle song,13
5813312,1771717632,ai.elimu.filamu,{'video_playback_position_ms': 4164},,,akili and me - the rectangle song,13
5813313,1771717726,ai.elimu.filamu,,,,[test] a test video,44
5813314,1771717779,ai.elimu.filamu,{'video_playback_position_ms': 8765},,,[test] a test video,44
5813315,1771717852,ai.elimu.filamu,,,,akili and me - letter d,4
5813316,1771717898,ai.elimu.filamu,{'video_playback_position_ms': 4925},,,akili and me - letter d,4
5813317,1771717956,ai.elimu.filamu,,,,akili and me - letter a,1
5813318,1771718015,ai.elimu.filamu,{'video_playback_position_ms': 26211},,,akili and me - letter a,1
5813319,1771718099,ai.elimu.filamu,,,,akili and me - letter a,1
5813320,1771718136,ai.elimu.filamu,{'video_playback_position_ms': 11423},,,akili and me - letter a,1
5813321,1771718154,ai.elimu.filamu,,,,akili and me - the rectangle song,13
5813322,1771718166,ai.elimu.filamu,{'video_playback_position_ms': 20859},,,akili and me - the rectangle song,13
5813323,1771718194,ai.elimu.filamu,,,,akili and me - letter c,3
5813324,1771718202,ai.elimu.filamu,{'video_playback_position_ms': 46292},,,akili and me - letter c,3
5813325,1771718238,ai.elimu.filamu,,,,akili and me - the rectangle song,13
5813326,1771718269,ai.elimu.filamu,{'video_playback_position_ms': 14730},,,akili and me - the rectangle song,13
5813327,1771718359,ai.elimu.filamu,,,,[test] a test video,44
5813328,1771718371,ai.elimu.filamu,{'video_playback_position_ms': 59453},,,[test] a test video,44
5813329,1771718404,ai.elimu.filamu,,,,akili and me - letter c,3
5813330,1771718445,ai.elimu.filamu,{'video_playback_position_ms': 55700},,,akili and me - letter c,3
5813331,1771718513,ai.elimu.filamu,,,,akili and me - letter a,1
5813332,1771718535,ai.elimu.filamu,{'video_playback_position_ms': 9324},,,akili and me - letter a,1
5813333,1771718651,ai.elimu.filamu,,,,akili and me - letter c,3
5813334,1771718667,ai.elimu.filamu,{'video_playback_position_ms': 30818},,,akili and me - letter c,3
5813335,1771718749,ai.elimu.filamu,,,,akili and me - letter i,33
5813336,1771718760,ai.elimu.filamu,{'video_playback_position_ms': 16420},,,akili and me - letter i,33
5813337,1771718813,ai.elimu.filamu,,,,akili and me - letter i,33
5813338,1771718821,ai.elimu.filamu,{'video_playback_position_ms': 39456},,,akili and me - letter i,33
5813349,1771804434,ai.elimu.filamu,,,,akili and me - letter c,3
5813350,1771804447,ai.elimu.filamu,{'video_playback_position_ms': 24198},,,akili and me - letter c,3
5813351,1771804541,ai.elimu.filamu,,,,akili and me - letter a,1
5813352,1771804598,ai.elimu.filamu,{'video_playback_position_ms': 12497},,,akili and me - letter a,1
5813381,1772062800,ai.elimu.filamu,,,,akili and me - letter d,4
5813382,1772062808,ai.elimu.filamu,{'video_playback_position_ms': 22166},,,akili and me - letter d,4
5813383,1772062838,ai.elimu.filamu,,,,[test] a test video,44
5813384,1772062874,ai.elimu.filamu,{'video_playback_position_ms': 37879},,,[test] a test video,44
5813385,1772062899,ai.elimu.filamu,,,,akili and me - letter c,3
5813386,1772062918,ai.elimu.filamu,{'video_playback_position_ms': 24262},,,akili and me - letter c,3
5813387,1772062964,ai.elimu.filamu,,,,akili and me - letter c,3
5813388,1772062978,ai.elimu.filamu,{'video_playback_position_ms': 16412},,,akili and me - letter c,3
5813389,1772063058,ai.elimu.filamu,,,,akili and me - letter b,2
5813390,1772063084,ai.elimu.filamu,{'video_playback_position_ms': 25417},,,akili and me - letter b,2
5813391,1772063116,ai.elimu.filamu,,,,akili and me - letter c,3
5813392,1772063152,ai.elimu.filamu,{'video_playback_position_ms': 54318},,,akili and me - letter c,3
5813393,1772063244,ai.elimu.filamu,,,,akili and me - letter c,3
5813394,1772063255,ai.elimu.filamu,{'video_playback_position_ms': 48396},,,akili and me - letter c,3
5813395,1772063308,ai.elimu.filamu,,,,akili and me - letter b,2
5813396,1772063340,ai.elimu.filamu,{'video_playback_position_ms': 54001},,,akili and me - letter b,2
5813397,1772063357,ai.elimu.filamu,,,,akili and me - letter b,2
5813398,1772063387,ai.elimu.filamu,{'video_playback_position_ms': 42765},,,akili and me - letter b,2
5813399,1772063426,ai.elimu.filamu,,,,akili and me - letter b,2
5813400,1772063461,ai.elimu.filamu,{'video_playback_position_ms': 21148},,,akili and me - letter b,2
5813401,1772063505,ai.elimu.filamu,,,,akili and me - the rectangle song,13
5813402,1772063551,ai.elimu.filamu,{'video_playback_position_ms': 28855},,,akili and me - the rectangle song,13
5813403,1772063567,ai.elimu.filamu,,,,akili and me - letter i,33
5813404,1772063593,ai.elimu.filamu,{'video_playback_position_ms': 8372},,,akili and me - letter i,33
5813405,1772063677,ai.elimu.filamu,,,,akili and me - letter c,3
5813406,1772063719,ai.elimu.filamu,{'video_playback_position_ms': 2408},,,akili and me - letter c,3
5813407,1772063785,ai.elimu.filamu,,,,akili and me - the rectangle song,13
5813408,1772063792,ai.elimu.filamu,{'video_playback_position_ms': 22005},,,akili and me - the rectangle song,13
5813409,1772063823,ai.elimu.filamu,,,,akili and me - letter a,1
5813410,1772063873,ai.elimu.filamu,{'video_playback_position_ms': 43820},,,akili and me - letter a,1
5813411,1772063976,ai.elimu.filamu,,,,akili and me - letter a,1
5813412,1772063988,ai.elimu.filamu,{'video_playback_position_ms': 52358},,,akili and me - letter a,1
5813431,1772321620,ai.elimu.filamu,,,,akili and me - letter a,1
5813432,1772321665,ai.elimu.filamu,{'video_playback_position_ms': 19690},,,akili and me - letter a,1
5813433,1772321722,ai.elimu.filamu,,,,akili and me - letter a,1
5813434,1772321781,ai.elimu.filamu,{'video_playback_position_ms': 46182},,,akili and me - letter a,1
5813435,1772321834,ai.elimu.filamu,,,,akili and me - letter a,1
5813436,1772321888,ai.elimu.filamu,{'video_playback_position_ms': 23020},,,akili and me - letter a,1
5813437,1772321981,ai.elimu.filamu,,,,akili and me - letter i,33
5813438,1772322035,ai.elimu.filamu,{'video_playback_position_ms': 24637},,,akili and me - letter i,33
5813439,1772322140,ai.elimu.filamu,,,,akili and me - letter c,3
5813440,1772322156,ai.elimu.filamu,{'video_playback_position_ms': 36132},,,akili and me - letter c,3
5813441,1772322212,ai.elimu.filamu,,,,akili and me - letter a,1
5813442,1772322228,ai.elimu.filamu,{'video_playback_position_ms': 25867},,,akili and me - letter a,1
5813443,1772322270,ai.elimu.filamu,,,,akili and me - the rectangle song,13
5813444,1772322291,ai.elimu.filamu,{'video_playback_position_ms': 4263},,,akili and me - the rectangle song,13
5813445,1772322383,ai.elimu.filamu,,,,akili and me - letter i,33
5813446,1772322435,ai.elimu.filamu,{'video_playback_position_ms': 16852},,,akili and me - letter i,33
5813447,1772322508,ai.elimu.filamu,,,,akili and me - letter a,1
5813448,1772322521,ai.elimu.filamu,{'video_playback_position_ms': 45281},,,akili and me - letter a,1
5813449,1772322615,ai.elimu.filamu,,,,akili and me - letter c,3
5813450,1772322661,ai.elimu.filamu,{'video_playback_position_ms': 25137},,,akili and me - letter c,3
5813451,1772322743,ai.elimu.filamu,,,,[test] a test video,44
5813452,1772322802,ai.elimu.filamu,{'video_playback_position_ms': 53860},,,[test] a test video,44
5813453,1772322820,ai.elimu.filamu,,,,akili and me - the rectangle song,13
5813454,1772322839,ai.elimu.filamu,{'video_playback_position_ms': 45102},,,akili and me - the rectangle song,13
5813455,1772322952,ai.elimu.filamu,,,,akili and me - letter c,3
5813456,1772322985,ai.elimu.filamu,{'video_playback_position_ms': 59184},,,akili and me - letter c,3
5813457,1772323063,ai.elimu.filamu,,,,akili and me - letter i,33
5813458,1772323089,ai.elimu.filamu,{'video_playback_position_ms': 17451},,,akili and me - letter i,33
5813459,1772323136,ai.elimu.filamu,,,,akili and me - letter c,3
5813460,1772323172,ai.elimu.filamu,{'video_playback_position_ms': 18866},,,akili and me - letter c,3
5813461,1772323221,ai.elimu.filamu,,,,akili and me - the rectangle song,13
5813462,1772323271,ai.elimu.filamu,{'video_playback_position_ms': 13246},,,akili and me - the rectangle song,13
5813463,1772323385,ai.elimu.filamu,,,,akili and me - letter a,1
5813464,1772323439,ai.elimu.filamu,{'video_playback_position_ms': 36943},,,akili and me - letter a,1
5813573,1772755070,ai.elimu.filamu,,,,akili and me - letter d,4
5813574,1772755120,ai.elimu.filamu,{'video_playback_position_ms': 11638},,,akili and me - letter d,4
5813575,1772755225,ai.elimu.filamu,,,,akili and me - letter c,3
5813576,1772755255,ai.elimu.filamu,{'video_playback_position_ms': 16917},,,akili and me - letter c,3
5813577,1772755336,ai.elimu.filamu,,,,akili and me - letter c,3
5813578,1772755388,ai.elimu.filamu,{'video_playback_position_ms': 48647},,,akili and me - letter c,3
5813579,1772755405,ai.elimu.filamu,,,,akili and me - letter i,33
5813580,1772755450,ai.elimu.filamu,{'video_playback_position_ms': 45007},,,akili and me - letter i,33
5813581,1772755509,ai.elimu.filamu,,,,akili and me - letter i,33
5813582,1772755547,ai.elimu.filamu,{'video_playback_position_ms': 59452},,,akili and me - letter i,33
5813583,1772755611,ai.elimu.filamu,,,,akili and me - the rectangle song,13
5813584,1772755646,ai.elimu.filamu,{'video_playback_position_ms': 3094},,,akili and me - the rectangle song,13
5813585,1772755701,ai.elimu.filamu,,,,akili and me - letter a,1
5813586,1772755735,ai.elimu.filamu,{'video_playback_position_ms': 40792},,,akili and me - letter a,1
5813587,1772755770,ai.elimu.filamu,,,,akili and me - letter b,2
5813588,1772755806,ai.elimu.filamu,{'video_playback_position_ms': 51861},,,akili and me - letter b,2
5813589,1772755884,ai.elimu.filamu,,,,akili and me - letter c,3
5813590,1772755900,ai.elimu.filamu,{'video_playback_position_ms': 13873},,,akili and me - letter c,3
5813591,1772755943,ai.elimu.filamu,,,,akili and me - letter a,1
5813592,1772755984,ai.elimu.filamu,{'video_playback_position_ms': 17625},,,akili and me - letter a,1
5813593,1772756075,ai.elimu.filamu,,,,akili and me - the rectangle song,13
5813594,1772756126,ai.elimu.filamu,{'video_playback_position_ms': 51529},,,akili and me - the rectangle song,13
5813595,1772756149,ai.elimu.filamu,,,,akili and me - the rectangle song,13
5813596,1772756157,ai.elimu.filamu,{'video_playback_position_ms': 23235},,,akili and me - the rectangle song,13
5813599,1772840315,ai.elimu.filamu,,,,akili and me - letter a,1
5813600,1772840355,ai.elimu.filamu,{'video_playback_position_ms': 10778},,,akili and me - letter a,1
5813601,1772840411,ai.elimu.filamu,,,,akili and me - letter c,3
5813602,1772840461,ai.elimu.filamu,{'video_playback_position_ms': 57074},,,akili and me - letter c,3
5813603,1772840542,ai.elimu.filamu,,,,akili and me - letter d,4
5813604,1772840575,ai.elimu.filamu,{'video_playback_position_ms': 37609},,,akili and me - letter d,4
5813605,1772840669,ai.elimu.filamu,,,,akili and me - letter i,33
5813606,1772840727,ai.elimu.filamu,{'video_playback_position_ms': 35969},,,akili and me - letter i,33
5813607,1772840810,ai.elimu.filamu,,,,akili and me - the rectangle song,13
5813608,1772840856,ai.elimu.filamu,{'video_playback_position_ms': 19829},,,akili and me - the rectangle song,13
5813609,1772840877,ai.elimu.filamu,,,,akili and me - letter c,3
5813610,1772840927,ai.elimu.filamu,{'video_playback_position_ms': 12538},,,akili and me - letter c,3
5813611,1772841036,ai.elimu.filamu,,,,[test] a test video,44
5813612,1772841044,ai.elimu.filamu,{'video_playback_position_ms': 10594},,,[test] a test video,44
5813613,1772841147,ai.elimu.filamu,,,,akili and me - letter b,2
5813614,1772841175,ai.elimu.filamu,{'video_playback_position_ms': 42955},,,akili and me - letter b,2
5813615,1772841285,ai.elimu.filamu,,,,akili and me - letter a,1
5813616,1772841291,ai.elimu.filamu,{'video_playback_position_ms': 28985},,,akili and me - letter a,1
5813623,1772927479,ai.elimu.filamu,,,,akili and me - letter i,33
5813624,1772927508,ai.elimu.filamu,{'video_playback_position_ms': 6153},,,akili and me - letter i,33
5813649,1773186379,ai.elimu.filamu,,,,akili and me - letter a,1
5813650,1773186403,ai.elimu.filamu,{'video_playback_position_ms': 31455},,,akili and me - letter a,1
5813689,1773531489,ai.elimu.filamu,,,,[test] a test video,44
5813690,1773531546,ai.elimu.filamu,{'video_playback_position_ms': 27366},,,[test] a test video,44
5813691,1773531611,ai.elimu.filamu,,,,akili and me - letter b,2
5813692,1773531636,ai.elimu.filamu,{'video_playback_position_ms': 52009},,,akili and me - letter b,2
5813693,1773531730,ai.elimu.filamu,,,,[test] a test video,44
5813694,1773531773,ai.elimu.filamu,{'video_playback_position_ms': 1368},,,[test] a test video,44
5813695,1773531819,ai.elimu.filamu,,,,akili and me - letter i,33
5813696,1773531869,ai.elimu.filamu,{'video_playback_position_ms': 33600},,,akili and me - letter i,33
5813697,1773531885,ai.elimu.filamu,,,,akili and me - letter a,1
5813698,1773531943,ai.elimu.filamu,{'video_playback_position_ms': 1148},,,akili and me - letter a,1
5813699,1773531996,ai.elimu.filamu,,,,akili and me - the rectangle song,13
5813700,1773532002,ai.elimu.filamu,{'video_playback_position_ms': 49197},,,akili and me - the rectangle song,13
5813701,1773532097,ai.elimu.filamu,,,,akili and me - letter d,4
5813702,1773532105,ai.elimu.filamu,{'video_playback_position_ms': 46504},,,akili and me - letter d,4
5813703,1773532152,ai.elimu.filamu,,,,akili and me - the rectangle song,13
5813704,1773532183,ai.elimu.filamu,{'video_playback_position_ms': 58703},,,akili and me - the rectangle song,13
5813705,1773532247,ai.elimu.filamu,,,,akili and me - letter a,1
5813706,1773532290,ai.elimu.filamu,{'video_playback_position_ms': 10318},,,akili and me - letter a,1
5813755,1773791026,ai.elimu.filamu,,,,akili and me - letter b,2
5813756,1773791083,ai.elimu.filamu,{'video_playback_position_ms': 32114},,,akili and me - letter b,2
5813807,1773963663,ai.elimu.filamu,,,,akili and me - letter d,4
5813808,1773963713,ai.elimu.filamu,{'video_playback_position_ms': 33572},,,akili and me - letter d,4
5813809,1773963807,ai.elimu.filamu,,,,akili and me - letter d,4
5813810,1773963856,ai.elimu.filamu,{'video_playback_position_ms': 53055},,,akili and me - letter d,4
5813811,1773963905,ai.elimu.filamu,,,,akili and me - letter d,4
5813812,1773963951,ai.elimu.filamu,{'video_playback_position_ms': 54964},,,akili and me - letter d,4
5813813,1773964044,ai.elimu.filamu,,,,akili and me - letter i,33
5813814,1773964049,ai.elimu.filamu,{'video_playback_position_ms': 43345},,,akili and me - letter i,33
5813815,1773964156,ai.elimu.filamu,,,,akili and me - letter i,33
5813816,1773964203,ai.elimu.filamu,{'video_playback_position_ms': 47226},,,akili and me - letter i,33
5813817,1773964257,ai.elimu.filamu,,,,[test] a test video,44
5813818,1773964277,ai.elimu.filamu,{'video_playback_position_ms': 37075},,,[test] a test video,44
5813819,1773964295,ai.elimu.filamu,,,,akili and me - letter c,3
5813820,1773964344,ai.elimu.filamu,{'video_playback_position_ms': 25392},,,akili and me - letter c,3
5813821,1773964362,ai.elimu.filamu,,,,[test] a test video,44
5813822,1773964395,ai.elimu.filamu,{'video_playback_position_ms': 37327},,,[test] a test video,44
5813823,1773964447,ai.elimu.filamu,,,,akili and me - the rectangle song,13
5813824,1773964468,ai.elimu.filamu,{'video_playback_position_ms': 41047},,,akili and me - the rectangle song,13
5813825,1773964579,ai.elimu.filamu,,,,akili and me - letter i,33
5813826,1773964614,ai.elimu.filamu,{'video_playback_position_ms': 24698},,,akili and me - letter i,33
5813827,1773964711,ai.elimu.filamu,,,,akili and me - letter c,3
5813828,1773964755,ai.elimu.filamu,{'video_playback_position_ms': 22230},,,akili and me - letter c,3
5813829,1773964854,ai.elimu.filamu,,,,akili and me - the rectangle song,13
5813830,1773964857,ai.elimu.filamu,{'video_playback_position_ms': 12567},,,akili and me - the rectangle song,13
5813831,1773964944,ai.elimu.filamu,,,,akili and me - letter b,2
5813832,1773964991,ai.elimu.filamu,{'video_playback_position_ms': 45951},,,akili and me - letter b,2
5813833,1773965016,ai.elimu.filamu,,,,[test] a test video,44
5813834,1773965021,ai.elimu.filamu,{'video_playback_position_ms': 29265},,,[test] a test video,44
5813835,1773965139,ai.elimu.filamu,,,,akili and me - letter b,2
5813836,1773965194,ai.elimu.filamu,{'video_playback_position_ms': 36180},,,akili and me - letter b,2
5813837,1774049957,ai.elimu.filamu,,,,akili and me - letter d,4
5813838,1774049974,ai.elimu.filamu,{'video_playback_position_ms': 48706},,,akili and me - letter d,4
5813839,1774050059,ai.elimu.filamu,,,,akili and me - letter a,1
5813840,1774050093,ai.elimu.filamu,{'video_playback_position_ms': 54569},,,akili and me - letter a,1
5813841,1774050117,ai.elimu.filamu,,,,akili and me - letter i,33
5813842,1774050165,ai.elimu.filamu,{'video_playback_position_ms': 49277},,,akili and me - letter i,33
5813843,1774050228,ai.elimu.filamu,,,,akili and me - letter i,33
5813844,1774050280,ai.elimu.filamu,{'video_playback_position_ms': 37141},,,akili and me - letter i,33
5813845,1774050305,ai.elimu.filamu,,,,akili and me - letter b,2
5813846,1774050347,ai.elimu.filamu,{'video_playback_position_ms': 21796},,,akili and me - letter b,2
5813847,1774050403,ai.elimu.filamu,,,,[test] a test video,44
5813848,1774050432,ai.elimu.filamu,{'video_playback_position_ms': 42668},,,[test] a test video,44
5813849,1774050479,ai.elimu.filamu,,,,akili and me - letter i,33
5813850,1774050516,ai.elimu.filamu,{'video_playback_position_ms': 57439},,,akili and me - letter i,33
5813851,1774050602,ai.elimu.filamu,,,,akili and me - letter b,2
5813852,1774050614,ai.elimu.filamu,{'video_playback_position_ms': 2348},,,akili and me - letter b,2
5813853,1774050706,ai.elimu.filamu,,,,akili and me - letter b,2
5813854,1774050762,ai.elimu.filamu,{'video_playback_position_ms': 22886},,,akili and me - letter b,2
5813855,1774050777,ai.elimu.filamu,,,,akili and me - letter a,1
5813856,1774050789,ai.elimu.filamu,{'video_playback_position_ms': 31883},,,akili and me - letter a,1
5813857,1774050878,ai.elimu.filamu,,,,[test] a test video,44
5813858,1774050916,ai.elimu.filamu,{'video_playback_position_ms': 27351},,,[test] a test video,44
5813859,1774050972,ai.elimu.filamu,,,,akili and me - letter c,3
5813860,1774050984,ai.elimu.filamu,{'video_playback_position_ms': 30759},,,akili and me - letter c,3
5813861,1774051053,ai.elimu.filamu,,,,akili and me - the rectangle song,13
5813862,1774051079,ai.elimu.filamu,{'video_playback_position_ms': 43380},,,akili and me - the rectangle song,13
5813863,1774051190,ai.elimu.filamu,,,,akili and me - letter c,3
5813864,1774051210,ai.elimu.filamu,{'video_playback_position_ms': 38990},,,akili and me - letter c,3
5813865,1774051240,ai.elimu.filamu,,,,akili and me - letter d,4
5813866,1774051254,ai.elimu.filamu,{'video_playback_position_ms': 21442},,,akili and me - letter d,4
5813867,1774051273,ai.elimu.filamu,,,,akili and me - letter i,33
5813868,1774051292,ai.elimu.filamu,{'video_playback_position_ms': 23629},,,akili and me - letter i,33
5813869,1774051352,ai.elimu.filamu,,,,[test] a test video,44
5813870,1774051368,ai.elimu.filamu,{'video_playback_position_ms': 54301},,,[test] a test video,44
5813927,1774224038,ai.elimu.filamu,,,,akili and me - letter b,2
5813928,1774224063,ai.elimu.filamu,{'video_playback_position_ms': 42217},,,akili and me - letter b,2
5813929,1774224128,ai.elimu.filamu,,,,akili and me - letter c,3
5813930,1774224181,ai.elimu.filamu,{'video_playback_position_ms': 57978},,,akili and me - letter c,3
5813931,1774224271,ai.elimu.filamu,,,,akili and me - letter c,3
5813932,1774224316,ai.elimu.filamu,{'video_playback_position_ms': 19603},,,akili and me - letter c,3
5813933,1774224394,ai.elimu.filamu,,,,akili and me - letter a,1
5813934,1774224435,ai.elimu.filamu,{'video_playback_position_ms': 38646},,,akili and me - letter a,1
5813935,1774224530,ai.elimu.filamu,,,,akili and me - letter c,3
5813936,1774224565,ai.elimu.filamu,{'video_playback_position_ms': 52145},,,akili and me - letter c,3
5813937,1774224664,ai.elimu.filamu,,,,akili and me - letter a,1
5813938,1774224724,ai.elimu.filamu,{'video_playback_position_ms': 34855},,,akili and me - letter a,1
5813939,1774224773,ai.elimu.filamu,,,,akili and me - the rectangle song,13
5813940,1774224805,ai.elimu.filamu,{'video_playback_position_ms': 14946},,,akili and me - the rectangle song,13
5813941,1774224866,ai.elimu.filamu,,,,[test] a test video,44
5813942,1774224905,ai.elimu.filamu,{'video_playback_position_ms': 37003},,,[test] a test video,44
5813943,1774225012,ai.elimu.filamu,,,,[test] a test video,44
5813944,1774225028,ai.elimu.filamu,{'video_playback_position_ms': 50687},,,[test] a test video,44
5813945,1774225122,ai.elimu.filamu,,,,akili and me - letter i,33
5813946,1774225130,ai.elimu.filamu,{'video_playback_position_ms': 57482},,,akili and me - letter i,33
5813977,1774309496,ai.elimu.filamu,,,,akili and me - letter d,4
5813978,1774309522,ai.elimu.filamu,{'video_playback_position_ms': 55121},,,akili and me - letter d,4
5813979,1774309601,ai.elimu.filamu,,,,akili and me - letter c,3
5813980,1774309612,ai.elimu.filamu,{'video_playback_position_ms': 42450},,,akili and me - letter c,3
5813981,1774309708,ai.elimu.filamu,,,,akili and me - letter i,33
5813982,1774309761,ai.elimu.filamu,{'video_playback_position_ms': 47414},,,akili and me - letter i,33
5813983,1774309844,ai.elimu.filamu,,,,[test] a test video,44
5813984,1774309847,ai.elimu.filamu,{'video_playback_position_ms': 34569},,,[test] a test video,44
5813985,1774309911,ai.elimu.filamu,,,,akili and me - letter c,3
5813986,1774309965,ai.elimu.filamu,{'video_playback_position_ms': 52926},,,akili and me - letter c,3
5813987,1774310068,ai.elimu.filamu,,,,akili and me - letter b,2
5813988,1774310128,ai.elimu.filamu,{'video_playback_position_ms': 34446},,,akili and me - letter b,2
5813989,1774310158,ai.elimu.filamu,,,,akili and me - letter d,4
5813990,1774310164,ai.elimu.filamu,{'video_playback_position_ms': 12338},,,akili and me - letter d,4
5813991,1774310209,ai.elimu.filamu,,,,akili and me - letter d,4
5813992,1774310269,ai.elimu.filamu,{'video_playback_position_ms': 47690},,,akili and me - letter d,4
5813993,1774310354,ai.elimu.filamu,,,,[test] a test video,44
5813994,1774310370,ai.elimu.filamu,{'video_playback_position_ms': 29593},,,[test] a test video,44
5813995,1774310440,ai.elimu.filamu,,,,akili and me - letter d,4
5813996,1774310477,ai.elimu.filamu,{'video_playback_position_ms': 10365},,,akili and me - letter d,4
5813997,1774310544,ai.elimu.filamu,,,,akili and me - letter d,4
5813998,1774310601,ai.elimu.filamu,{'video_playback_position_ms': 55019},,,akili and me - letter d,4
5813999,1774310710,ai.elimu.filamu,,,,akili and me - letter d,4
5814000,1774310745,ai.elimu.filamu,{'video_playback_position_ms': 20231},,,akili and me - letter d,4
5814001,1774396994,ai.elimu.filamu,,,,akili and me - letter i,33
5814002,1774397035,ai.elimu.filamu,{'video_playback_position_ms': 46641},,,akili and me - letter i,33
5814003,1774397154,ai.elimu.filamu,,,,akili and me - letter i,33
5814004,1774397162,ai.elimu.filamu,{'video_playback_position_ms': 54793},,,akili and me - letter i,33
5814039,1774484035,ai.elimu.filamu,,,,akili and me - letter c,3
5814040,1774484087,ai.elimu.filamu,{'video_playback_position_ms': 18638},,,akili and me - letter c,3
5814041,1774484180,ai.elimu.filamu,,,,akili and me - letter d,4
5814042,1774484215,ai.elimu.filamu,{'video_playback_position_ms': 2867},,,akili and me - letter d,4
5814043,1774484265,ai.elimu.filamu,,,,akili and me - letter i,33
5814044,1774484316,ai.elimu.filamu,{'video_playback_position_ms': 34002},,,akili and me - letter i,33
5814045,1774484333,ai.elimu.filamu,,,,akili and me - letter d,4
5814046,1774484347,ai.elimu.filamu,{'video_playback_position_ms': 10100},,,akili and me - letter d,4
5814047,1774484439,ai.elimu.filamu,,,,akili and me - letter b,2
5814048,1774484443,ai.elimu.filamu,{'video_playback_position_ms': 28263},,,akili and me - letter b,2
5814049,1774484526,ai.elimu.filamu,,,,akili and me - letter c,3
5814050,1774484555,ai.elimu.filamu,{'video_playback_position_ms': 7582},,,akili and me - letter c,3
5814051,1774484639,ai.elimu.filamu,,,,akili and me - letter i,33
5814052,1774484647,ai.elimu.filamu,{'video_playback_position_ms': 39282},,,akili and me - letter i,33
5814053,1774484751,ai.elimu.filamu,,,,akili and me - letter d,4
5814054,1774484809,ai.elimu.filamu,{'video_playback_position_ms': 37088},,,akili and me - letter d,4
5814055,1774484842,ai.elimu.filamu,,,,[test] a test video,44
5814056,1774484901,ai.elimu.filamu,{'video_playback_position_ms': 58105},,,[test] a test video,44
5814057,1774484970,ai.elimu.filamu,,,,akili and me - letter i,33
5814058,1774485020,ai.elimu.filamu,{'video_playback_position_ms': 14401},,,akili and me - letter i,33
5814059,1774485094,ai.elimu.filamu,,,,[test] a test video,44
5814060,1774485114,ai.elimu.filamu,{'video_playback_position_ms': 5224},,,[test] a test video,44
5814061,1774485215,ai.elimu.filamu,,,,akili and me - letter b,2
5814062,1774485220,ai.elimu.filamu,{'video_playback_position_ms': 3262},,,akili and me - letter b,2
5814063,1774485274,ai.elimu.filamu,,,,akili and me - letter d,4
5814064,1774485331,ai.elimu.filamu,{'video_playback_position_ms': 51018},,,akili and me - letter d,4
5814065,1774485428,ai.elimu.filamu,,,,akili and me - letter a,1
5814066,1774485471,ai.elimu.filamu,{'video_playback_position_ms': 54869},,,akili and me - letter a,1
5814067,1774485584,ai.elimu.filamu,,,,[test] a test video,44
5814068,1774485626,ai.elimu.filamu,{'video_playback_position_ms': 26224},,,[test] a test video,44
5814215,1775001434,ai.elimu.filamu,,,,akili and me - letter i,33
5814216,1775001445,ai.elimu.filamu,{'video_playback_position_ms': 10989},,,akili and me - letter i,33
5814217,1775001520,ai.elimu.filamu,,,,[test] a test video,44
5814218,1775001550,ai.elimu.filamu,{'video_playback_position_ms': 24242},,,[test] a test video,44
5814219,1775001581,ai.elimu.filamu,,,,akili and me - letter b,2
5814220,1775001631,ai.elimu.filamu,{'video_playback_position_ms': 35340},,,akili and me - letter b,2
5814221,1775001690,ai.elimu.filamu,,,,akili and me - letter c,3
5814222,1775001739,ai.elimu.filamu,{'video_playback_position_ms': 1511},,,akili and me - letter c,3
5814223,1775001786,ai.elimu.filamu,,,,akili and me - letter a,1
5814224,1775001818,ai.elimu.filamu,{'video_playback_position_ms': 15456},,,akili and me - letter a,1
5814237,1775087922,ai.elimu.filamu,,,,akili and me - letter b,2
5814238,1775087957,ai.elimu.filamu,{'video_playback_position_ms': 46605},,,akili and me - letter b,2
5814239,1775088054,ai.elimu.filamu,,,,akili and me - letter b,2
5814240,1775088103,ai.elimu.filamu,{'video_playback_position_ms': 2541},,,akili and me - letter b,2
5814241,1775088197,ai.elimu.filamu,,,,akili and me - letter c,3
5814242,1775088253,ai.elimu.filamu,{'video_playback_position_ms': 21422},,,akili and me - letter c,3
5814243,1775088339,ai.elimu.filamu,,,,[test] a test video,44
5814244,1775088362,ai.elimu.filamu,{'video_playback_position_ms': 10254},,,[test] a test video,44
5814245,1775088445,ai.elimu.filamu,,,,akili and me - letter i,33
5814246,1775088451,ai.elimu.filamu,{'video_playback_position_ms': 1728},,,akili and me - letter i,33
5814247,1775088479,ai.elimu.filamu,,,,[test] a test video,44
5814248,1775088486,ai.elimu.filamu,{'video_playback_position_ms': 54833},,,[test] a test video,44
5814249,1775088522,ai.elimu.filamu,,,,akili and me - letter c,3
5814250,1775088541,ai.elimu.filamu,{'video_playback_position_ms': 17592},,,akili and me - letter c,3
5814251,1775088630,ai.elimu.filamu,,,,akili and me - letter i,33
5814252,1775088680,ai.elimu.filamu,{'video_playback_position_ms': 1217},,,akili and me - letter i,33
5814253,1775088708,ai.elimu.filamu,,,,akili and me - the rectangle song,13
5814254,1775088755,ai.elimu.filamu,{'video_playback_position_ms': 26120},,,akili and me - the rectangle song,13
5814255,1775088853,ai.elimu.filamu,,,,[test] a test video,44
5814256,1775088889,ai.elimu.filamu,{'video_playback_position_ms': 20595},,,[test] a test video,44
5814257,1775088967,ai.elimu.filamu,,,,akili and me - letter i,33
5814258,1775088973,ai.elimu.filamu,{'video_playback_position_ms': 25866},,,akili and me - letter i,33
5814259,1775089006,ai.elimu.filamu,,,,akili and me - letter i,33
5814260,1775089064,ai.elimu.filamu,{'video_playback_position_ms': 31180},,,akili and me - letter i,33
5814261,1775089097,ai.elimu.filamu,,,,akili and me - the rectangle song,13
5814262,1775089103,ai.elimu.filamu,{'video_playback_position_ms': 25932},,,akili and me - the rectangle song,13
5814263,1775089138,ai.elimu.filamu,,,,akili and me - letter b,2
5814264,1775089160,ai.elimu.filamu,{'video_playback_position_ms': 4314},,,akili and me - letter b,2
5814265,1775089218,ai.elimu.filamu,,,,akili and me - the rectangle song,13
5814266,1775089250,ai.elimu.filamu,{'video_playback_position_ms': 10591},,,akili and me - the rectangle song,13
5814267,1775089280,ai.elimu.filamu,,,,akili and me - letter i,33
5814268,1775089322,ai.elimu.filamu,{'video_playback_position_ms': 13449},,,akili and me - letter i,33
5814285,1775173728,ai.elimu.filamu,,,,akili and me - letter b,2
5814286,1775173781,ai.elimu.filamu,{'video_playback_position_ms': 57560},,,akili and me - letter b,2
5814287,1775173886,ai.elimu.filamu,,,,akili and me - letter c,3
5814288,1775173924,ai.elimu.filamu,{'video_playback_position_ms': 35482},,,akili and me - letter c,3
5814289,1775174010,ai.elimu.filamu,,,,akili and me - the rectangle song,13
5814290,1775174025,ai.elimu.filamu,{'video_playback_position_ms': 33927},,,akili and me - the rectangle song,13
5814291,1775174067,ai.elimu.filamu,,,,akili and me - letter i,33
5814292,1775174081,ai.elimu.filamu,{'video_playback_position_ms': 13971},,,akili and me - letter i,33
5814293,1775174109,ai.elimu.filamu,,,,akili and me - letter c,3
5814294,1775174161,ai.elimu.filamu,{'video_playback_position_ms': 54939},,,akili and me - letter c,3
5814295,1775174258,ai.elimu.filamu,,,,[test] a test video,44
5814296,1775174314,ai.elimu.filamu,{'video_playback_position_ms': 56239},,,[test] a test video,44
5814297,1775174330,ai.elimu.filamu,,,,[test] a test video,44
5814298,1775174371,ai.elimu.filamu,{'video_playback_position_ms': 57853},,,[test] a test video,44
5814299,1775174406,ai.elimu.filamu,,,,akili and me - letter b,2
5814300,1775174446,ai.elimu.filamu,{'video_playback_position_ms': 21752},,,akili and me - letter b,2
5814301,1775260709,ai.elimu.filamu,,,,akili and me - letter d,4
5814302,1775260746,ai.elimu.filamu,{'video_playback_position_ms': 25668},,,akili and me - letter d,4
5814303,1775260826,ai.elimu.filamu,,,,akili and me - letter i,33
5814304,1775260879,ai.elimu.filamu,{'video_playback_position_ms': 23838},,,akili and me - letter i,33
5814305,1775260935,ai.elimu.filamu,,,,[test] a test video,44
5814306,1775260995,ai.elimu.filamu,{'video_playback_position_ms': 44492},,,[test] a test video,44
5814307,1775261093,ai.elimu.filamu,,,,akili and me - letter b,2
5814308,1775261103,ai.elimu.filamu,{'video_playback_position_ms': 27882},,,akili and me - letter b,2
5814309,1775261202,ai.elimu.filamu,,,,akili and me - letter i,33
5814310,1775261257,ai.elimu.filamu,{'video_playback_position_ms': 50458},,,akili and me - letter i,33
5814311,1775261293,ai.elimu.filamu,,,,[test] a test video,44
5814312,1775261308,ai.elimu.filamu,{'video_playback_position_ms': 59164},,,[test] a test video,44
5814313,1775261381,ai.elimu.filamu,,,,akili and me - letter c,3
5814314,1775261393,ai.elimu.filamu,{'video_playback_position_ms': 56978},,,akili and me - letter c,3
5814315,1775261430,ai.elimu.filamu,,,,akili and me - letter c,3
5814316,1775261435,ai.elimu.filamu,{'video_playback_position_ms': 35166},,,akili and me - letter c,3
5814317,1775261534,ai.elimu.filamu,,,,akili and me - the rectangle song,13
5814318,1775261540,ai.elimu.filamu,{'video_playback_position_ms': 32179},,,akili and me - the rectangle song,13
5814319,1775261644,ai.elimu.filamu,,,,[test] a test video,44
5814320,1775261675,ai.elimu.filamu,{'video_playback_position_ms': 44856},,,[test] a test video,44
5814321,1775261735,ai.elimu.filamu,,,,[test] a test video,44
5814322,1775261779,ai.elimu.filamu,{'video_playback_position_ms': 24433},,,[test] a test video,44
5814323,1775261881,ai.elimu.filamu,,,,[test] a test video,44
5814324,1775261889,ai.elimu.filamu,{'video_playback_position_ms': 12235},,,[test] a test video,44
5814325,1775262001,ai.elimu.filamu,,,,akili and me - letter a,1
5814326,1775262023,ai.elimu.filamu,{'video_playback_position_ms': 23838},,,akili and me - letter a,1
5814327,1775262133,ai.elimu.filamu,,,,akili and me - letter a,1
5814328,1775262137,ai.elimu.filamu,{'video_playback_position_ms': 29508},,,akili and me - letter a,1
5814329,1775262181,ai.elimu.filamu,,,,akili and me - letter a,1
5814330,1775262237,ai.elimu.filamu,{'video_playback_position_ms': 23184},,,akili and me - letter a,1
5814369,1775432899,ai.elimu.filamu,,,,akili and me - letter a,1
5814370,1775432938,ai.elimu.filamu,{'video_playback_position_ms': 38540},,,akili and me - letter a,1
5814371,1775432975,ai.elimu.filamu,,,,akili and me - letter c,3
5814372,1775432981,ai.elimu.filamu,{'video_playback_position_ms': 16369},,,akili and me - letter c,3
5814373,1775433033,ai.elimu.filamu,,,,akili and me - letter c,3
5814374,1775433077,ai.elimu.filamu,{'video_playback_position_ms': 14783},,,akili and me - letter c,3
5814375,1775433147,ai.elimu.filamu,,,,akili and me - letter i,33
5814376,1775433192,ai.elimu.filamu,{'video_playback_position_ms': 53672},,,akili and me - letter i,33
5814377,1775433209,ai.elimu.filamu,,,,[test] a test video,44
5814378,1775433241,ai.elimu.filamu,{'video_playback_position_ms': 51137},,,[test] a test video,44
5814379,1775433302,ai.elimu.filamu,,,,akili and me - letter c,3
5814380,1775433358,ai.elimu.filamu,{'video_playback_position_ms': 54156},,,akili and me - letter c,3
5814381,1775433410,ai.elimu.filamu,,,,akili and me - the rectangle song,13
5814382,1775433440,ai.elimu.filamu,{'video_playback_position_ms': 35776},,,akili and me - the rectangle song,13
5814383,1775433509,ai.elimu.filamu,,,,akili and me - letter i,33
5814384,1775433544,ai.elimu.filamu,{'video_playback_position_ms': 6084},,,akili and me - letter i,33
5814385,1775433629,ai.elimu.filamu,,,,akili and me - letter a,1
5814386,1775433644,ai.elimu.filamu,{'video_playback_position_ms': 37684},,,akili and me - letter a,1
5814387,1775433722,ai.elimu.filamu,,,,akili and me - letter i,33
5814388,1775433735,ai.elimu.filamu,{'video_playback_position_ms': 10716},,,akili and me - letter i,33
5814389,1775433767,ai.elimu.filamu,,,,akili and me - letter a,1
5814390,1775433802,ai.elimu.filamu,{'video_playback_position_ms': 17026},,,akili and me - letter a,1
5814391,1775433914,ai.elimu.filamu,,,,akili and me - the rectangle song,13
5814392,1775433918,ai.elimu.filamu,{'video_playback_position_ms': 53052},,,akili and me - the rectangle song,13
5814393,1775433958,ai.elimu.filamu,,,,[test] a test video,44
5814394,1775433961,ai.elimu.filamu,{'video_playback_position_ms': 34234},,,[test] a test video,44
5814463,1775693868,ai.elimu.filamu,,,,akili and me - letter c,3
5814464,1775693914,ai.elimu.filamu,{'video_playback_position_ms': 30785},,,akili and me - letter c,3
5814465,1775694011,ai.elimu.filamu,,,,akili and me - letter c,3
5814466,1775694050,ai.elimu.filamu,{'video_playback_position_ms': 20638},,,akili and me - letter c,3
5814467,1775694150,ai.elimu.filamu,,,,akili and me - letter i,33
5814468,1775694161,ai.elimu.filamu,{'video_playback_position_ms': 12652},,,akili and me - letter i,33
5814469,1775694200,ai.elimu.filamu,,,,akili and me - letter c,3
5814470,1775694210,ai.elimu.filamu,{'video_playback_position_ms': 2422},,,akili and me - letter c,3
5814471,1775864963,ai.elimu.filamu,,,,akili and me - letter i,33
5814472,1775865007,ai.elimu.filamu,{'video_playback_position_ms': 57848},,,akili and me - letter i,33
5814473,1775865126,ai.elimu.filamu,,,,akili and me - letter i,33
5814474,1775865166,ai.elimu.filamu,{'video_playback_position_ms': 24122},,,akili and me - letter i,33
5814475,1775865239,ai.elimu.filamu,,,,akili and me - letter i,33
5814476,1775865244,ai.elimu.filamu,{'video_playback_position_ms': 31118},,,akili and me - letter i,33
5814477,1775865296,ai.elimu.filamu,,,,akili and me - letter a,1
5814478,1775865307,ai.elimu.filamu,{'video_playback_position_ms': 57292},,,akili and me - letter a,1
5814479,1775865366,ai.elimu.filamu,,,,akili and me - the rectangle song,13
5814480,1775865408,ai.elimu.filamu,{'video_playback_position_ms': 53655},,,akili and me - the rectangle song,13
5814481,1775865459,ai.elimu.filamu,,,,akili and me - the rectangle song,13
5814482,1775865500,ai.elimu.filamu,{'video_playback_position_ms': 53223},,,akili and me - the rectangle song,13
5814483,1775865536,ai.elimu.filamu,,,,akili and me - letter b,2
5814484,1775865592,ai.elimu.filamu,{'video_playback_position_ms': 39628},,,akili and me - letter b,2
5814485,1775865678,ai.elimu.filamu,,,,akili and me - letter a,1
5814486,1775865709,ai.elimu.filamu,{'video_playback_position_ms': 17097},,,akili and me - letter a,1
5814487,1775865780,ai.elimu.filamu,,,,akili and me - letter b,2
5814488,1775865794,ai.elimu.filamu,{'video_playback_position_ms': 31817},,,akili and me - letter b,2
5814489,1775865826,ai.elimu.filamu,,,,akili and me - the rectangle song,13
5814490,1775865853,ai.elimu.filamu,{'video_playback_position_ms': 58582},,,akili and me - the rectangle song,13
5814491,1775865973,ai.elimu.filamu,,,,[test] a test video,44
5814492,1775865983,ai.elimu.filamu,{'video_playback_position_ms': 4087},,,[test] a test video,44
5814493,1775866045,ai.elimu.filamu,,,,akili and me - letter b,2
5814494,1775866105,ai.elimu.filamu,{'video_playback_position_ms': 48347},,,akili and me - letter b,2
5814495,1775866210,ai.elimu.filamu,,,,akili and me - letter b,2
5814496,1775866226,ai.elimu.filamu,{'video_playback_position_ms': 59511},,,akili and me - letter b,2
5814497,1775866254,ai.elimu.filamu,,,,akili and me - letter d,4
5814498,1775866282,ai.elimu.filamu,{'video_playback_position_ms': 38563},,,akili and me - letter d,4
5814499,1775866353,ai.elimu.filamu,,,,akili and me - letter c,3
5814500,1775866374,ai.elimu.filamu,{'video_playback_position_ms': 56569},,,akili and me - letter c,3
5814501,1775866486,ai.elimu.filamu,,,,akili and me - letter d,4
5814502,1775866544,ai.elimu.filamu,{'video_playback_position_ms': 30455},,,akili and me - letter d,4
5814503,1775952276,ai.elimu.filamu,,,,akili and me - letter c,3
5814504,1775952291,ai.elimu.filamu,{'video_playback_position_ms': 26264},,,akili and me - letter c,3
5814505,1775952355,ai.elimu.filamu,,,,akili and me - letter c,3
5814506,1775952396,ai.elimu.filamu,{'video_playback_position_ms': 44881},,,akili and me - letter c,3
5814507,1775952439,ai.elimu.filamu,,,,akili and me - letter b,2
5814508,1775952495,ai.elimu.filamu,{'video_playback_position_ms': 9400},,,akili and me - letter b,2
5814509,1775952596,ai.elimu.filamu,,,,akili and me - letter b,2
5814510,1775952652,ai.elimu.filamu,{'video_playback_position_ms': 32829},,,akili and me - letter b,2
5814511,1775952731,ai.elimu.filamu,,,,akili and me - the rectangle song,13
5814512,1775952777,ai.elimu.filamu,{'video_playback_position_ms': 12345},,,akili and me - the rectangle song,13
5814513,1775952831,ai.elimu.filamu,,,,akili and me - letter c,3
5814514,1775952878,ai.elimu.filamu,{'video_playback_position_ms': 13240},,,akili and me - letter c,3
5814515,1775952939,ai.elimu.filamu,,,,akili and me - letter a,1
5814516,1775952954,ai.elimu.filamu,{'video_playback_position_ms': 52283},,,akili and me - letter a,1
5814517,1775953029,ai.elimu.filamu,,,,akili and me - letter i,33
5814518,1775953084,ai.elimu.filamu,{'video_playback_position_ms': 31469},,,akili and me - letter i,33
5814519,1775953133,ai.elimu.filamu,,,,akili and me - letter d,4
5814520,1775953144,ai.elimu.filamu,{'video_playback_position_ms': 53866},,,akili and me - letter d,4
5814521,1775953225,ai.elimu.filamu,,,,akili and me - the rectangle song,13
5814522,1775953267,ai.elimu.filamu,{'video_playback_position_ms': 39625},,,akili and me - the rectangle song,13
5814523,1775953365,ai.elimu.filamu,,,,[test] a test video,44
5814524,1775953415,ai.elimu.filamu,{'video_playback_position_ms': 34975},,,[test] a test video,44
5814525,1775953440,ai.elimu.filamu,,,,[test] a test video,44
5814526,1775953448,ai.elimu.filamu,{'video_playback_position_ms': 4874},,,[test] a test video,44
5814543,1776037723,ai.elimu.filamu,,,,akili and me - letter d,4
5814544,1776037781,ai.elimu.filamu,{'video_playback_position_ms': 45065},,,akili and me - letter d,4
5814545,1776037873,ai.elimu.filamu,,,,[test] a test video,44
5814546,1776037877,ai.elimu.filamu,{'video_playback_position_ms': 50629},,,[test] a test video,44
5814547,1776037932,ai.elimu.filamu,,,,akili and me - letter i,33
5814548,1776037957,ai.elimu.filamu,{'video_playback_position_ms': 40377},,,akili and me - letter i,33
5814549,1776038000,ai.elimu.filamu,,,,[test] a test video,44
5814550,1776038004,ai.elimu.filamu,{'video_playback_position_ms': 24752},,,[test] a test video,44
5814551,1776038040,ai.elimu.filamu,,,,[test] a test video,44
5814552,1776038044,ai.elimu.filamu,{'video_playback_position_ms': 10827},,,[test] a test video,44
5814553,1776038101,ai.elimu.filamu,,,,akili and me - letter i,33
5814554,1776038152,ai.elimu.filamu,{'video_playback_position_ms': 17565},,,akili and me - letter i,33
5814555,1776038228,ai.elimu.filamu,,,,akili and me - letter c,3
5814556,1776038263,ai.elimu.filamu,{'video_playback_position_ms': 51207},,,akili and me - letter c,3
5814557,1776038301,ai.elimu.filamu,,,,[test] a test video,44
5814558,1776038351,ai.elimu.filamu,{'video_playback_position_ms': 10517},,,[test] a test video,44
5814559,1776038432,ai.elimu.filamu,,,,[test] a test video,44
5814560,1776038436,ai.elimu.filamu,{'video_playback_position_ms': 55621},,,[test] a test video,44
5814561,1776038463,ai.elimu.filamu,,,,akili and me - letter i,33
5814562,1776038472,ai.elimu.filamu,{'video_playback_position_ms': 14207},,,akili and me - letter i,33
5814563,1776038502,ai.elimu.filamu,,,,akili and me - letter d,4
5814564,1776038531,ai.elimu.filamu,{'video_playback_position_ms': 41492},,,akili and me - letter d,4
5814587,1776124559,ai.elimu.filamu,,,,akili and me - letter b,2
5814588,1776124583,ai.elimu.filamu,{'video_playback_position_ms': 1194},,,akili and me - letter b,2
5814589,1776124603,ai.elimu.filamu,,,,akili and me - letter b,2
5814590,1776124634,ai.elimu.filamu,{'video_playback_position_ms': 20375},,,akili and me - letter b,2
5814591,1776124747,ai.elimu.filamu,,,,akili and me - letter d,4
5814592,1776124778,ai.elimu.filamu,{'video_playback_position_ms': 48875},,,akili and me - letter d,4
5814593,1776124839,ai.elimu.filamu,,,,akili and me - letter c,3
5814594,1776124867,ai.elimu.filamu,{'video_playback_position_ms': 35100},,,akili and me - letter c,3
5814671,1776298761,ai.elimu.filamu,,,,akili and me - letter b,2
5814672,1776298768,ai.elimu.filamu,{'video_playback_position_ms': 10701},,,akili and me - letter b,2
5814673,1776298835,ai.elimu.filamu,,,,akili and me - the rectangle song,13
5814674,1776298862,ai.elimu.filamu,{'video_playback_position_ms': 32798},,,akili and me - the rectangle song,13
5814675,1776298945,ai.elimu.filamu,,,,akili and me - letter d,4
5814676,1776298990,ai.elimu.filamu,{'video_playback_position_ms': 42833},,,akili and me - letter d,4
5814677,1776299043,ai.elimu.filamu,,,,akili and me - letter a,1
5814678,1776299082,ai.elimu.filamu,{'video_playback_position_ms': 10222},,,akili and me - letter a,1
5814679,1776299156,ai.elimu.filamu,,,,akili and me - letter b,2
5814680,1776299177,ai.elimu.filamu,{'video_playback_position_ms': 56150},,,akili and me - letter b,2
5814681,1776299294,ai.elimu.filamu,,,,akili and me - letter c,3
5814682,1776299316,ai.elimu.filamu,{'video_playback_position_ms': 22458},,,akili and me - letter c,3
5814683,1776299405,ai.elimu.filamu,,,,akili and me - letter a,1
5814684,1776299429,ai.elimu.filamu,{'video_playback_position_ms': 4521},,,akili and me - letter a,1
5814719,1776633221,ai.elimu.filamu,,,,[test] a test video,44
5814720,1776633274,ai.elimu.filamu,{'video_playback_position_ms': 34619},,,[test] a test video,44
5814721,1776633324,ai.elimu.filamu,,,,[test] a test video,44
5814722,1776633370,ai.elimu.filamu,{'video_playback_position_ms': 41834},,,[test] a test video,44
5814723,1776633475,ai.elimu.filamu,,,,akili and me - letter c,3
5814724,1776633514,ai.elimu.filamu,{'video_playback_position_ms': 18719},,,akili and me - letter c,3
5814725,1776633629,ai.elimu.filamu,,,,akili and me - letter d,4
5814726,1776633634,ai.elimu.filamu,{'video_playback_position_ms': 51795},,,akili and me - letter d,4
5814727,1776633691,ai.elimu.filamu,,,,[test] a test video,44
5814728,1776633701,ai.elimu.filamu,{'video_playback_position_ms': 44268},,,[test] a test video,44
5814729,1776633717,ai.elimu.filamu,,,,akili and me - letter b,2
5814730,1776633749,ai.elimu.filamu,{'video_playback_position_ms': 12667},,,akili and me - letter b,2
5814731,1776633787,ai.elimu.filamu,,,,akili and me - the rectangle song,13
5814732,1776633790,ai.elimu.filamu,{'video_playback_position_ms': 23282},,,akili and me - the rectangle song,13
5814733,1776633838,ai.elimu.filamu,,,,akili and me - letter c,3
5814734,1776633842,ai.elimu.filamu,{'video_playback_position_ms': 26679},,,akili and me - letter c,3
5814735,1776633895,ai.elimu.filamu,,,,akili and me - letter c,3
5814736,1776633943,ai.elimu.filamu,{'video_playback_position_ms': 47049},,,akili and me - letter c,3
5814737,1776633966,ai.elimu.filamu,,,,akili and me - the rectangle song,13
5814738,1776634003,ai.elimu.filamu,{'video_playback_position_ms': 15721},,,akili and me - the rectangle song,13
5814739,1776634048,ai.elimu.filamu,,,,akili and me - letter i,33
5814740,1776634085,ai.elimu.filamu,{'video_playback_position_ms': 56219},,,akili and me - letter i,33
5814741,1776634127,ai.elimu.filamu,,,,akili and me - letter a,1
5814742,1776634132,ai.elimu.filamu,{'video_playback_position_ms': 33924},,,akili and me - letter a,1
5814743,1776634196,ai.elimu.filamu,,,,akili and me - letter i,33
5814744,1776634201,ai.elimu.filamu,{'video_playback_position_ms': 26757},,,akili and me - letter i,33
5814745,1776634271,ai.elimu.filamu,,,,akili and me - letter i,33
5814746,1776634284,ai.elimu.filamu,{'video_playback_position_ms': 49752},,,akili and me - letter i,33
5814747,1776634399,ai.elimu.filamu,,,,akili and me - letter c,3
5814748,1776634444,ai.elimu.filamu,{'video_playback_position_ms': 47767},,,akili and me - letter c,3
5814761,1776816640,ai.elimu.filamu,,,,[test] a test video,44
5814762,1776816666,ai.elimu.filamu,{'video_playback_position_ms': 3582},,,[test] a test video,44
5814763,1776816693,ai.elimu.filamu,,,,akili and me - letter i,33
5814764,1776816720,ai.elimu.filamu,{'video_playback_position_ms': 4590},,,akili and me - letter i,33
5814765,1776816792,ai.elimu.filamu,,,,akili and me - letter i,33
5814766,1776816824,ai.elimu.filamu,{'video_playback_position_ms': 55054},,,akili and me - letter i,33
5814767,1776816850,ai.elimu.filamu,,,,akili and me - letter d,4
5814768,1776816894,ai.elimu.filamu,{'video_playback_position_ms': 13398},,,akili and me - letter d,4
5814769,1776816941,ai.elimu.filamu,,,,akili and me - letter i,33
5814770,1776816988,ai.elimu.filamu,{'video_playback_position_ms': 40580},,,akili and me - letter i,33
5814771,1776817088,ai.elimu.filamu,,,,akili and me - letter d,4
5814772,1776817132,ai.elimu.filamu,{'video_playback_position_ms': 7602},,,akili and me - letter d,4
5814773,1776817222,ai.elimu.filamu,,,,akili and me - letter d,4
5814774,1776817225,ai.elimu.filamu,{'video_playback_position_ms': 59661},,,akili and me - letter d,4
5814775,1776817309,ai.elimu.filamu,,,,[test] a test video,44
5814776,1776817339,ai.elimu.filamu,{'video_playback_position_ms': 26686},,,[test] a test video,44
5814777,1776817356,ai.elimu.filamu,,,,akili and me - letter i,33
5814778,1776817360,ai.elimu.filamu,{'video_playback_position_ms': 19275},,,akili and me - letter i,33
5814779,1776817428,ai.elimu.filamu,,,,[test] a test video,44
5814780,1776817474,ai.elimu.filamu,{'video_playback_position_ms': 30328},,,[test] a test video,44
5814781,1776817494,ai.elimu.filamu,,,,akili and me - letter c,3
5814782,1776817543,ai.elimu.filamu,{'video_playback_position_ms': 25464},,,akili and me - letter c,3
5814783,1776817628,ai.elimu.filamu,,,,akili and me - letter a,1
5814784,1776817638,ai.elimu.filamu,{'video_playback_position_ms': 16485},,,akili and me - letter a,1
5814785,1776817755,ai.elimu.filamu,,,,[test] a test video,44
5814786,1776817814,ai.elimu.filamu,{'video_playback_position_ms': 55100},,,[test] a test video,44
5814787,1776817852,ai.elimu.filamu,,,,akili and me - letter c,3
5814788,1776817901,ai.elimu.filamu,{'video_playback_position_ms': 23951},,,akili and me - letter c,3
5814789,1776818018,ai.elimu.filamu,,,,akili and me - letter c,3
5814790,1776818057,ai.elimu.filamu,{'video_playback_position_ms': 10281},,,akili and me - letter c,3
5814791,1776818142,ai.elimu.filamu,,,,akili and me - letter i,33
5814792,1776818156,ai.elimu.filamu,{'video_playback_position_ms': 46761},,,akili and me - letter i,33
5814793,1776818260,ai.elimu.filamu,,,,akili and me - letter d,4
5814794,1776818275,ai.elimu.filamu,{'video_playback_position_ms': 19796},,,akili and me - letter d,4
5814795,1776818364,ai.elimu.filamu,,,,akili and me - letter i,33
5814796,1776818390,ai.elimu.filamu,{'video_playback_position_ms': 10174},,,akili and me - letter i,33
5814827,1776903315,ai.elimu.filamu,,,,akili and me - letter b,2
5814828,1776903327,ai.elimu.filamu,{'video_playback_position_ms': 41320},,,akili and me - letter b,2
5814829,1776903374,ai.elimu.filamu,,,,[test] a test video,44
5814830,1776903426,ai.elimu.filamu,{'video_playback_position_ms': 57665},,,[test] a test video,44
5814831,1776903535,ai.elimu.filamu,,,,akili and me - letter d,4
5814832,1776903578,ai.elimu.filamu,{'video_playback_position_ms': 27033},,,akili and me - letter d,4
5814833,1776903676,ai.elimu.filamu,,,,akili and me - letter d,4
5814834,1776903694,ai.elimu.filamu,{'video_playback_position_ms': 24228},,,akili and me - letter d,4
5814835,1776903724,ai.elimu.filamu,,,,akili and me - letter b,2
5814836,1776903726,ai.elimu.filamu,{'video_playback_position_ms': 18269},,,akili and me - letter b,2
5814837,1776903759,ai.elimu.filamu,,,,akili and me - the rectangle song,13
5814838,1776903779,ai.elimu.filamu,{'video_playback_position_ms': 22831},,,akili and me - the rectangle song,13
5814839,1776903814,ai.elimu.filamu,,,,akili and me - letter c,3
5814840,1776903827,ai.elimu.filamu,{'video_playback_position_ms': 29800},,,akili and me - letter c,3
5814841,1776903905,ai.elimu.filamu,,,,akili and me - letter d,4
5814842,1776903935,ai.elimu.filamu,{'video_playback_position_ms': 19079},,,akili and me - letter d,4
5814843,1776903956,ai.elimu.filamu,,,,akili and me - letter a,1
5814844,1776903994,ai.elimu.filamu,{'video_playback_position_ms': 20617},,,akili and me - letter a,1
5814845,1776904090,ai.elimu.filamu,,,,akili and me - letter d,4
5814846,1776904110,ai.elimu.filamu,{'video_playback_position_ms': 29173},,,akili and me - letter d,4
5814847,1776904220,ai.elimu.filamu,,,,akili and me - the rectangle song,13
5814848,1776904258,ai.elimu.filamu,{'video_playback_position_ms': 26490},,,akili and me - the rectangle song,13
5814849,1776904350,ai.elimu.filamu,,,,akili and me - letter a,1
5814850,1776904398,ai.elimu.filamu,{'video_playback_position_ms': 32449},,,akili and me - letter a,1
5814851,1776904486,ai.elimu.filamu,,,,akili and me - letter a,1
5814852,1776904537,ai.elimu.filamu,{'video_playback_position_ms': 32852},,,akili and me - letter a,1
5814853,1776904609,ai.elimu.filamu,,,,[test] a test video,44
5814854,1776904656,ai.elimu.filamu,{'video_playback_position_ms': 31627},,,[test] a test video,44
5814855,1776904684,ai.elimu.filamu,,,,akili and me - the rectangle song,13
5814856,1776904731,ai.elimu.filamu,{'video_playback_position_ms': 28287},,,akili and me - the rectangle song,13
5814893,1776978945,ai.elimu.filamu,,,,akili and me - letter i,33
5814894,1776978970,ai.elimu.filamu,{'video_playback_position_ms': 5597},,,akili and me - letter i,33
5814895,1776979021,ai.elimu.filamu,,,,akili and me - the rectangle song,13
5814896,1776979034,ai.elimu.filamu,{'video_playback_position_ms': 44477},,,akili and me - the rectangle song,13
5814897,1776979060,ai.elimu.filamu,,,,akili and me - the rectangle song,13
5814898,1776979070,ai.elimu.filamu,{'video_playback_position_ms': 59787},,,akili and me - the rectangle song,13
5814899,1776979152,ai.elimu.filamu,,,,akili and me - the rectangle song,13
5814900,1776979210,ai.elimu.filamu,{'video_playback_position_ms': 31353},,,akili and me - the rectangle song,13
5814901,1776979278,ai.elimu.filamu,,,,akili and me - letter d,4
5814902,1776979315,ai.elimu.filamu,{'video_playback_position_ms': 21200},,,akili and me - letter d,4
5814903,1776979434,ai.elimu.filamu,,,,akili and me - letter b,2
5814904,1776979488,ai.elimu.filamu,{'video_playback_position_ms': 29380},,,akili and me - letter b,2
5814905,1776979576,ai.elimu.filamu,,,,akili and me - letter c,3
5814906,1776979613,ai.elimu.filamu,{'video_playback_position_ms': 7246},,,akili and me - letter c,3
5814907,1776979673,ai.elimu.filamu,,,,akili and me - letter a,1
5814908,1776979693,ai.elimu.filamu,{'video_playback_position_ms': 46851},,,akili and me - letter a,1
5814909,1776979744,ai.elimu.filamu,,,,akili and me - letter c,3
5814910,1776979781,ai.elimu.filamu,{'video_playback_position_ms': 42016},,,akili and me - letter c,3
5814911,1776979808,ai.elimu.filamu,,,,akili and me - letter d,4
5814912,1776979832,ai.elimu.filamu,{'video_playback_position_ms': 6537},,,akili and me - letter d,4
5814913,1776979907,ai.elimu.filamu,,,,akili and me - letter b,2
5814914,1776979930,ai.elimu.filamu,{'video_playback_position_ms': 48718},,,akili and me - letter b,2
5814937,1776990584,ai.elimu.filamu,,,,akili and me - letter d,4
5814938,1776990630,ai.elimu.filamu,{'video_playback_position_ms': 35360},,,akili and me - letter d,4
5814939,1776990711,ai.elimu.filamu,,,,akili and me - letter i,33
5814940,1776990729,ai.elimu.filamu,{'video_playback_position_ms': 59030},,,akili and me - letter i,33
5814941,1776990835,ai.elimu.filamu,,,,[test] a test video,44
5814942,1776990852,ai.elimu.filamu,{'video_playback_position_ms': 1040},,,[test] a test video,44
5814943,1776990958,ai.elimu.filamu,,,,akili and me - letter i,33
5814944,1776991014,ai.elimu.filamu,{'video_playback_position_ms': 2479},,,akili and me - letter i,33
5814945,1776991079,ai.elimu.filamu,,,,[test] a test video,44
5814946,1776991125,ai.elimu.filamu,{'video_playback_position_ms': 19974},,,[test] a test video,44
5814947,1776991203,ai.elimu.filamu,,,,akili and me - the rectangle song,13
5814948,1776991240,ai.elimu.filamu,{'video_playback_position_ms': 16652},,,akili and me - the rectangle song,13
5814949,1776991324,ai.elimu.filamu,,,,akili and me - letter i,33
5814950,1776991351,ai.elimu.filamu,{'video_playback_position_ms': 26468},,,akili and me - letter i,33
5814951,1776991400,ai.elimu.filamu,,,,akili and me - letter b,2
5814952,1776991421,ai.elimu.filamu,{'video_playback_position_ms': 19944},,,akili and me - letter b,2
5814953,1776991486,ai.elimu.filamu,,,,akili and me - letter b,2
5814954,1776991510,ai.elimu.filamu,{'video_playback_position_ms': 37323},,,akili and me - letter b,2
5814955,1776991616,ai.elimu.filamu,,,,akili and me - the rectangle song,13
5814956,1776991647,ai.elimu.filamu,{'video_playback_position_ms': 13341},,,akili and me - the rectangle song,13
5814957,1776991734,ai.elimu.filamu,,,,akili and me - letter c,3
5814958,1776991751,ai.elimu.filamu,{'video_playback_position_ms': 18239},,,akili and me - letter c,3
5814959,1776991799,ai.elimu.filamu,,,,akili and me - letter b,2
5814960,1776991849,ai.elimu.filamu,{'video_playback_position_ms': 23065},,,akili and me - letter b,2
5814961,1776991890,ai.elimu.filamu,,,,akili and me - letter d,4
5814962,1776991934,ai.elimu.filamu,{'video_playback_position_ms': 19767},,,akili and me - letter d,4
5814963,1776991951,ai.elimu.filamu,,,,akili and me - letter d,4
5814964,1776991960,ai.elimu.filamu,{'video_playback_position_ms': 8290},,,akili and me - letter d,4
5814965,1776992058,ai.elimu.filamu,,,,akili and me - letter b,2
5814966,1776992065,ai.elimu.filamu,{'video_playback_position_ms': 51850},,,akili and me - letter b,2
5814967,1776992104,ai.elimu.filamu,,,,akili and me - letter b,2
5814968,1776992160,ai.elimu.filamu,{'video_playback_position_ms': 12754},,,akili and me - letter b,2
5815039,1777036964,ai.elimu.filamu,,,,akili and me - letter i,33
5815040,1777037005,ai.elimu.filamu,{'video_playback_position_ms': 21804},,,akili and me - letter i,33
5815041,1777037064,ai.elimu.filamu,,,,akili and me - letter a,1
5815042,1777037073,ai.elimu.filamu,{'video_playback_position_ms': 47537},,,akili and me - letter a,1
5815043,1777037139,ai.elimu.filamu,,,,akili and me - letter c,3
5815044,1777037156,ai.elimu.filamu,{'video_playback_position_ms': 29694},,,akili and me - letter c,3
5815045,1777037233,ai.elimu.filamu,,,,[test] a test video,44
5815046,1777037250,ai.elimu.filamu,{'video_playback_position_ms': 36225},,,[test] a test video,44
5815047,1777037273,ai.elimu.filamu,,,,akili and me - letter d,4
5815048,1777037294,ai.elimu.filamu,{'video_playback_position_ms': 43729},,,akili and me - letter d,4
5815049,1777037396,ai.elimu.filamu,,,,akili and me - letter d,4
5815050,1777037425,ai.elimu.filamu,{'video_playback_position_ms': 48383},,,akili and me - letter d,4
5815051,1777037510,ai.elimu.filamu,,,,akili and me - letter b,2
5815052,1777037559,ai.elimu.filamu,{'video_playback_position_ms': 34183},,,akili and me - letter b,2
5815053,1777037585,ai.elimu.filamu,,,,akili and me - letter d,4
5815054,1777037644,ai.elimu.filamu,{'video_playback_position_ms': 34298},,,akili and me - letter d,4
5815055,1777037710,ai.elimu.filamu,,,,akili and me - letter i,33
5815056,1777037726,ai.elimu.filamu,{'video_playback_position_ms': 18146},,,akili and me - letter i,33
5815057,1777037796,ai.elimu.filamu,,,,akili and me - letter c,3
5815058,1777037806,ai.elimu.filamu,{'video_playback_position_ms': 30853},,,akili and me - letter c,3
5815059,1777037894,ai.elimu.filamu,,,,akili and me - letter c,3
5815060,1777037946,ai.elimu.filamu,{'video_playback_position_ms': 59384},,,akili and me - letter c,3
5815061,1777037988,ai.elimu.filamu,,,,[test] a test video,44
5815062,1777038021,ai.elimu.filamu,{'video_playback_position_ms': 29023},,,[test] a test video,44
5815063,1777038113,ai.elimu.filamu,,,,[test] a test video,44
5815064,1777038119,ai.elimu.filamu,{'video_playback_position_ms': 52162},,,[test] a test video,44
5815065,1777038190,ai.elimu.filamu,,,,akili and me - the rectangle song,13
5815066,1777038212,ai.elimu.filamu,{'video_playback_position_ms': 11508},,,akili and me - the rectangle song,13
5815083,1777076830,ai.elimu.filamu,,,,[test] a test video,44
5815084,1777076860,ai.elimu.filamu,{'video_playback_position_ms': 40333},,,[test] a test video,44
5815165,1777249076,ai.elimu.filamu,,,,akili and me - the rectangle song,13
5815166,1777249086,ai.elimu.filamu,{'video_playback_position_ms': 46478},,,akili and me - the rectangle song,13
5815167,1777249136,ai.elimu.filamu,,,,akili and me - letter a,1
5815168,1777249174,ai.elimu.filamu,{'video_playback_position_ms': 31950},,,akili and me - letter a,1
5815169,1777249240,ai.elimu.filamu,,,,akili and me - letter i,33
5815170,1777249300,ai.elimu.filamu,{'video_playback_position_ms': 19840},,,akili and me - letter i,33
5815171,1777249409,ai.elimu.filamu,,,,akili and me - letter i,33
5815172,1777249455,ai.elimu.filamu,{'video_playback_position_ms': 13519},,,akili and me - letter i,33
5815173,1777249515,ai.elimu.filamu,,,,akili and me - letter a,1
5815174,1777249518,ai.elimu.filamu,{'video_playback_position_ms': 19669},,,akili and me - letter a,1
5815175,1777249571,ai.elimu.filamu,,,,[test] a test video,44
5815176,1777249623,ai.elimu.filamu,{'video_playback_position_ms': 57992},,,[test] a test video,44
5815177,1777249638,ai.elimu.filamu,,,,akili and me - letter a,1
5815178,1777249651,ai.elimu.filamu,{'video_playback_position_ms': 6782},,,akili and me - letter a,1
5815179,1777249715,ai.elimu.filamu,,,,akili and me - the rectangle song,13
5815180,1777249774,ai.elimu.filamu,{'video_playback_position_ms': 22706},,,akili and me - the rectangle song,13
5815181,1777249876,ai.elimu.filamu,,,,akili and me - letter b,2
5815182,1777249902,ai.elimu.filamu,{'video_playback_position_ms': 57199},,,akili and me - letter b,2
5815183,1777249995,ai.elimu.filamu,,,,akili and me - letter c,3
5815184,1777250024,ai.elimu.filamu,{'video_playback_position_ms': 58123},,,akili and me - letter c,3
5815185,1777250110,ai.elimu.filamu,,,,akili and me - letter b,2
5815186,1777250153,ai.elimu.filamu,{'video_playback_position_ms': 43730},,,akili and me - letter b,2
5815187,1777250260,ai.elimu.filamu,,,,akili and me - letter c,3
5815188,1777250267,ai.elimu.filamu,{'video_playback_position_ms': 5723},,,akili and me - letter c,3
5815249,1777335768,ai.elimu.filamu,,,,akili and me - letter d,4
5815250,1777335807,ai.elimu.filamu,{'video_playback_position_ms': 2723},,,akili and me - letter d,4
5815251,1777335863,ai.elimu.filamu,,,,akili and me - letter a,1
5815252,1777335867,ai.elimu.filamu,{'video_playback_position_ms': 50919},,,akili and me - letter a,1
5815253,1777335964,ai.elimu.filamu,,,,akili and me - letter d,4
5815254,1777335983,ai.elimu.filamu,{'video_playback_position_ms': 31306},,,akili and me - letter d,4
5815255,1777336052,ai.elimu.filamu,,,,akili and me - letter d,4
5815256,1777336085,ai.elimu.filamu,{'video_playback_position_ms': 12545},,,akili and me - letter d,4
5815257,1777336135,ai.elimu.filamu,,,,akili and me - letter b,2
5815258,1777336190,ai.elimu.filamu,{'video_playback_position_ms': 40291},,,akili and me - letter b,2
5815259,1777336239,ai.elimu.filamu,,,,akili and me - letter a,1
5815260,1777336273,ai.elimu.filamu,{'video_playback_position_ms': 6725},,,akili and me - letter a,1
5815261,1777336298,ai.elimu.filamu,,,,akili and me - letter i,33
5815262,1777336323,ai.elimu.filamu,{'video_playback_position_ms': 35644},,,akili and me - letter i,33
5815263,1777336370,ai.elimu.filamu,,,,[test] a test video,44
5815264,1777336378,ai.elimu.filamu,{'video_playback_position_ms': 39476},,,[test] a test video,44
5815347,1777507491,ai.elimu.filamu,,,,akili and me - letter b,2
5815348,1777507530,ai.elimu.filamu,{'video_playback_position_ms': 18262},,,akili and me - letter b,2
5815349,1777507576,ai.elimu.filamu,,,,akili and me - letter a,1
5815350,1777507630,ai.elimu.filamu,{'video_playback_position_ms': 41116},,,akili and me - letter a,1
5815351,1777507669,ai.elimu.filamu,,,,[test] a test video,44
5815352,1777507697,ai.elimu.filamu,{'video_playback_position_ms': 22501},,,[test] a test video,44
5815353,1777507765,ai.elimu.filamu,,,,akili and me - letter b,2
5815354,1777507770,ai.elimu.filamu,{'video_playback_position_ms': 35477},,,akili and me - letter b,2
5815355,1777507874,ai.elimu.filamu,,,,[test] a test video,44
5815356,1777507878,ai.elimu.filamu,{'video_playback_position_ms': 48727},,,[test] a test video,44
5815357,1777507947,ai.elimu.filamu,,,,akili and me - letter b,2
5815358,1777507982,ai.elimu.filamu,{'video_playback_position_ms': 13492},,,akili and me - letter b,2
5815359,1777508094,ai.elimu.filamu,,,,akili and me - letter i,33
5815360,1777508149,ai.elimu.filamu,{'video_playback_position_ms': 58938},,,akili and me - letter i,33
5815361,1777508198,ai.elimu.filamu,,,,[test] a test video,44
5815362,1777508227,ai.elimu.filamu,{'video_playback_position_ms': 6288},,,[test] a test video,44
5815363,1777508266,ai.elimu.filamu,,,,akili and me - letter d,4
5815364,1777508301,ai.elimu.filamu,{'video_playback_position_ms': 58639},,,akili and me - letter d,4
5815365,1777508330,ai.elimu.filamu,,,,akili and me - letter i,33
5815366,1777508376,ai.elimu.filamu,{'video_playback_position_ms': 29943},,,akili and me - letter i,33
5815367,1777508424,ai.elimu.filamu,,,,akili and me - letter b,2
5815368,1777508455,ai.elimu.filamu,{'video_playback_position_ms': 44339},,,akili and me - letter b,2
5815369,1777508537,ai.elimu.filamu,,,,[test] a test video,44
5815370,1777508577,ai.elimu.filamu,{'video_playback_position_ms': 57326},,,[test] a test video,44
5815371,1777508637,ai.elimu.filamu,,,,akili and me - letter b,2
5815372,1777508649,ai.elimu.filamu,{'video_playback_position_ms': 17483},,,akili and me - letter b,2
5815373,1777508686,ai.elimu.filamu,,,,akili and me - letter i,33
5815374,1777508732,ai.elimu.filamu,{'video_playback_position_ms': 29114},,,akili and me - letter i,33
5815375,1777594291,ai.elimu.filamu,,,,akili and me - letter a,1
5815376,1777594303,ai.elimu.filamu,{'video_playback_position_ms': 39551},,,akili and me - letter a,1
5815377,1777594367,ai.elimu.filamu,,,,akili and me - letter b,2
5815378,1777594421,ai.elimu.filamu,{'video_playback_position_ms': 12649},,,akili and me - letter b,2
5815379,1777594536,ai.elimu.filamu,,,,akili and me - letter c,3
5815380,1777594548,ai.elimu.filamu,{'video_playback_position_ms': 40370},,,akili and me - letter c,3
5815395,1777733393,ai.elimu.filamu,,,,akili and me - the rectangle song,13
5815396,1777733408,ai.elimu.filamu,{'video_playback_position_ms': 4875},,,akili and me - the rectangle song,13
5815397,1777733465,ai.elimu.filamu,,,,akili and me - letter i,33
5815398,1777733519,ai.elimu.filamu,{'video_playback_position_ms': 15128},,,akili and me - letter i,33
5815399,1777733596,ai.elimu.filamu,,,,[test] a test video,44
5815400,1777733630,ai.elimu.filamu,{'video_playback_position_ms': 55941},,,[test] a test video,44
5815401,1777733727,ai.elimu.filamu,,,,[test] a test video,44
5815402,1777733772,ai.elimu.filamu,{'video_playback_position_ms': 59172},,,[test] a test video,44
5815403,1777733796,ai.elimu.filamu,,,,akili and me - letter i,33
5815404,1777733832,ai.elimu.filamu,{'video_playback_position_ms': 16410},,,akili and me - letter i,33
5815405,1777733866,ai.elimu.filamu,,,,[test] a test video,44
5815406,1777733887,ai.elimu.filamu,{'video_playback_position_ms': 10085},,,[test] a test video,44
5815407,1777733973,ai.elimu.filamu,,,,akili and me - letter b,2
5815408,1777734031,ai.elimu.filamu,{'video_playback_position_ms': 33060},,,akili and me - letter b,2
5815409,1777734083,ai.elimu.filamu,,,,[test] a test video,44
5815410,1777734137,ai.elimu.filamu,{'video_playback_position_ms': 39569},,,[test] a test video,44
5815411,1777734178,ai.elimu.filamu,,,,akili and me - letter i,33
5815412,1777734202,ai.elimu.filamu,{'video_playback_position_ms': 57025},,,akili and me - letter i,33
5815413,1777734299,ai.elimu.filamu,,,,akili and me - letter a,1
5815414,1777734324,ai.elimu.filamu,{'video_playback_position_ms': 14529},,,akili and me - letter a,1
5815415,1777734400,ai.elimu.filamu,,,,akili and me - letter b,2
5815416,1777734457,ai.elimu.filamu,{'video_playback_position_ms': 38262},,,akili and me - letter b,2
5815417,1777734540,ai.elimu.filamu,,,,akili and me - letter c,3
5815418,1777734575,ai.elimu.filamu,{'video_playback_position_ms': 20586},,,akili and me - letter c,3
5815419,1777766851,ai.elimu.filamu,,,,akili and me - letter c,3
5815420,1777766906,ai.elimu.filamu,{'video_playback_position_ms': 42124},,,akili and me - letter c,3
5815421,1777766997,ai.elimu.filamu,,,,akili and me - letter d,4
5815422,1777767022,ai.elimu.filamu,{'video_playback_position_ms': 31233},,,akili and me - letter d,4
5815423,1777767100,ai.elimu.filamu,,,,akili and me - the rectangle song,13
5815424,1777767120,ai.elimu.filamu,{'video_playback_position_ms': 22611},,,akili and me - the rectangle song,13
5815425,1777767223,ai.elimu.filamu,,,,akili and me - letter i,33
5815426,1777767272,ai.elimu.filamu,{'video_playback_position_ms': 59027},,,akili and me - letter i,33
5815427,1777767299,ai.elimu.filamu,,,,akili and me - letter a,1
5815428,1777767316,ai.elimu.filamu,{'video_playback_position_ms': 23666},,,akili and me - letter a,1
5815429,1777767356,ai.elimu.filamu,,,,akili and me - letter d,4
5815430,1777767396,ai.elimu.filamu,{'video_playback_position_ms': 6562},,,akili and me - letter d,4
5815431,1777767444,ai.elimu.filamu,,,,akili and me - the rectangle song,13
5815432,1777767459,ai.elimu.filamu,{'video_playback_position_ms': 36270},,,akili and me - the rectangle song,13
5815433,1777767487,ai.elimu.filamu,,,,akili and me - letter a,1
5815434,1777767544,ai.elimu.filamu,{'video_playback_position_ms': 56029},,,akili and me - letter a,1
5815435,1777767623,ai.elimu.filamu,,,,[test] a test video,44
5815436,1777767662,ai.elimu.filamu,{'video_playback_position_ms': 52400},,,[test] a test video,44
5815437,1777767715,ai.elimu.filamu,,,,akili and me - letter a,1
5815438,1777767769,ai.elimu.filamu,{'video_playback_position_ms': 34467},,,akili and me - letter a,1
5815439,1777767881,ai.elimu.filamu,,,,akili and me - letter c,3
5815440,1777767905,ai.elimu.filamu,{'video_playback_position_ms': 26383},,,akili and me - letter c,3
5815441,1777767940,ai.elimu.filamu,,,,akili and me - letter b,2
5815442,1777767980,ai.elimu.filamu,{'video_playback_position_ms': 29366},,,akili and me - letter b,2
5815443,1777768090,ai.elimu.filamu,,,,akili and me - letter i,33
5815444,1777768124,ai.elimu.filamu,{'video_playback_position_ms': 41793},,,akili and me - letter i,33
5815445,1777768186,ai.elimu.filamu,,,,akili and me - letter d,4
5815446,1777768228,ai.elimu.filamu,{'video_playback_position_ms': 57535},,,akili and me - letter d,4
5815471,1777847620,ai.elimu.filamu,,,,akili and me - letter i,33
5815472,1777847641,ai.elimu.filamu,{'video_playback_position_ms': 26840},,,akili and me - letter i,33
5815473,1777847682,ai.elimu.filamu,,,,akili and me - letter d,4
5815474,1777847688,ai.elimu.filamu,{'video_playback_position_ms': 58448},,,akili and me - letter d,4
5815475,1777847727,ai.elimu.filamu,,,,akili and me - letter a,1
5815476,1777847743,ai.elimu.filamu,{'video_playback_position_ms': 58254},,,akili and me - letter a,1
5815477,1777847803,ai.elimu.filamu,,,,[test] a test video,44
5815478,1777847809,ai.elimu.filamu,{'video_playback_position_ms': 5401},,,[test] a test video,44
5815479,1777847886,ai.elimu.filamu,,,,akili and me - letter b,2
5815480,1777847923,ai.elimu.filamu,{'video_playback_position_ms': 34902},,,akili and me - letter b,2
5815481,1777847941,ai.elimu.filamu,,,,akili and me - letter c,3
5815482,1777847950,ai.elimu.filamu,{'video_playback_position_ms': 48866},,,akili and me - letter c,3
5815483,1777848047,ai.elimu.filamu,,,,akili and me - the rectangle song,13
5815484,1777848069,ai.elimu.filamu,{'video_playback_position_ms': 3295},,,akili and me - the rectangle song,13
5815485,1777848122,ai.elimu.filamu,,,,akili and me - letter d,4
5815486,1777848171,ai.elimu.filamu,{'video_playback_position_ms': 27451},,,akili and me - letter d,4
5815487,1777848232,ai.elimu.filamu,,,,akili and me - letter a,1
5815488,1777848237,ai.elimu.filamu,{'video_playback_position_ms': 7802},,,akili and me - letter a,1
5815489,1777848312,ai.elimu.filamu,,,,[test] a test video,44
5815490,1777848326,ai.elimu.filamu,{'video_playback_position_ms': 49654},,,[test] a test video,44
5815491,1777848347,ai.elimu.filamu,,,,akili and me - the rectangle song,13
5815492,1777848397,ai.elimu.filamu,{'video_playback_position_ms': 54260},,,akili and me - the rectangle song,13
5815493,1777848426,ai.elimu.filamu,,,,akili and me - the rectangle song,13
5815494,1777848479,ai.elimu.filamu,{'video_playback_position_ms': 10386},,,akili and me - the rectangle song,13
5815495,1777848556,ai.elimu.filamu,,,,akili and me - letter c,3
5815496,1777848573,ai.elimu.filamu,{'video_playback_position_ms': 34450},,,akili and me - letter c,3
5815497,1777848609,ai.elimu.filamu,,,,[test] a test video,44
5815498,1777848638,ai.elimu.filamu,{'video_playback_position_ms': 28377},,,[test] a test video,44
5815499,1777848696,ai.elimu.filamu,,,,[test] a test video,44
5815500,1777848726,ai.elimu.filamu,{'video_playback_position_ms': 26205},,,[test] a test video,44
5815501,1777848761,ai.elimu.filamu,,,,[test] a test video,44
5815502,1777848809,ai.elimu.filamu,{'video_playback_position_ms': 43529},,,[test] a test video,44
5815503,1777848889,ai.elimu.filamu,,,,akili and me - letter c,3
5815504,1777848911,ai.elimu.filamu,{'video_playback_position_ms': 12811},,,akili and me - letter c,3
5815505,1777849001,ai.elimu.filamu,,,,akili and me - letter i,33
5815506,1777849042,ai.elimu.filamu,{'video_playback_position_ms': 53777},,,akili and me - letter i,33
5815507,1777849132,ai.elimu.filamu,,,,akili and me - the rectangle song,13
5815508,1777849174,ai.elimu.filamu,{'video_playback_position_ms': 9728},,,akili and me - the rectangle song,13
5815563,1777903846,ai.elimu.filamu,,,,akili and me - letter b,2
5815564,1777903890,ai.elimu.filamu,{'video_playback_position_ms': 42198},,,akili and me - letter b,2
5815565,1777904002,ai.elimu.filamu,,,,akili and me - letter d,4
5815566,1777904047,ai.elimu.filamu,{'video_playback_position_ms': 58048},,,akili and me - letter d,4
5815567,1777904088,ai.elimu.filamu,,,,akili and me - letter b,2
5815568,1777904112,ai.elimu.filamu,{'video_playback_position_ms': 34374},,,akili and me - letter b,2
5815569,1777904229,ai.elimu.filamu,,,,[test] a test video,44
5815570,1777904273,ai.elimu.filamu,{'video_playback_position_ms': 23040},,,[test] a test video,44
5815571,1777904338,ai.elimu.filamu,,,,akili and me - letter a,1
5815572,1777904369,ai.elimu.filamu,{'video_playback_position_ms': 55864},,,akili and me - letter a,1
5815573,1777904435,ai.elimu.filamu,,,,akili and me - letter a,1
5815574,1777904462,ai.elimu.filamu,{'video_playback_position_ms': 36212},,,akili and me - letter a,1
5815605,1778025536,ai.elimu.filamu,,,,akili and me - letter a,1
5815606,1778025570,ai.elimu.filamu,{'video_playback_position_ms': 14434},,,akili and me - letter a,1
5815607,1778025591,ai.elimu.filamu,,,,akili and me - letter i,33
5815608,1778025601,ai.elimu.filamu,{'video_playback_position_ms': 39154},,,akili and me - letter i,33
5815609,1778025696,ai.elimu.filamu,,,,akili and me - letter d,4
5815610,1778025732,ai.elimu.filamu,{'video_playback_position_ms': 2161},,,akili and me - letter d,4
5815611,1778025797,ai.elimu.filamu,,,,[test] a test video,44
5815612,1778025810,ai.elimu.filamu,{'video_playback_position_ms': 29268},,,[test] a test video,44
5815613,1778025841,ai.elimu.filamu,,,,akili and me - the rectangle song,13
5815614,1778025892,ai.elimu.filamu,{'video_playback_position_ms': 55354},,,akili and me - the rectangle song,13
5815615,1778025991,ai.elimu.filamu,,,,akili and me - letter c,3
5815616,1778026003,ai.elimu.filamu,{'video_playback_position_ms': 32268},,,akili and me - letter c,3
5815617,1778026054,ai.elimu.filamu,,,,akili and me - letter i,33
5815618,1778026075,ai.elimu.filamu,{'video_playback_position_ms': 54138},,,akili and me - letter i,33
5815619,1778026181,ai.elimu.filamu,,,,akili and me - letter a,1
5815620,1778026199,ai.elimu.filamu,{'video_playback_position_ms': 24188},,,akili and me - letter a,1
5815621,1778026269,ai.elimu.filamu,,,,akili and me - letter d,4
5815622,1778026275,ai.elimu.filamu,{'video_playback_position_ms': 57315},,,akili and me - letter d,4
5815623,1778026299,ai.elimu.filamu,,,,akili and me - letter b,2
5815624,1778026332,ai.elimu.filamu,{'video_playback_position_ms': 38488},,,akili and me - letter b,2
5815625,1778026405,ai.elimu.filamu,,,,akili and me - letter a,1
5815626,1778026433,ai.elimu.filamu,{'video_playback_position_ms': 29600},,,akili and me - letter a,1
5815627,1778026498,ai.elimu.filamu,,,,akili and me - the rectangle song,13
5815628,1778026513,ai.elimu.filamu,{'video_playback_position_ms': 50434},,,akili and me - the rectangle song,13
5815629,1778112772,ai.elimu.filamu,,,,akili and me - letter i,33
5815630,1778112774,ai.elimu.filamu,{'video_playback_position_ms': 51698},,,akili and me - letter i,33
5815631,1778112863,ai.elimu.filamu,,,,akili and me - letter b,2
5815632,1778112904,ai.elimu.filamu,{'video_playback_position_ms': 11793},,,akili and me - letter b,2
5815633,1778112924,ai.elimu.filamu,,,,akili and me - letter c,3
5815634,1778112968,ai.elimu.filamu,{'video_playback_position_ms': 40953},,,akili and me - letter c,3
5815635,1778112990,ai.elimu.filamu,,,,[test] a test video,44
5815636,1778113032,ai.elimu.filamu,{'video_playback_position_ms': 57629},,,[test] a test video,44
5815637,1778113137,ai.elimu.filamu,,,,akili and me - letter b,2
5815638,1778113158,ai.elimu.filamu,{'video_playback_position_ms': 44434},,,akili and me - letter b,2
5815639,1778113211,ai.elimu.filamu,,,,[test] a test video,44
5815640,1778113256,ai.elimu.filamu,{'video_playback_position_ms': 39705},,,[test] a test video,44
5815641,1778113297,ai.elimu.filamu,,,,akili and me - letter a,1
5815642,1778113354,ai.elimu.filamu,{'video_playback_position_ms': 33684},,,akili and me - letter a,1
5815643,1778113388,ai.elimu.filamu,,,,[test] a test video,44
5815644,1778113442,ai.elimu.filamu,{'video_playback_position_ms': 10519},,,[test] a test video,44
5815645,1778113551,ai.elimu.filamu,,,,akili and me - letter d,4
5815646,1778113577,ai.elimu.filamu,{'video_playback_position_ms': 47583},,,akili and me - letter d,4
5815647,1778113600,ai.elimu.filamu,,,,akili and me - the rectangle song,13
5815648,1778113613,ai.elimu.filamu,{'video_playback_position_ms': 48977},,,akili and me - the rectangle song,13
5815649,1778113729,ai.elimu.filamu,,,,akili and me - letter a,1
5815650,1778113779,ai.elimu.filamu,{'video_playback_position_ms': 50245},,,akili and me - letter a,1
5815727,1778371648,ai.elimu.filamu,,,,[test] a test video,44
5815728,1778371658,ai.elimu.filamu,{'video_playback_position_ms': 40130},,,[test] a test video,44
5815729,1778371690,ai.elimu.filamu,,,,akili and me - letter d,4
5815730,1778371722,ai.elimu.filamu,{'video_playback_position_ms': 55272},,,akili and me - letter d,4
5815731,1778371767,ai.elimu.filamu,,,,akili and me - letter d,4
5815732,1778371772,ai.elimu.filamu,{'video_playback_position_ms': 29212},,,akili and me - letter d,4
5815733,1778371873,ai.elimu.filamu,,,,akili and me - letter b,2
5815734,1778371893,ai.elimu.filamu,{'video_playback_position_ms': 45874},,,akili and me - letter b,2
5815735,1778371932,ai.elimu.filamu,,,,akili and me - letter b,2
5815736,1778371991,ai.elimu.filamu,{'video_playback_position_ms': 53711},,,akili and me - letter b,2
5815737,1778372034,ai.elimu.filamu,,,,akili and me - the rectangle song,13
5815738,1778372074,ai.elimu.filamu,{'video_playback_position_ms': 19039},,,akili and me - the rectangle song,13
5815739,1778372176,ai.elimu.filamu,,,,akili and me - the rectangle song,13
5815740,1778372192,ai.elimu.filamu,{'video_playback_position_ms': 59918},,,akili and me - the rectangle song,13
5815741,1778372239,ai.elimu.filamu,,,,akili and me - letter i,33
5815742,1778372246,ai.elimu.filamu,{'video_playback_position_ms': 17656},,,akili and me - letter i,33
5815743,1778372289,ai.elimu.filamu,,,,akili and me - letter d,4
5815744,1778372296,ai.elimu.filamu,{'video_playback_position_ms': 29039},,,akili and me - letter d,4
5815745,1778372327,ai.elimu.filamu,,,,akili and me - letter d,4
5815746,1778372345,ai.elimu.filamu,{'video_playback_position_ms': 42199},,,akili and me - letter d,4
5815747,1778372423,ai.elimu.filamu,,,,akili and me - the rectangle song,13
5815748,1778372433,ai.elimu.filamu,{'video_playback_position_ms': 1235},,,akili and me - the rectangle song,13
5815773,1778545019,ai.elimu.filamu,,,,akili and me - letter i,33
5815774,1778545075,ai.elimu.filamu,{'video_playback_position_ms': 12530},,,akili and me - letter i,33
5815775,1778545090,ai.elimu.filamu,,,,akili and me - letter b,2
5815776,1778545103,ai.elimu.filamu,{'video_playback_position_ms': 22698},,,akili and me - letter b,2
5815777,1778545168,ai.elimu.filamu,,,,akili and me - letter i,33
5815778,1778545183,ai.elimu.filamu,{'video_playback_position_ms': 3389},,,akili and me - letter i,33
5815791,1778557964,ai.elimu.filamu,,,,akili and me - letter b,2
5815792,1778557997,ai.elimu.filamu,{'video_playback_position_ms': 17200},,,akili and me - letter b,2
5815793,1778558098,ai.elimu.filamu,,,,akili and me - letter a,1
5815794,1778558153,ai.elimu.filamu,{'video_playback_position_ms': 31409},,,akili and me - letter a,1
5815795,1778558227,ai.elimu.filamu,,,,akili and me - the rectangle song,13
5815796,1778558272,ai.elimu.filamu,{'video_playback_position_ms': 6492},,,akili and me - the rectangle song,13
5815797,1778558387,ai.elimu.filamu,,,,akili and me - letter i,33
5815798,1778558433,ai.elimu.filamu,{'video_playback_position_ms': 37006},,,akili and me - letter i,33
5815799,1778558533,ai.elimu.filamu,,,,akili and me - the rectangle song,13
5815800,1778558539,ai.elimu.filamu,{'video_playback_position_ms': 39197},,,akili and me - the rectangle song,13
5815913,1778719468,ai.elimu.filamu,,,,akili and me - letter a,1
5815914,1778719495,ai.elimu.filamu,{'video_playback_position_ms': 56557},,,akili and me - letter a,1
5815915,1778719584,ai.elimu.filamu,,,,akili and me - letter i,33
5815916,1778719641,ai.elimu.filamu,{'video_playback_position_ms': 14947},,,akili and me - letter i,33
5815917,1778719665,ai.elimu.filamu,,,,akili and me - letter b,2
5815918,1778719700,ai.elimu.filamu,{'video_playback_position_ms': 6696},,,akili and me - letter b,2
5815919,1778719756,ai.elimu.filamu,,,,akili and me - letter b,2
5815920,1778719793,ai.elimu.filamu,{'video_playback_position_ms': 40300},,,akili and me - letter b,2
5815921,1778719912,ai.elimu.filamu,,,,akili and me - letter d,4
5815922,1778719959,ai.elimu.filamu,{'video_playback_position_ms': 25968},,,akili and me - letter d,4
5815923,1778720038,ai.elimu.filamu,,,,akili and me - letter b,2
5815924,1778720041,ai.elimu.filamu,{'video_playback_position_ms': 48650},,,akili and me - letter b,2
5815925,1778720081,ai.elimu.filamu,,,,akili and me - letter d,4
5815926,1778720117,ai.elimu.filamu,{'video_playback_position_ms': 43997},,,akili and me - letter d,4
5815927,1778720233,ai.elimu.filamu,,,,akili and me - the rectangle song,13
5815928,1778720245,ai.elimu.filamu,{'video_playback_position_ms': 40799},,,akili and me - the rectangle song,13
5815929,1778720340,ai.elimu.filamu,,,,[test] a test video,44
5815930,1778720392,ai.elimu.filamu,{'video_playback_position_ms': 48105},,,[test] a test video,44
5815931,1778720417,ai.elimu.filamu,,,,akili and me - letter a,1
5815932,1778720463,ai.elimu.filamu,{'video_playback_position_ms': 23734},,,akili and me - letter a,1
5815933,1778720493,ai.elimu.filamu,,,,akili and me - letter d,4
5815934,1778720503,ai.elimu.filamu,{'video_playback_position_ms': 47288},,,akili and me - letter d,4
5815935,1778720573,ai.elimu.filamu,,,,akili and me - letter a,1
5815936,1778720615,ai.elimu.filamu,{'video_playback_position_ms': 51285},,,akili and me - letter a,1
5815937,1778720636,ai.elimu.filamu,,,,akili and me - the rectangle song,13
5815938,1778720657,ai.elimu.filamu,{'video_playback_position_ms': 52786},,,akili and me - the rectangle song,13
5815939,1778720772,ai.elimu.filamu,,,,[test] a test video,44
5815940,1778720784,ai.elimu.filamu,{'video_playback_position_ms': 21615},,,[test] a test video,44
5815941,1778720842,ai.elimu.filamu,,,,[test] a test video,44
5815942,1778720857,ai.elimu.filamu,{'video_playback_position_ms': 54195},,,[test] a test video,44
5815943,1778720962,ai.elimu.filamu,,,,akili and me - the rectangle song,13
5815944,1778720986,ai.elimu.filamu,{'video_playback_position_ms': 54919},,,akili and me - the rectangle song,13
5815983,1778805097,ai.elimu.filamu,,,,akili and me - letter d,4
5815984,1778805108,ai.elimu.filamu,{'video_playback_position_ms': 29606},,,akili and me - letter d,4
5815985,1778805227,ai.elimu.filamu,,,,akili and me - letter a,1
5815986,1778805268,ai.elimu.filamu,{'video_playback_position_ms': 45866},,,akili and me - letter a,1
5816035,1778889796,ai.elimu.filamu,,,,akili and me - letter b,2
5816036,1778889800,ai.elimu.filamu,{'video_playback_position_ms': 17426},,,akili and me - letter b,2
5816037,1778889821,ai.elimu.filamu,,,,akili and me - letter d,4
5816038,1778889852,ai.elimu.filamu,{'video_playback_position_ms': 47013},,,akili and me - letter d,4
5816039,1778889900,ai.elimu.filamu,,,,akili and me - letter a,1
5816040,1778889926,ai.elimu.filamu,{'video_playback_position_ms': 17768},,,akili and me - letter a,1
5816067,1779062852,ai.elimu.filamu,,,,akili and me - letter c,3
5816068,1779062896,ai.elimu.filamu,{'video_playback_position_ms': 21079},,,akili and me - letter c,3
5816069,1779062967,ai.elimu.filamu,,,,akili and me - the rectangle song,13
5816070,1779062990,ai.elimu.filamu,{'video_playback_position_ms': 52727},,,akili and me - the rectangle song,13
5816071,1779063094,ai.elimu.filamu,,,,akili and me - letter b,2
5816072,1779063140,ai.elimu.filamu,{'video_playback_position_ms': 22491},,,akili and me - letter b,2
5816073,1779149779,ai.elimu.filamu,,,,akili and me - the rectangle song,13
5816074,1779149804,ai.elimu.filamu,{'video_playback_position_ms': 45171},,,akili and me - the rectangle song,13
5816075,1779149902,ai.elimu.filamu,,,,akili and me - letter c,3
5816076,1779149931,ai.elimu.filamu,{'video_playback_position_ms': 8236},,,akili and me - letter c,3
5816077,1779149959,ai.elimu.filamu,,,,akili and me - the rectangle song,13
5816078,1779150010,ai.elimu.filamu,{'video_playback_position_ms': 53442},,,akili and me - the rectangle song,13
5816079,1779150094,ai.elimu.filamu,,,,[test] a test video,44
5816080,1779150126,ai.elimu.filamu,{'video_playback_position_ms': 31320},,,[test] a test video,44
5816081,1779150226,ai.elimu.filamu,,,,akili and me - letter d,4
5816082,1779150275,ai.elimu.filamu,{'video_playback_position_ms': 44783},,,akili and me - letter d,4
5816083,1779150346,ai.elimu.filamu,,,,akili and me - letter b,2
5816084,1779150349,ai.elimu.filamu,{'video_playback_position_ms': 27667},,,akili and me - letter b,2
5816085,1779150387,ai.elimu.filamu,,,,akili and me - letter c,3
5816086,1779150405,ai.elimu.filamu,{'video_playback_position_ms': 6378},,,akili and me - letter c,3
5816087,1779150465,ai.elimu.filamu,,,,akili and me - letter d,4
5816088,1779150513,ai.elimu.filamu,{'video_playback_position_ms': 13133},,,akili and me - letter d,4
5816089,1779150556,ai.elimu.filamu,,,,[test] a test video,44
5816090,1779150568,ai.elimu.filamu,{'video_playback_position_ms': 37916},,,[test] a test video,44
5816091,1779150617,ai.elimu.filamu,,,,akili and me - letter a,1
5816092,1779150659,ai.elimu.filamu,{'video_playback_position_ms': 39187},,,akili and me - letter a,1
5816093,1779150675,ai.elimu.filamu,,,,akili and me - letter a,1
5816094,1779150705,ai.elimu.filamu,{'video_playback_position_ms': 21415},,,akili and me - letter a,1
5816095,1779150766,ai.elimu.filamu,,,,akili and me - letter d,4
5816096,1779150787,ai.elimu.filamu,{'video_playback_position_ms': 47907},,,akili and me - letter d,4
5816097,1779150864,ai.elimu.filamu,,,,[test] a test video,44
5816098,1779150871,ai.elimu.filamu,{'video_playback_position_ms': 10684},,,[test] a test video,44
5816099,1779150897,ai.elimu.filamu,,,,akili and me - the rectangle song,13
5816100,1779150923,ai.elimu.filamu,{'video_playback_position_ms': 54266},,,akili and me - the rectangle song,13
5816101,1779150979,ai.elimu.filamu,,,,akili and me - letter b,2
5816102,1779151014,ai.elimu.filamu,{'video_playback_position_ms': 40852},,,akili and me - letter b,2
5816103,1779151101,ai.elimu.filamu,,,,akili and me - letter c,3
5816104,1779151144,ai.elimu.filamu,{'video_playback_position_ms': 3639},,,akili and me - letter c,3
5816105,1779151226,ai.elimu.filamu,,,,akili and me - the rectangle song,13
5816106,1779151271,ai.elimu.filamu,{'video_playback_position_ms': 56312},,,akili and me - the rectangle song,13
5816107,1779151378,ai.elimu.filamu,,,,akili and me - letter b,2
5816108,1779151389,ai.elimu.filamu,{'video_playback_position_ms': 32181},,,akili and me - letter b,2
5816115,1779237738,ai.elimu.filamu,,,,akili and me - letter i,33
5816116,1779237786,ai.elimu.filamu,{'video_playback_position_ms': 29531},,,akili and me - letter i,33
5816117,1779237814,ai.elimu.filamu,,,,akili and me - letter b,2
5816118,1779237834,ai.elimu.filamu,{'video_playback_position_ms': 11487},,,akili and me - letter b,2
5816119,1779237915,ai.elimu.filamu,,,,akili and me - letter b,2
5816120,1779237939,ai.elimu.filamu,{'video_playback_position_ms': 23430},,,akili and me - letter b,2
5816151,1779322571,ai.elimu.filamu,,,,[test] a test video,44
5816152,1779322593,ai.elimu.filamu,{'video_playback_position_ms': 17239},,,[test] a test video,44
5816153,1779322663,ai.elimu.filamu,,,,[test] a test video,44
5816154,1779322666,ai.elimu.filamu,{'video_playback_position_ms': 37943},,,[test] a test video,44
5816155,1779322718,ai.elimu.filamu,,,,akili and me - letter a,1
5816156,1779322741,ai.elimu.filamu,{'video_playback_position_ms': 58265},,,akili and me - letter a,1
5816157,1779322805,ai.elimu.filamu,,,,akili and me - letter a,1
5816158,1779322818,ai.elimu.filamu,{'video_playback_position_ms': 40036},,,akili and me - letter a,1
5816159,1779322884,ai.elimu.filamu,,,,akili and me - letter i,33
5816160,1779322930,ai.elimu.filamu,{'video_playback_position_ms': 59427},,,akili and me - letter i,33
5816161,1779323009,ai.elimu.filamu,,,,akili and me - the rectangle song,13
5816162,1779323012,ai.elimu.filamu,{'video_playback_position_ms': 37209},,,akili and me - the rectangle song,13
5816163,1779323031,ai.elimu.filamu,,,,akili and me - letter c,3
5816164,1779323049,ai.elimu.filamu,{'video_playback_position_ms': 15430},,,akili and me - letter c,3
5816165,1779323136,ai.elimu.filamu,,,,akili and me - the rectangle song,13
5816166,1779323183,ai.elimu.filamu,{'video_playback_position_ms': 21782},,,akili and me - the rectangle song,13
5816167,1779323260,ai.elimu.filamu,,,,akili and me - letter b,2
5816168,1779323276,ai.elimu.filamu,{'video_playback_position_ms': 12825},,,akili and me - letter b,2
5816169,1779323328,ai.elimu.filamu,,,,[test] a test video,44
5816170,1779323349,ai.elimu.filamu,{'video_playback_position_ms': 46866},,,[test] a test video,44
5816171,1779323398,ai.elimu.filamu,,,,akili and me - letter i,33
5816172,1779323417,ai.elimu.filamu,{'video_playback_position_ms': 13585},,,akili and me - letter i,33
5816173,1779323436,ai.elimu.filamu,,,,akili and me - the rectangle song,13
5816174,1779323473,ai.elimu.filamu,{'video_playback_position_ms': 33914},,,akili and me - the rectangle song,13
5816209,1779408789,ai.elimu.filamu,,,,akili and me - letter a,1
5816210,1779408840,ai.elimu.filamu,{'video_playback_position_ms': 10781},,,akili and me - letter a,1
5816211,1779408908,ai.elimu.filamu,,,,[test] a test video,44
5816212,1779408957,ai.elimu.filamu,{'video_playback_position_ms': 30302},,,[test] a test video,44
5816213,1779408976,ai.elimu.filamu,,,,akili and me - the rectangle song,13
5816214,1779409022,ai.elimu.filamu,{'video_playback_position_ms': 9516},,,akili and me - the rectangle song,13
5816215,1779409081,ai.elimu.filamu,,,,[test] a test video,44
5816216,1779409109,ai.elimu.filamu,{'video_playback_position_ms': 57698},,,[test] a test video,44
5816217,1779409167,ai.elimu.filamu,,,,akili and me - letter a,1
5816218,1779409177,ai.elimu.filamu,{'video_playback_position_ms': 34880},,,akili and me - letter a,1
5816219,1779409243,ai.elimu.filamu,,,,[test] a test video,44
5816220,1779409273,ai.elimu.filamu,{'video_playback_position_ms': 41327},,,[test] a test video,44
5816221,1779409359,ai.elimu.filamu,,,,akili and me - letter d,4
5816222,1779409383,ai.elimu.filamu,{'video_playback_position_ms': 58641},,,akili and me - letter d,4
5816223,1779409434,ai.elimu.filamu,,,,akili and me - letter i,33
5816224,1779409454,ai.elimu.filamu,{'video_playback_position_ms': 20490},,,akili and me - letter i,33
5816225,1779409534,ai.elimu.filamu,,,,[test] a test video,44
5816226,1779409554,ai.elimu.filamu,{'video_playback_position_ms': 15175},,,[test] a test video,44
5816227,1779409626,ai.elimu.filamu,,,,[test] a test video,44
5816228,1779409661,ai.elimu.filamu,{'video_playback_position_ms': 52091},,,[test] a test video,44
5816229,1779497079,ai.elimu.filamu,,,,akili and me - letter d,4
5816230,1779497111,ai.elimu.filamu,{'video_playback_position_ms': 16064},,,akili and me - letter d,4
5816231,1779497213,ai.elimu.filamu,,,,akili and me - letter b,2
5816232,1779497266,ai.elimu.filamu,{'video_playback_position_ms': 15323},,,akili and me - letter b,2
5816233,1779497306,ai.elimu.filamu,,,,akili and me - letter b,2
5816234,1779497361,ai.elimu.filamu,{'video_playback_position_ms': 20765},,,akili and me - letter b,2
5816291,1779581316,ai.elimu.filamu,,,,akili and me - letter d,4
5816292,1779581330,ai.elimu.filamu,{'video_playback_position_ms': 12520},,,akili and me - letter d,4
5816293,1779581382,ai.elimu.filamu,,,,[test] a test video,44
5816294,1779581417,ai.elimu.filamu,{'video_playback_position_ms': 14828},,,[test] a test video,44
5816295,1779581487,ai.elimu.filamu,,,,akili and me - letter d,4
5816296,1779581497,ai.elimu.filamu,{'video_playback_position_ms': 34564},,,akili and me - letter d,4
5816297,1779581551,ai.elimu.filamu,,,,akili and me - letter b,2
5816298,1779581569,ai.elimu.filamu,{'video_playback_position_ms': 49118},,,akili and me - letter b,2
5816299,1779581650,ai.elimu.filamu,,,,akili and me - the rectangle song,13
5816300,1779581671,ai.elimu.filamu,{'video_playback_position_ms': 3455},,,akili and me - the rectangle song,13
5816301,1779581740,ai.elimu.filamu,,,,akili and me - the rectangle song,13
5816302,1779581781,ai.elimu.filamu,{'video_playback_position_ms': 30775},,,akili and me - the rectangle song,13
5816303,1779581820,ai.elimu.filamu,,,,akili and me - letter d,4
5816304,1779581827,ai.elimu.filamu,{'video_playback_position_ms': 10348},,,akili and me - letter d,4
5816305,1779581882,ai.elimu.filamu,,,,akili and me - letter c,3
5816306,1779581910,ai.elimu.filamu,{'video_playback_position_ms': 38619},,,akili and me - letter c,3
5816307,1779667873,ai.elimu.filamu,,,,akili and me - letter i,33
5816308,1779667903,ai.elimu.filamu,{'video_playback_position_ms': 43607},,,akili and me - letter i,33
5816309,1779667977,ai.elimu.filamu,,,,akili and me - letter i,33
5816310,1779668002,ai.elimu.filamu,{'video_playback_position_ms': 35761},,,akili and me - letter i,33
5816311,1779668030,ai.elimu.filamu,,,,akili and me - letter c,3
5816312,1779668077,ai.elimu.filamu,{'video_playback_position_ms': 28386},,,akili and me - letter c,3
5816313,1779668172,ai.elimu.filamu,,,,akili and me - letter i,33
5816314,1779668174,ai.elimu.filamu,{'video_playback_position_ms': 7557},,,akili and me - letter i,33
5816315,1779668195,ai.elimu.filamu,,,,akili and me - the rectangle song,13
5816316,1779668232,ai.elimu.filamu,{'video_playback_position_ms': 31133},,,akili and me - the rectangle song,13
5816317,1779668280,ai.elimu.filamu,,,,akili and me - letter b,2
5816318,1779668321,ai.elimu.filamu,{'video_playback_position_ms': 52964},,,akili and me - letter b,2
5816319,1779668418,ai.elimu.filamu,,,,[test] a test video,44
5816320,1779668433,ai.elimu.filamu,{'video_playback_position_ms': 13751},,,[test] a test video,44
5816321,1779668479,ai.elimu.filamu,,,,akili and me - the rectangle song,13
5816322,1779668532,ai.elimu.filamu,{'video_playback_position_ms': 40093},,,akili and me - the rectangle song,13
5816323,1779668619,ai.elimu.filamu,,,,[test] a test video,44
5816324,1779668654,ai.elimu.filamu,{'video_playback_position_ms': 14698},,,[test] a test video,44
5816325,1779668718,ai.elimu.filamu,,,,akili and me - letter a,1
5816326,1779668773,ai.elimu.filamu,{'video_playback_position_ms': 56128},,,akili and me - letter a,1
5816327,1779668864,ai.elimu.filamu,,,,akili and me - letter d,4
5816328,1779668882,ai.elimu.filamu,{'video_playback_position_ms': 52863},,,akili and me - letter d,4
5816329,1779754504,ai.elimu.filamu,,,,akili and me - letter c,3
5816330,1779754519,ai.elimu.filamu,{'video_playback_position_ms': 48917},,,akili and me - letter c,3
5816331,1779754605,ai.elimu.filamu,,,,akili and me - the rectangle song,13
5816332,1779754654,ai.elimu.filamu,{'video_playback_position_ms': 9156},,,akili and me - the rectangle song,13
5816333,1779754688,ai.elimu.filamu,,,,akili and me - the rectangle song,13
5816334,1779754726,ai.elimu.filamu,{'video_playback_position_ms': 58601},,,akili and me - the rectangle song,13
5816335,1779754810,ai.elimu.filamu,,,,akili and me - letter d,4
5816336,1779754816,ai.elimu.filamu,{'video_playback_position_ms': 23355},,,akili and me - letter d,4
5816337,1779754849,ai.elimu.filamu,,,,akili and me - letter c,3
5816338,1779754877,ai.elimu.filamu,{'video_playback_position_ms': 55169},,,akili and me - letter c,3
5816339,1779754917,ai.elimu.filamu,,,,akili and me - letter b,2
5816340,1779754959,ai.elimu.filamu,{'video_playback_position_ms': 39334},,,akili and me - letter b,2
5816341,1779754997,ai.elimu.filamu,,,,akili and me - letter i,33
5816342,1779755015,ai.elimu.filamu,{'video_playback_position_ms': 13811},,,akili and me - letter i,33
5816343,1779755093,ai.elimu.filamu,,,,akili and me - letter d,4
5816344,1779755107,ai.elimu.filamu,{'video_playback_position_ms': 35933},,,akili and me - letter d,4
5816345,1779755146,ai.elimu.filamu,,,,akili and me - letter i,33
5816346,1779755197,ai.elimu.filamu,{'video_playback_position_ms': 45943},,,akili and me - letter i,33
5816347,1779755298,ai.elimu.filamu,,,,akili and me - letter d,4
5816348,1779755333,ai.elimu.filamu,{'video_playback_position_ms': 32380},,,akili and me - letter d,4
5816349,1779755375,ai.elimu.filamu,,,,akili and me - letter c,3
5816350,1779755390,ai.elimu.filamu,{'video_playback_position_ms': 15015},,,akili and me - letter c,3
5816351,1779755492,ai.elimu.filamu,,,,akili and me - letter a,1
5816352,1779755538,ai.elimu.filamu,{'video_playback_position_ms': 44870},,,akili and me - letter a,1
5816353,1779755642,ai.elimu.filamu,,,,akili and me - letter i,33
5816354,1779755664,ai.elimu.filamu,{'video_playback_position_ms': 38960},,,akili and me - letter i,33
5816355,1779755709,ai.elimu.filamu,,,,akili and me - letter b,2
5816356,1779755731,ai.elimu.filamu,{'video_playback_position_ms': 21060},,,akili and me - letter b,2
5816357,1779755785,ai.elimu.filamu,,,,[test] a test video,44
5816358,1779755835,ai.elimu.filamu,{'video_playback_position_ms': 45006},,,[test] a test video,44
5816361,1779842708,ai.elimu.filamu,,,,[test] a test video,44
5816362,1779842750,ai.elimu.filamu,{'video_playback_position_ms': 26049},,,[test] a test video,44
5816363,1779842774,ai.elimu.filamu,,,,akili and me - letter d,4
5816364,1779842785,ai.elimu.filamu,{'video_playback_position_ms': 21369},,,akili and me - letter d,4
5816365,1779842861,ai.elimu.filamu,,,,akili and me - letter b,2
5816366,1779842868,ai.elimu.filamu,{'video_playback_position_ms': 11962},,,akili and me - letter b,2
5816367,1779842925,ai.elimu.filamu,,,,akili and me - letter a,1
5816368,1779842944,ai.elimu.filamu,{'video_playback_position_ms': 12444},,,akili and me - letter a,1
5816369,1779842975,ai.elimu.filamu,,,,akili and me - letter c,3
5816370,1779843014,ai.elimu.filamu,{'video_playback_position_ms': 43520},,,akili and me - letter c,3
5816371,1779843105,ai.elimu.filamu,,,,[test] a test video,44
5816372,1779843134,ai.elimu.filamu,{'video_playback_position_ms': 14513},,,[test] a test video,44
5816373,1779843189,ai.elimu.filamu,,,,akili and me - the rectangle song,13
5816374,1779843199,ai.elimu.filamu,{'video_playback_position_ms': 54234},,,akili and me - the rectangle song,13
5816375,1779843287,ai.elimu.filamu,,,,akili and me - letter a,1
5816376,1779843319,ai.elimu.filamu,{'video_playback_position_ms': 8552},,,akili and me - letter a,1
5816377,1779843382,ai.elimu.filamu,,,,akili and me - letter b,2
5816378,1779843402,ai.elimu.filamu,{'video_playback_position_ms': 51034},,,akili and me - letter b,2
5816379,1779843451,ai.elimu.filamu,,,,akili and me - letter c,3
5816380,1779843497,ai.elimu.filamu,{'video_playback_position_ms': 26838},,,akili and me - letter c,3
5816381,1779843520,ai.elimu.filamu,,,,[test] a test video,44
5816382,1779843561,ai.elimu.filamu,{'video_playback_position_ms': 31457},,,[test] a test video,44
5816383,1779843654,ai.elimu.filamu,,,,akili and me - letter b,2
5816384,1779843679,ai.elimu.filamu,{'video_playback_position_ms': 41537},,,akili and me - letter b,2
5816385,1779843756,ai.elimu.filamu,,,,akili and me - letter b,2
5816386,1779843772,ai.elimu.filamu,{'video_playback_position_ms': 29625},,,akili and me - letter b,2
5816387,1779843849,ai.elimu.filamu,,,,akili and me - letter c,3
5816388,1779843865,ai.elimu.filamu,{'video_playback_position_ms': 38371},,,akili and me - letter c,3
5816425,1780015909,ai.elimu.filamu,,,,[test] a test video,44
5816426,1780015919,ai.elimu.filamu,{'video_playback_position_ms': 11789},,,[test] a test video,44
5816427,1780016019,ai.elimu.filamu,,,,akili and me - letter i,33
5816428,1780016072,ai.elimu.filamu,{'video_playback_position_ms': 59497},,,akili and me - letter i,33
5816429,1780016121,ai.elimu.filamu,,,,akili and me - letter d,4
5816430,1780016137,ai.elimu.filamu,{'video_playback_position_ms': 17756},,,akili and me - letter d,4
5816431,1780016160,ai.elimu.filamu,,,,akili and me - letter b,2
5816432,1780016212,ai.elimu.filamu,{'video_playback_position_ms': 35678},,,akili and me - letter b,2
5816433,1780016236,ai.elimu.filamu,,,,akili and me - the rectangle song,13
5816434,1780016281,ai.elimu.filamu,{'video_playback_position_ms': 59201},,,akili and me - the rectangle song,13
5816435,1780016350,ai.elimu.filamu,,,,akili and me - the rectangle song,13
5816436,1780016382,ai.elimu.filamu,{'video_playback_position_ms': 42306},,,akili and me - the rectangle song,13
5816437,1780016455,ai.elimu.filamu,,,,akili and me - letter c,3
5816438,1780016469,ai.elimu.filamu,{'video_playback_position_ms': 10244},,,akili and me - letter c,3
5816439,1780016535,ai.elimu.filamu,,,,akili and me - letter c,3
5816440,1780016589,ai.elimu.filamu,{'video_playback_position_ms': 58566},,,akili and me - letter c,3
5816441,1780016665,ai.elimu.filamu,,,,[test] a test video,44
5816442,1780016677,ai.elimu.filamu,{'video_playback_position_ms': 2809},,,[test] a test video,44
5816443,1780016750,ai.elimu.filamu,,,,akili and me - letter c,3
5816444,1780016779,ai.elimu.filamu,{'video_playback_position_ms': 9230},,,akili and me - letter c,3
5816445,1780016871,ai.elimu.filamu,,,,akili and me - letter i,33
5816446,1780016888,ai.elimu.filamu,{'video_playback_position_ms': 31166},,,akili and me - letter i,33
5816447,1780016935,ai.elimu.filamu,,,,akili and me - letter c,3
5816448,1780016985,ai.elimu.filamu,{'video_playback_position_ms': 42186},,,akili and me - letter c,3
5816487,1780100756,ai.elimu.filamu,,,,akili and me - letter c,3
5816488,1780100764,ai.elimu.filamu,{'video_playback_position_ms': 40064},,,akili and me - letter c,3
5816489,1780100852,ai.elimu.filamu,,,,[test] a test video,44
5816490,1780100860,ai.elimu.filamu,{'video_playback_position_ms': 34350},,,[test] a test video,44
5816491,1780100932,ai.elimu.filamu,,,,akili and me - the rectangle song,13
5816492,1780100989,ai.elimu.filamu,{'video_playback_position_ms': 4965},,,akili and me - the rectangle song,13
5816493,1780101019,ai.elimu.filamu,,,,akili and me - letter i,33
5816494,1780101037,ai.elimu.filamu,{'video_playback_position_ms': 39045},,,akili and me - letter i,33
5816495,1780101095,ai.elimu.filamu,,,,akili and me - letter a,1
5816496,1780101124,ai.elimu.filamu,{'video_playback_position_ms': 45725},,,akili and me - letter a,1
5816497,1780101201,ai.elimu.filamu,,,,akili and me - letter i,33
5816498,1780101236,ai.elimu.filamu,{'video_playback_position_ms': 40877},,,akili and me - letter i,33
5816499,1780101289,ai.elimu.filamu,,,,akili and me - the rectangle song,13
5816500,1780101316,ai.elimu.filamu,{'video_playback_position_ms': 21640},,,akili and me - the rectangle song,13
5816501,1780101372,ai.elimu.filamu,,,,[test] a test video,44
5816502,1780101405,ai.elimu.filamu,{'video_playback_position_ms': 24185},,,[test] a test video,44
5816503,1780101445,ai.elimu.filamu,,,,akili and me - the rectangle song,13
5816504,1780101495,ai.elimu.filamu,{'video_playback_position_ms': 47443},,,akili and me - the rectangle song,13
5816505,1780101525,ai.elimu.filamu,,,,[test] a test video,44
5816506,1780101582,ai.elimu.filamu,{'video_playback_position_ms': 43535},,,[test] a test video,44
5816507,1780101694,ai.elimu.filamu,,,,akili and me - letter c,3
5816508,1780101743,ai.elimu.filamu,{'video_playback_position_ms': 6836},,,akili and me - letter c,3
5816509,1780101794,ai.elimu.filamu,,,,akili and me - letter a,1
5816510,1780101846,ai.elimu.filamu,{'video_playback_position_ms': 41244},,,akili and me - letter a,1
5816511,1780101952,ai.elimu.filamu,,,,akili and me - letter i,33
5816512,1780101976,ai.elimu.filamu,{'video_playback_position_ms': 40167},,,akili and me - letter i,33
5816513,1780102092,ai.elimu.filamu,,,,akili and me - letter c,3
5816514,1780102129,ai.elimu.filamu,{'video_playback_position_ms': 17902},,,akili and me - letter c,3
5816515,1780102195,ai.elimu.filamu,,,,akili and me - letter d,4
5816516,1780102237,ai.elimu.filamu,{'video_playback_position_ms': 1838},,,akili and me - letter d,4
5816517,1780102265,ai.elimu.filamu,,,,akili and me - letter d,4
5816518,1780102302,ai.elimu.filamu,{'video_playback_position_ms': 40688},,,akili and me - letter d,4
5816519,1780102393,ai.elimu.filamu,,,,akili and me - letter b,2
5816520,1780102405,ai.elimu.filamu,{'video_playback_position_ms': 26314},,,akili and me - letter b,2
5816521,1780102461,ai.elimu.filamu,,,,akili and me - the rectangle song,13
5816522,1780102513,ai.elimu.filamu,{'video_playback_position_ms': 33310},,,akili and me - the rectangle song,13
5816523,1780102615,ai.elimu.filamu,,,,akili and me - the rectangle song,13
5816524,1780102650,ai.elimu.filamu,{'video_playback_position_ms': 6293},,,akili and me - the rectangle song,13
5816619,1780272911,ai.elimu.filamu,,,,akili and me - letter a,1
5816620,1780272925,ai.elimu.filamu,{'video_playback_position_ms': 23810},,,akili and me - letter a,1
5816621,1780272947,ai.elimu.filamu,,,,akili and me - letter b,2
5816622,1780272976,ai.elimu.filamu,{'video_playback_position_ms': 3618},,,akili and me - letter b,2
5816623,1780273005,ai.elimu.filamu,,,,akili and me - letter i,33
5816624,1780273021,ai.elimu.filamu,{'video_playback_position_ms': 15586},,,akili and me - letter i,33
5816625,1780273066,ai.elimu.filamu,,,,akili and me - letter d,4
5816626,1780273096,ai.elimu.filamu,{'video_playback_position_ms': 44419},,,akili and me - letter d,4
5816627,1780273208,ai.elimu.filamu,,,,akili and me - the rectangle song,13
5816628,1780273265,ai.elimu.filamu,{'video_playback_position_ms': 39539},,,akili and me - the rectangle song,13
5816637,1780360659,ai.elimu.filamu,,,,akili and me - the rectangle song,13
5816638,1780360700,ai.elimu.filamu,{'video_playback_position_ms': 52526},,,akili and me - the rectangle song,13
5816639,1780360727,ai.elimu.filamu,,,,akili and me - letter c,3
5816640,1780360782,ai.elimu.filamu,{'video_playback_position_ms': 13922},,,akili and me - letter c,3
5816641,1780360877,ai.elimu.filamu,,,,akili and me - letter d,4
5816642,1780360887,ai.elimu.filamu,{'video_playback_position_ms': 45544},,,akili and me - letter d,4
5816643,1780360945,ai.elimu.filamu,,,,[test] a test video,44
5816644,1780361005,ai.elimu.filamu,{'video_playback_position_ms': 23957},,,[test] a test video,44
5816645,1780361123,ai.elimu.filamu,,,,akili and me - letter b,2
5816646,1780361166,ai.elimu.filamu,{'video_playback_position_ms': 42668},,,akili and me - letter b,2
5816647,1780361279,ai.elimu.filamu,,,,akili and me - letter d,4
5816648,1780361333,ai.elimu.filamu,{'video_playback_position_ms': 31624},,,akili and me - letter d,4
5816649,1780361364,ai.elimu.filamu,,,,akili and me - letter d,4
5816650,1780361415,ai.elimu.filamu,{'video_playback_position_ms': 17084},,,akili and me - letter d,4
5816651,1780361515,ai.elimu.filamu,,,,akili and me - letter a,1
5816652,1780361548,ai.elimu.filamu,{'video_playback_position_ms': 17653},,,akili and me - letter a,1
5816653,1780361582,ai.elimu.filamu,,,,[test] a test video,44
5816654,1780361629,ai.elimu.filamu,{'video_playback_position_ms': 48373},,,[test] a test video,44
5816655,1780361740,ai.elimu.filamu,,,,akili and me - letter i,33
5816656,1780361797,ai.elimu.filamu,{'video_playback_position_ms': 28339},,,akili and me - letter i,33
5816657,1780361821,ai.elimu.filamu,,,,akili and me - the rectangle song,13
5816658,1780361838,ai.elimu.filamu,{'video_playback_position_ms': 46093},,,akili and me - the rectangle song,13
5816659,1780361936,ai.elimu.filamu,,,,akili and me - the rectangle song,13
5816660,1780361947,ai.elimu.filamu,{'video_playback_position_ms': 33504},,,akili and me - the rectangle song,13
5816661,1780361975,ai.elimu.filamu,,,,akili and me - letter a,1
5816662,1780361996,ai.elimu.filamu,{'video_playback_position_ms': 50832},,,akili and me - letter a,1
5816687,1780537711,ai.elimu.filamu,,,,[test] a test video,44
5816688,1780537738,ai.elimu.filamu,{'video_playback_position_ms': 44667},,,[test] a test video,44
5816695,1780618967,ai.elimu.filamu,,,,[test] a test video,44
5816696,1780618991,ai.elimu.filamu,{'video_playback_position_ms': 13078},,,[test] a test video,44
5816697,1780619032,ai.elimu.filamu,,,,akili and me - letter a,1
5816698,1780619034,ai.elimu.filamu,{'video_playback_position_ms': 35456},,,akili and me - letter a,1
5816711,1780707006,ai.elimu.filamu,,,,akili and me - the rectangle song,13
5816712,1780707019,ai.elimu.filamu,{'video_playback_position_ms': 57917},,,akili and me - the rectangle song,13
5816713,1780707071,ai.elimu.filamu,,,,akili and me - letter b,2
5816714,1780707113,ai.elimu.filamu,{'video_playback_position_ms': 15528},,,akili and me - letter b,2
5816715,1780707160,ai.elimu.filamu,,,,akili and me - letter b,2
5816716,1780707190,ai.elimu.filamu,{'video_playback_position_ms': 51232},,,akili and me - letter b,2
5816717,1780707216,ai.elimu.filamu,,,,akili and me - letter b,2
5816718,1780707221,ai.elimu.filamu,{'video_playback_position_ms': 43616},,,akili and me - letter b,2
5816719,1780707325,ai.elimu.filamu,,,,akili and me - letter c,3
5816720,1780707358,ai.elimu.filamu,{'video_playback_position_ms': 14262},,,akili and me - letter c,3
5816721,1780707435,ai.elimu.filamu,,,,akili and me - the rectangle song,13
5816722,1780707462,ai.elimu.filamu,{'video_playback_position_ms': 52193},,,akili and me - the rectangle song,13
5816759,1780878736,ai.elimu.filamu,,,,akili and me - letter c,3
5816760,1780878779,ai.elimu.filamu,{'video_playback_position_ms': 37254},,,akili and me - letter c,3
5816761,1780878895,ai.elimu.filamu,,,,akili and me - letter b,2
5816762,1780878935,ai.elimu.filamu,{'video_playback_position_ms': 51860},,,akili and me - letter b,2
5816763,1780879009,ai.elimu.filamu,,,,akili and me - letter b,2
5816764,1780879052,ai.elimu.filamu,{'video_playback_position_ms': 45007},,,akili and me - letter b,2
5816765,1780879160,ai.elimu.filamu,,,,[test] a test video,44
5816766,1780879186,ai.elimu.filamu,{'video_playback_position_ms': 12182},,,[test] a test video,44
5816767,1780879231,ai.elimu.filamu,,,,akili and me - letter d,4
5816768,1780879271,ai.elimu.filamu,{'video_playback_position_ms': 19286},,,akili and me - letter d,4
5816769,1780879361,ai.elimu.filamu,,,,akili and me - letter a,1
5816770,1780879403,ai.elimu.filamu,{'video_playback_position_ms': 37218},,,akili and me - letter a,1
5816771,1780879482,ai.elimu.filamu,,,,akili and me - letter i,33
5816772,1780879488,ai.elimu.filamu,{'video_playback_position_ms': 26005},,,akili and me - letter i,33
5816773,1780879587,ai.elimu.filamu,,,,akili and me - letter d,4
5816774,1780879598,ai.elimu.filamu,{'video_playback_position_ms': 17702},,,akili and me - letter d,4
5816775,1780879654,ai.elimu.filamu,,,,akili and me - letter a,1
5816776,1780879667,ai.elimu.filamu,{'video_playback_position_ms': 5770},,,akili and me - letter a,1
5816777,1780879701,ai.elimu.filamu,,,,[test] a test video,44
5816778,1780879714,ai.elimu.filamu,{'video_playback_position_ms': 40847},,,[test] a test video,44
5816779,1780879771,ai.elimu.filamu,,,,akili and me - letter d,4
5816780,1780879790,ai.elimu.filamu,{'video_playback_position_ms': 48865},,,akili and me - letter d,4
5816813,1780964079,ai.elimu.filamu,,,,akili and me - letter b,2
5816814,1780964119,ai.elimu.filamu,{'video_playback_position_ms': 59717},,,akili and me - letter b,2
5816815,1780964171,ai.elimu.filamu,,,,akili and me - letter d,4
5816816,1780964218,ai.elimu.filamu,{'video_playback_position_ms': 8166},,,akili and me - letter d,4
5816817,1780964254,ai.elimu.filamu,,,,akili and me - the rectangle song,13
5816818,1780964275,ai.elimu.filamu,{'video_playback_position_ms': 45526},,,akili and me - the rectangle song,13
5816819,1780964365,ai.elimu.filamu,,,,akili and me - letter a,1
5816820,1780964395,ai.elimu.filamu,{'video_playback_position_ms': 1409},,,akili and me - letter a,1
5816821,1780964498,ai.elimu.filamu,,,,akili and me - letter c,3
5816822,1780964547,ai.elimu.filamu,{'video_playback_position_ms': 38478},,,akili and me - letter c,3
5816823,1780964614,ai.elimu.filamu,,,,akili and me - letter d,4
5816824,1780964673,ai.elimu.filamu,{'video_playback_position_ms': 52775},,,akili and me - letter d,4
5816825,1780964698,ai.elimu.filamu,,,,akili and me - letter i,33
5816826,1780964722,ai.elimu.filamu,{'video_playback_position_ms': 28884},,,akili and me - letter i,33
5816827,1781051417,ai.elimu.filamu,,,,akili and me - letter c,3
5816828,1781051463,ai.elimu.filamu,{'video_playback_position_ms': 54737},,,akili and me - letter c,3
5816829,1781051527,ai.elimu.filamu,,,,akili and me - letter a,1
5816830,1781051584,ai.elimu.filamu,{'video_playback_position_ms': 56628},,,akili and me - letter a,1
5816831,1781051628,ai.elimu.filamu,,,,[test] a test video,44
5816832,1781051633,ai.elimu.filamu,{'video_playback_position_ms': 40317},,,[test] a test video,44
5816833,1781051710,ai.elimu.filamu,,,,akili and me - the rectangle song,13
5816834,1781051750,ai.elimu.filamu,{'video_playback_position_ms': 52047},,,akili and me - the rectangle song,13
5816835,1781051796,ai.elimu.filamu,,,,akili and me - letter d,4
5816836,1781051808,ai.elimu.filamu,{'video_playback_position_ms': 41363},,,akili and me - letter d,4
5816837,1781051910,ai.elimu.filamu,,,,akili and me - the rectangle song,13
5816838,1781051968,ai.elimu.filamu,{'video_playback_position_ms': 55157},,,akili and me - the rectangle song,13
5816839,1781052071,ai.elimu.filamu,,,,akili and me - letter a,1
5816840,1781052089,ai.elimu.filamu,{'video_playback_position_ms': 22344},,,akili and me - letter a,1
5816841,1781052117,ai.elimu.filamu,,,,akili and me - letter a,1
5816842,1781052141,ai.elimu.filamu,{'video_playback_position_ms': 31149},,,akili and me - letter a,1
5816857,1781141723,ai.elimu.filamu,,,,[test] a test video,44
5816858,1781141753,ai.elimu.filamu,{'video_playback_position_ms': 51248},,,[test] a test video,44
5816859,1781141864,ai.elimu.filamu,,,,akili and me - letter a,1
5816860,1781141909,ai.elimu.filamu,{'video_playback_position_ms': 52319},,,akili and me - letter a,1
5816861,1781141960,ai.elimu.filamu,,,,akili and me - the rectangle song,13
5816862,1781141994,ai.elimu.filamu,{'video_playback_position_ms': 16157},,,akili and me - the rectangle song,13
5816863,1781142064,ai.elimu.filamu,,,,[test] a test video,44
5816864,1781142115,ai.elimu.filamu,{'video_playback_position_ms': 17328},,,[test] a test video,44
5816865,1781142234,ai.elimu.filamu,,,,akili and me - letter c,3
5816866,1781142277,ai.elimu.filamu,{'video_playback_position_ms': 26533},,,akili and me - letter c,3
5816867,1781225511,ai.elimu.filamu,,,,akili and me - the rectangle song,13
5816868,1781225564,ai.elimu.filamu,{'video_playback_position_ms': 24249},,,akili and me - the rectangle song,13
5816869,1781225679,ai.elimu.filamu,,,,[test] a test video,44
5816870,1781225698,ai.elimu.filamu,{'video_playback_position_ms': 1297},,,[test] a test video,44
5816871,1781225817,ai.elimu.filamu,,,,akili and me - letter d,4
5816872,1781225831,ai.elimu.filamu,{'video_playback_position_ms': 56184},,,akili and me - letter d,4
5816873,1781225922,ai.elimu.filamu,,,,akili and me - letter i,33
5816874,1781225933,ai.elimu.filamu,{'video_playback_position_ms': 11654},,,akili and me - letter i,33
5816875,1781225991,ai.elimu.filamu,,,,[test] a test video,44
5816876,1781226022,ai.elimu.filamu,{'video_playback_position_ms': 24161},,,[test] a test video,44
5816877,1781226126,ai.elimu.filamu,,,,akili and me - letter d,4
5816878,1781226147,ai.elimu.filamu,{'video_playback_position_ms': 14447},,,akili and me - letter d,4
5816879,1781226239,ai.elimu.filamu,,,,akili and me - letter c,3
5816880,1781226276,ai.elimu.filamu,{'video_playback_position_ms': 51830},,,akili and me - letter c,3
5816881,1781226292,ai.elimu.filamu,,,,akili and me - letter b,2
5816882,1781226339,ai.elimu.filamu,{'video_playback_position_ms': 59940},,,akili and me - letter b,2
5816947,1781314456,ai.elimu.filamu,,,,akili and me - letter b,2
5816948,1781314479,ai.elimu.filamu,{'video_playback_position_ms': 17081},,,akili and me - letter b,2
5816949,1781314514,ai.elimu.filamu,,,,akili and me - letter c,3
5816950,1781314528,ai.elimu.filamu,{'video_playback_position_ms': 49536},,,akili and me - letter c,3
5816951,1781314644,ai.elimu.filamu,,,,akili and me - letter a,1
5816952,1781314703,ai.elimu.filamu,{'video_playback_position_ms': 20636},,,akili and me - letter a,1
5817009,1781675207,ai.elimu.filamu,,,,akili and me - letter i,33
5817010,1781675211,ai.elimu.filamu,{'video_playback_position_ms': 58119},,,akili and me - letter i,33
5817011,1781675279,ai.elimu.filamu,,,,akili and me - letter c,3
5817012,1781675307,ai.elimu.filamu,{'video_playback_position_ms': 15804},,,akili and me - letter c,3
5817013,1781675323,ai.elimu.filamu,,,,akili and me - letter a,1
5817014,1781675347,ai.elimu.filamu,{'video_playback_position_ms': 9531},,,akili and me - letter a,1
5817015,1781675449,ai.elimu.filamu,,,,akili and me - letter i,33
5817016,1781675509,ai.elimu.filamu,{'video_playback_position_ms': 43142},,,akili and me - letter i,33
5817017,1781675618,ai.elimu.filamu,,,,akili and me - letter b,2
5817018,1781675654,ai.elimu.filamu,{'video_playback_position_ms': 37522},,,akili and me - letter b,2
5817019,1781675686,ai.elimu.filamu,,,,akili and me - letter b,2
5817020,1781675698,ai.elimu.filamu,{'video_playback_position_ms': 21274},,,akili and me - letter b,2
5817021,1781675748,ai.elimu.filamu,,,,[test] a test video,44
5817022,1781675758,ai.elimu.filamu,{'video_playback_position_ms': 4813},,,[test] a test video,44
5817049,1781687214,ai.elimu.filamu,,,,akili and me - letter d,4
5817050,1781687244,ai.elimu.filamu,{'video_playback_position_ms': 34778},,,akili and me - letter d,4
5817067,1781747591,ai.elimu.filamu,,,,akili and me - letter b,2
5817068,1781747616,ai.elimu.filamu,{'video_playback_position_ms': 16881},,,akili and me - letter b,2
5817069,1781747688,ai.elimu.filamu,,,,akili and me - letter c,3
5817070,1781747733,ai.elimu.filamu,{'video_playback_position_ms': 31322},,,akili and me - letter c,3
5817071,1781747810,ai.elimu.filamu,,,,akili and me - the rectangle song,13
5817072,1781747845,ai.elimu.filamu,{'video_playback_position_ms': 6620},,,akili and me - the rectangle song,13
5817073,1781747942,ai.elimu.filamu,,,,akili and me - letter i,33
5817074,1781747992,ai.elimu.filamu,{'video_playback_position_ms': 20709},,,akili and me - letter i,33
5817075,1781748029,ai.elimu.filamu,,,,akili and me - letter i,33
5817076,1781748080,ai.elimu.filamu,{'video_playback_position_ms': 32840},,,akili and me - letter i,33
5817077,1781748182,ai.elimu.filamu,,,,akili and me - letter b,2
5817078,1781748202,ai.elimu.filamu,{'video_playback_position_ms': 19611},,,akili and me - letter b,2
5817079,1781748255,ai.elimu.filamu,,,,[test] a test video,44
5817080,1781748299,ai.elimu.filamu,{'video_playback_position_ms': 20370},,,[test] a test video,44
5817081,1781748344,ai.elimu.filamu,,,,akili and me - letter b,2
5817082,1781748354,ai.elimu.filamu,{'video_playback_position_ms': 14231},,,akili and me - letter b,2
5817083,1781748417,ai.elimu.filamu,,,,akili and me - letter c,3
5817084,1781748476,ai.elimu.filamu,{'video_playback_position_ms': 31605},,,akili and me - letter c,3
5817085,1781748554,ai.elimu.filamu,,,,akili and me - letter b,2
5817086,1781748586,ai.elimu.filamu,{'video_playback_position_ms': 34454},,,akili and me - letter b,2
5817087,1781748646,ai.elimu.filamu,,,,[test] a test video,44
5817088,1781748675,ai.elimu.filamu,{'video_playback_position_ms': 22723},,,[test] a test video,44
5817089,1781748739,ai.elimu.filamu,,,,akili and me - letter i,33
5817090,1781748745,ai.elimu.filamu,{'video_playback_position_ms': 3049},,,akili and me - letter i,33
5817091,1781748795,ai.elimu.filamu,,,,akili and me - the rectangle song,13
5817092,1781748820,ai.elimu.filamu,{'video_playback_position_ms': 53782},,,akili and me - the rectangle song,13
5817093,1781748867,ai.elimu.filamu,,,,akili and me - letter a,1
5817094,1781748896,ai.elimu.filamu,{'video_playback_position_ms': 13649},,,akili and me - letter a,1
5817095,1781748938,ai.elimu.filamu,,,,akili and me - letter b,2
5817096,1781748992,ai.elimu.filamu,{'video_playback_position_ms': 13400},,,akili and me - letter b,2
5817097,1781749029,ai.elimu.filamu,,,,akili and me - letter b,2
5817098,1781749080,ai.elimu.filamu,{'video_playback_position_ms': 15992},,,akili and me - letter b,2
5817099,1781749106,ai.elimu.filamu,,,,akili and me - letter d,4
5817100,1781749138,ai.elimu.filamu,{'video_playback_position_ms': 8523},,,akili and me - letter d,4
5817133,1781818013,ai.elimu.filamu,,,,akili and me - letter a,1
5817134,1781818039,ai.elimu.filamu,{'video_playback_position_ms': 54491},,,akili and me - letter a,1
5817135,1781818121,ai.elimu.filamu,,,,akili and me - letter a,1
5817136,1781818123,ai.elimu.filamu,{'video_playback_position_ms': 16910},,,akili and me - letter a,1
5817137,1781818189,ai.elimu.filamu,,,,akili and me - letter b,2
5817138,1781818199,ai.elimu.filamu,{'video_playback_position_ms': 2939},,,akili and me - letter b,2
5817139,1781818232,ai.elimu.filamu,,,,akili and me - letter d,4
5817140,1781818284,ai.elimu.filamu,{'video_playback_position_ms': 22519},,,akili and me - letter d,4
5817141,1781818373,ai.elimu.filamu,,,,[test] a test video,44
5817142,1781818433,ai.elimu.filamu,{'video_playback_position_ms': 41050},,,[test] a test video,44
5817143,1781818531,ai.elimu.filamu,,,,akili and me - letter b,2
5817144,1781818540,ai.elimu.filamu,{'video_playback_position_ms': 3228},,,akili and me - letter b,2
5817145,1781818604,ai.elimu.filamu,,,,akili and me - letter d,4
5817146,1781818636,ai.elimu.filamu,{'video_playback_position_ms': 15034},,,akili and me - letter d,4
5817147,1781818672,ai.elimu.filamu,,,,akili and me - letter c,3
5817148,1781818674,ai.elimu.filamu,{'video_playback_position_ms': 36147},,,akili and me - letter c,3
5817149,1781818757,ai.elimu.filamu,,,,akili and me - the rectangle song,13
5817150,1781818779,ai.elimu.filamu,{'video_playback_position_ms': 36674},,,akili and me - the rectangle song,13
5817151,1781818812,ai.elimu.filamu,,,,akili and me - letter a,1
5817152,1781818829,ai.elimu.filamu,{'video_playback_position_ms': 50414},,,akili and me - letter a,1
5817153,1781818909,ai.elimu.filamu,,,,akili and me - letter d,4
5817154,1781818929,ai.elimu.filamu,{'video_playback_position_ms': 38508},,,akili and me - letter d,4
5817155,1781818991,ai.elimu.filamu,,,,akili and me - letter c,3
5817156,1781819014,ai.elimu.filamu,{'video_playback_position_ms': 17243},,,akili and me - letter c,3
5817157,1781819101,ai.elimu.filamu,,,,akili and me - letter d,4
5817158,1781819114,ai.elimu.filamu,{'video_playback_position_ms': 46021},,,akili and me - letter d,4
5817159,1781819189,ai.elimu.filamu,,,,akili and me - letter d,4
5817160,1781819202,ai.elimu.filamu,{'video_playback_position_ms': 56446},,,akili and me - letter d,4
5817161,1781819272,ai.elimu.filamu,,,,[test] a test video,44
5817162,1781819276,ai.elimu.filamu,{'video_playback_position_ms': 35766},,,[test] a test video,44
5817197,1781915516,ai.elimu.filamu,,,,akili and me - letter b,2
5817198,1781915568,ai.elimu.filamu,{'video_playback_position_ms': 48461},,,akili and me - letter b,2
5817199,1781915653,ai.elimu.filamu,,,,akili and me - letter a,1
5817200,1781915683,ai.elimu.filamu,{'video_playback_position_ms': 31645},,,akili and me - letter a,1
5817201,1781915698,ai.elimu.filamu,,,,[test] a test video,44
5817202,1781915715,ai.elimu.filamu,{'video_playback_position_ms': 58941},,,[test] a test video,44
5817203,1781915740,ai.elimu.filamu,,,,akili and me - letter d,4
5817204,1781915746,ai.elimu.filamu,{'video_playback_position_ms': 58543},,,akili and me - letter d,4
5817205,1781915765,ai.elimu.filamu,,,,[test] a test video,44
5817206,1781915819,ai.elimu.filamu,{'video_playback_position_ms': 3459},,,[test] a test video,44
5817207,1781915862,ai.elimu.filamu,,,,akili and me - letter a,1
5817208,1781915888,ai.elimu.filamu,{'video_playback_position_ms': 55482},,,akili and me - letter a,1
5817209,1781915938,ai.elimu.filamu,,,,[test] a test video,44
5817210,1781915972,ai.elimu.filamu,{'video_playback_position_ms': 30885},,,[test] a test video,44
5817211,1781915993,ai.elimu.filamu,,,,akili and me - letter b,2
5817212,1781916017,ai.elimu.filamu,{'video_playback_position_ms': 34111},,,akili and me - letter b,2
5817213,1781916132,ai.elimu.filamu,,,,akili and me - letter b,2
5817214,1781916165,ai.elimu.filamu,{'video_playback_position_ms': 46752},,,akili and me - letter b,2
5817215,1781916222,ai.elimu.filamu,,,,[test] a test video,44
5817216,1781916225,ai.elimu.filamu,{'video_playback_position_ms': 7497},,,[test] a test video,44
5817217,1781916260,ai.elimu.filamu,,,,[test] a test video,44
5817218,1781916313,ai.elimu.filamu,{'video_playback_position_ms': 51579},,,[test] a test video,44
5817219,1781916405,ai.elimu.filamu,,,,akili and me - letter i,33
5817220,1781916443,ai.elimu.filamu,{'video_playback_position_ms': 14182},,,akili and me - letter i,33
5817221,1781916563,ai.elimu.filamu,,,,[test] a test video,44
5817222,1781916568,ai.elimu.filamu,{'video_playback_position_ms': 42809},,,[test] a test video,44
5817223,1781916623,ai.elimu.filamu,,,,akili and me - letter d,4
5817224,1781916650,ai.elimu.filamu,{'video_playback_position_ms': 24629},,,akili and me - letter d,4
5817225,1781916743,ai.elimu.filamu,,,,akili and me - letter i,33
5817226,1781916792,ai.elimu.filamu,{'video_playback_position_ms': 42119},,,akili and me - letter i,33
5817245,1782002984,ai.elimu.filamu,,,,akili and me - letter i,33
5817246,1782002994,ai.elimu.filamu,{'video_playback_position_ms': 30251},,,akili and me - letter i,33
5817247,1782003010,ai.elimu.filamu,,,,akili and me - letter c,3
5817248,1782003036,ai.elimu.filamu,{'video_playback_position_ms': 41519},,,akili and me - letter c,3
5817285,1782089204,ai.elimu.filamu,,,,akili and me - letter i,33
5817286,1782089259,ai.elimu.filamu,{'video_playback_position_ms': 35894},,,akili and me - letter i,33
5817287,1782089281,ai.elimu.filamu,,,,akili and me - letter b,2
5817288,1782089314,ai.elimu.filamu,{'video_playback_position_ms': 33551},,,akili and me - letter b,2
5817289,1782089406,ai.elimu.filamu,,,,akili and me - letter d,4
5817290,1782089425,ai.elimu.filamu,{'video_playback_position_ms': 48585},,,akili and me - letter d,4
5817291,1782089442,ai.elimu.filamu,,,,akili and me - letter b,2
5817292,1782089494,ai.elimu.filamu,{'video_playback_position_ms': 55138},,,akili and me - letter b,2
5817293,1782089513,ai.elimu.filamu,,,,akili and me - letter d,4
5817294,1782089553,ai.elimu.filamu,{'video_playback_position_ms': 10833},,,akili and me - letter d,4
5817295,1782089608,ai.elimu.filamu,,,,akili and me - the rectangle song,13
5817296,1782089640,ai.elimu.filamu,{'video_playback_position_ms': 55539},,,akili and me - the rectangle song,13
5817297,1782089737,ai.elimu.filamu,,,,akili and me - letter b,2
5817298,1782089790,ai.elimu.filamu,{'video_playback_position_ms': 57274},,,akili and me - letter b,2
5817337,1782346842,ai.elimu.filamu,,,,akili and me - letter a,1
5817338,1782346886,ai.elimu.filamu,{'video_playback_position_ms': 3846},,,akili and me - letter a,1
5817339,1782347005,ai.elimu.filamu,,,,[test] a test video,44
5817340,1782347058,ai.elimu.filamu,{'video_playback_position_ms': 56751},,,[test] a test video,44
5817341,1782347087,ai.elimu.filamu,,,,akili and me - letter d,4
5817342,1782347137,ai.elimu.filamu,{'video_playback_position_ms': 43663},,,akili and me - letter d,4
5817343,1782347240,ai.elimu.filamu,,,,akili and me - letter c,3
5817344,1782347275,ai.elimu.filamu,{'video_playback_position_ms': 3081},,,akili and me - letter c,3
5817345,1782347327,ai.elimu.filamu,,,,akili and me - the rectangle song,13
5817346,1782347381,ai.elimu.filamu,{'video_playback_position_ms': 22047},,,akili and me - the rectangle song,13
5817347,1782347491,ai.elimu.filamu,,,,akili and me - the rectangle song,13
5817348,1782347500,ai.elimu.filamu,{'video_playback_position_ms': 35617},,,akili and me - the rectangle song,13
5817349,1782347539,ai.elimu.filamu,,,,akili and me - letter c,3
5817350,1782347555,ai.elimu.filamu,{'video_playback_position_ms': 31375},,,akili and me - letter c,3
5817357,1782434592,ai.elimu.filamu,,,,akili and me - letter d,4
5817358,1782434639,ai.elimu.filamu,{'video_playback_position_ms': 56225},,,akili and me - letter d,4
5817389,1782520171,ai.elimu.filamu,,,,[test] a test video,44
5817390,1782520223,ai.elimu.filamu,{'video_playback_position_ms': 5888},,,[test] a test video,44
5817391,1782520290,ai.elimu.filamu,,,,akili and me - letter d,4
5817392,1782520340,ai.elimu.filamu,{'video_playback_position_ms': 33893},,,akili and me - letter d,4
5817393,1782520368,ai.elimu.filamu,,,,akili and me - letter a,1
5817394,1782520403,ai.elimu.filamu,{'video_playback_position_ms': 58026},,,akili and me - letter a,1
5817395,1782520485,ai.elimu.filamu,,,,akili and me - letter b,2
5817396,1782520506,ai.elimu.filamu,{'video_playback_position_ms': 55704},,,akili and me - letter b,2
5817397,1782520536,ai.elimu.filamu,,,,akili and me - letter i,33
5817398,1782520587,ai.elimu.filamu,{'video_playback_position_ms': 40416},,,akili and me - letter i,33
5817399,1782520698,ai.elimu.filamu,,,,akili and me - letter a,1
5817400,1782520746,ai.elimu.filamu,{'video_playback_position_ms': 39888},,,akili and me - letter a,1
5817401,1782520831,ai.elimu.filamu,,,,akili and me - letter d,4
5817402,1782520884,ai.elimu.filamu,{'video_playback_position_ms': 26673},,,akili and me - letter d,4
5817403,1782520948,ai.elimu.filamu,,,,akili and me - letter d,4
5817404,1782520967,ai.elimu.filamu,{'video_playback_position_ms': 7736},,,akili and me - letter d,4
5817405,1782521045,ai.elimu.filamu,,,,akili and me - letter a,1
5817406,1782521090,ai.elimu.filamu,{'video_playback_position_ms': 12317},,,akili and me - letter a,1
5817407,1782521135,ai.elimu.filamu,,,,akili and me - letter d,4
5817408,1782521146,ai.elimu.filamu,{'video_playback_position_ms': 9846},,,akili and me - letter d,4
5817409,1782521185,ai.elimu.filamu,,,,akili and me - letter i,33
5817410,1782521223,ai.elimu.filamu,{'video_playback_position_ms': 16187},,,akili and me - letter i,33
5817457,1782605650,ai.elimu.filamu,,,,akili and me - letter b,2
5817458,1782605664,ai.elimu.filamu,{'video_playback_position_ms': 45385},,,akili and me - letter b,2
5817493,1782692608,ai.elimu.filamu,,,,akili and me - letter c,3
5817494,1782692637,ai.elimu.filamu,{'video_playback_position_ms': 46809},,,akili and me - letter c,3
5817539,1782779647,ai.elimu.filamu,,,,akili and me - letter a,1
5817540,1782779700,ai.elimu.filamu,{'video_playback_position_ms': 32808},,,akili and me - letter a,1
5817541,1782779746,ai.elimu.filamu,,,,akili and me - letter i,33
5817542,1782779761,ai.elimu.filamu,{'video_playback_position_ms': 7246},,,akili and me - letter i,33
5817543,1782779815,ai.elimu.filamu,,,,akili and me - letter i,33
5817544,1782779825,ai.elimu.filamu,{'video_playback_position_ms': 20542},,,akili and me - letter i,33
5817545,1782779847,ai.elimu.filamu,,,,akili and me - letter i,33
5817546,1782779856,ai.elimu.filamu,{'video_playback_position_ms': 4762},,,akili and me - letter i,33
5817547,1782779880,ai.elimu.filamu,,,,akili and me - letter b,2
5817548,1782779921,ai.elimu.filamu,{'video_playback_position_ms': 38190},,,akili and me - letter b,2
5817549,1782780023,ai.elimu.filamu,,,,akili and me - letter i,33
5817550,1782780032,ai.elimu.filamu,{'video_playback_position_ms': 5783},,,akili and me - letter i,33
5817551,1782780092,ai.elimu.filamu,,,,akili and me - letter c,3
5817552,1782780103,ai.elimu.filamu,{'video_playback_position_ms': 1578},,,akili and me - letter c,3
5817619,1782951520,ai.elimu.filamu,,,,akili and me - the rectangle song,13
5817620,1782951578,ai.elimu.filamu,{'video_playback_position_ms': 33709},,,akili and me - the rectangle song,13
5817637,1783210647,ai.elimu.filamu,,,,akili and me - letter a,1
5817638,1783210682,ai.elimu.filamu,{'video_playback_position_ms': 3173},,,akili and me - letter a,1
5817639,1783210790,ai.elimu.filamu,,,,akili and me - letter b,2
5817640,1783210830,ai.elimu.filamu,{'video_playback_position_ms': 20525},,,akili and me - letter b,2
5817641,1783210944,ai.elimu.filamu,,,,akili and me - letter i,33
5817642,1783210972,ai.elimu.filamu,{'video_playback_position_ms': 52115},,,akili and me - letter i,33
5817643,1783211019,ai.elimu.filamu,,,,akili and me - letter a,1
5817644,1783211069,ai.elimu.filamu,{'video_playback_position_ms': 10648},,,akili and me - letter a,1
5817645,1783211129,ai.elimu.filamu,,,,akili and me - letter b,2
5817646,1783211160,ai.elimu.filamu,{'video_playback_position_ms': 3916},,,akili and me - letter b,2
5817647,1783211177,ai.elimu.filamu,,,,akili and me - letter c,3
5817648,1783211202,ai.elimu.filamu,{'video_playback_position_ms': 16045},,,akili and me - letter c,3
5817657,1783469380,ai.elimu.filamu,,,,akili and me - letter i,33
5817658,1783469387,ai.elimu.filamu,{'video_playback_position_ms': 28600},,,akili and me - letter i,33
5817659,1783469408,ai.elimu.filamu,,,,akili and me - letter a,1
5817660,1783469412,ai.elimu.filamu,{'video_playback_position_ms': 8535},,,akili and me - letter a,1
5817661,1783469463,ai.elimu.filamu,,,,akili and me - letter b,2
5817662,1783469475,ai.elimu.filamu,{'video_playback_position_ms': 10606},,,akili and me - letter b,2
5817663,1783469502,ai.elimu.filamu,,,,[test] a test video,44
5817664,1783469511,ai.elimu.filamu,{'video_playback_position_ms': 58325},,,[test] a test video,44
5817665,1783469586,ai.elimu.filamu,,,,akili and me - letter c,3
5817666,1783469645,ai.elimu.filamu,{'video_playback_position_ms': 10338},,,akili and me - letter c,3
5817667,1783469708,ai.elimu.filamu,,,,akili and me - letter a,1
5817668,1783469723,ai.elimu.filamu,{'video_playback_position_ms': 6940},,,akili and me - letter a,1
5817669,1783469742,ai.elimu.filamu,,,,akili and me - letter c,3
5817670,1783469774,ai.elimu.filamu,{'video_playback_position_ms': 24858},,,akili and me - letter c,3
5817671,1783469858,ai.elimu.filamu,,,,[test] a test video,44
5817672,1783469888,ai.elimu.filamu,{'video_playback_position_ms': 6875},,,[test] a test video,44
5817673,1783469925,ai.elimu.filamu,,,,akili and me - letter c,3
5817674,1783469984,ai.elimu.filamu,{'video_playback_position_ms': 13002},,,akili and me - letter c,3
5817675,1783470096,ai.elimu.filamu,,,,akili and me - letter c,3
5817676,1783470123,ai.elimu.filamu,{'video_playback_position_ms': 47051},,,akili and me - letter c,3
5817677,1783470205,ai.elimu.filamu,,,,akili and me - letter d,4
5817678,1783470259,ai.elimu.filamu,{'video_playback_position_ms': 54504},,,akili and me - letter d,4
5817679,1783470355,ai.elimu.filamu,,,,akili and me - letter i,33
5817680,1783470393,ai.elimu.filamu,{'video_playback_position_ms': 16877},,,akili and me - letter i,33
5817681,1783470460,ai.elimu.filamu,,,,[test] a test video,44
5817682,1783470471,ai.elimu.filamu,{'video_playback_position_ms': 2682},,,[test] a test video,44
5817683,1783470539,ai.elimu.filamu,,,,akili and me - letter c,3
5817684,1783470574,ai.elimu.filamu,{'video_playback_position_ms': 49194},,,akili and me - letter c,3
5817685,1783470694,ai.elimu.filamu,,,,[test] a test video,44
5817686,1783470712,ai.elimu.filamu,{'video_playback_position_ms': 27555},,,[test] a test video,44
5817687,1783470816,ai.elimu.filamu,,,,akili and me - letter b,2
5817688,1783470840,ai.elimu.filamu,{'video_playback_position_ms': 5991},,,akili and me - letter b,2
5817689,1783470882,ai.elimu.filamu,,,,[test] a test video,44
5817690,1783470917,ai.elimu.filamu,{'video_playback_position_ms': 16458},,,[test] a test video,44
5817691,1783557742,ai.elimu.filamu,,,,akili and me - letter a,1
5817692,1783557777,ai.elimu.filamu,{'video_playback_position_ms': 54246},,,akili and me - letter a,1
5817693,1783557821,ai.elimu.filamu,,,,akili and me - letter c,3
5817694,1783557833,ai.elimu.filamu,{'video_playback_position_ms': 2491},,,akili and me - letter c,3
5817695,1783557920,ai.elimu.filamu,,,,[test] a test video,44
5817696,1783557973,ai.elimu.filamu,{'video_playback_position_ms': 3877},,,[test] a test video,44
5817697,1783558000,ai.elimu.filamu,,,,akili and me - letter d,4
5817698,1783558044,ai.elimu.filamu,{'video_playback_position_ms': 45586},,,akili and me - letter d,4
5817699,1783558118,ai.elimu.filamu,,,,akili and me - letter b,2
5817700,1783558120,ai.elimu.filamu,{'video_playback_position_ms': 7277},,,akili and me - letter b,2
5817731,1783643068,ai.elimu.filamu,,,,akili and me - letter c,3
5817732,1783643123,ai.elimu.filamu,{'video_playback_position_ms': 35122},,,akili and me - letter c,3
5817733,1783643164,ai.elimu.filamu,,,,akili and me - the rectangle song,13
5817734,1783643198,ai.elimu.filamu,{'video_playback_position_ms': 34471},,,akili and me - the rectangle song,13
5817735,1783643214,ai.elimu.filamu,,,,akili and me - letter i,33
5817736,1783643232,ai.elimu.filamu,{'video_playback_position_ms': 5946},,,akili and me - letter i,33
5817737,1783643278,ai.elimu.filamu,,,,akili and me - letter b,2
5817738,1783643332,ai.elimu.filamu,{'video_playback_position_ms': 28353},,,akili and me - letter b,2
5817739,1783643350,ai.elimu.filamu,,,,akili and me - letter b,2
5817740,1783643381,ai.elimu.filamu,{'video_playback_position_ms': 52919},,,akili and me - letter b,2
5817741,1783643457,ai.elimu.filamu,,,,[test] a test video,44
5817742,1783643462,ai.elimu.filamu,{'video_playback_position_ms': 23990},,,[test] a test video,44
5817743,1783643550,ai.elimu.filamu,,,,akili and me - letter d,4
5817744,1783643607,ai.elimu.filamu,{'video_playback_position_ms': 2248},,,akili and me - letter d,4
5817745,1783643641,ai.elimu.filamu,,,,akili and me - letter i,33
5817746,1783643685,ai.elimu.filamu,{'video_playback_position_ms': 32206},,,akili and me - letter i,33
5817747,1783643704,ai.elimu.filamu,,,,[test] a test video,44
5817748,1783643760,ai.elimu.filamu,{'video_playback_position_ms': 1848},,,[test] a test video,44
5817749,1783643808,ai.elimu.filamu,,,,akili and me - letter c,3
5817750,1783643847,ai.elimu.filamu,{'video_playback_position_ms': 15626},,,akili and me - letter c,3
5817751,1783643958,ai.elimu.filamu,,,,akili and me - letter a,1
5817752,1783643976,ai.elimu.filamu,{'video_playback_position_ms': 51868},,,akili and me - letter a,1
5817753,1783644004,ai.elimu.filamu,,,,akili and me - letter b,2
5817754,1783644031,ai.elimu.filamu,{'video_playback_position_ms': 14024},,,akili and me - letter b,2
5817801,1783728902,ai.elimu.filamu,,,,akili and me - letter b,2
5817802,1783728924,ai.elimu.filamu,{'video_playback_position_ms': 55869},,,akili and me - letter b,2
5817803,1783729023,ai.elimu.filamu,,,,akili and me - letter a,1
5817804,1783729049,ai.elimu.filamu,{'video_playback_position_ms': 17877},,,akili and me - letter a,1
5817805,1783729114,ai.elimu.filamu,,,,akili and me - letter c,3
5817806,1783729136,ai.elimu.filamu,{'video_playback_position_ms': 35380},,,akili and me - letter c,3
5817807,1783729202,ai.elimu.filamu,,,,[test] a test video,44
5817808,1783729244,ai.elimu.filamu,{'video_playback_position_ms': 56484},,,[test] a test video,44
5817809,1783729330,ai.elimu.filamu,,,,akili and me - letter c,3
5817810,1783729338,ai.elimu.filamu,{'video_playback_position_ms': 9753},,,akili and me - letter c,3
5817811,1783729364,ai.elimu.filamu,,,,akili and me - letter i,33
5817812,1783729374,ai.elimu.filamu,{'video_playback_position_ms': 20218},,,akili and me - letter i,33
5817813,1783729451,ai.elimu.filamu,,,,akili and me - letter b,2
5817814,1783729465,ai.elimu.filamu,{'video_playback_position_ms': 40935},,,akili and me - letter b,2
5817815,1783729520,ai.elimu.filamu,,,,akili and me - letter c,3
5817816,1783729570,ai.elimu.filamu,{'video_playback_position_ms': 47539},,,akili and me - letter c,3
5817817,1783729638,ai.elimu.filamu,,,,akili and me - the rectangle song,13
5817818,1783729661,ai.elimu.filamu,{'video_playback_position_ms': 23640},,,akili and me - the rectangle song,13
5817819,1783729697,ai.elimu.filamu,,,,[test] a test video,44
5817820,1783729720,ai.elimu.filamu,{'video_playback_position_ms': 54422},,,[test] a test video,44
5817821,1783729768,ai.elimu.filamu,,,,akili and me - letter d,4
5817822,1783729824,ai.elimu.filamu,{'video_playback_position_ms': 47034},,,akili and me - letter d,4
5817823,1783729919,ai.elimu.filamu,,,,akili and me - the rectangle song,13
5817824,1783729953,ai.elimu.filamu,{'video_playback_position_ms': 25377},,,akili and me - the rectangle song,13
5817825,1783730062,ai.elimu.filamu,,,,[test] a test video,44
5817826,1783730089,ai.elimu.filamu,{'video_playback_position_ms': 23329},,,[test] a test video,44
5817827,1783730201,ai.elimu.filamu,,,,akili and me - letter b,2
5817828,1783730210,ai.elimu.filamu,{'video_playback_position_ms': 32926},,,akili and me - letter b,2
5817829,1783730232,ai.elimu.filamu,,,,akili and me - letter a,1
5817830,1783730283,ai.elimu.filamu,{'video_playback_position_ms': 38251},,,akili and me - letter a,1
5817875,1783815028,ai.elimu.filamu,,,,akili and me - letter i,33
5817876,1783815076,ai.elimu.filamu,{'video_playback_position_ms': 25171},,,akili and me - letter i,33
5817877,1783815150,ai.elimu.filamu,,,,akili and me - letter b,2
5817878,1783815182,ai.elimu.filamu,{'video_playback_position_ms': 7000},,,akili and me - letter b,2
5817879,1783815291,ai.elimu.filamu,,,,akili and me - letter c,3
5817880,1783815304,ai.elimu.filamu,{'video_playback_position_ms': 9257},,,akili and me - letter c,3
5817881,1783815369,ai.elimu.filamu,,,,akili and me - letter a,1
5817882,1783815400,ai.elimu.filamu,{'video_playback_position_ms': 46970},,,akili and me - letter a,1
5817883,1783815486,ai.elimu.filamu,,,,akili and me - letter i,33
5817884,1783815524,ai.elimu.filamu,{'video_playback_position_ms': 44148},,,akili and me - letter i,33
5817885,1783815598,ai.elimu.filamu,,,,akili and me - letter d,4
5817886,1783815623,ai.elimu.filamu,{'video_playback_position_ms': 10225},,,akili and me - letter d,4
5817887,1783815736,ai.elimu.filamu,,,,akili and me - letter c,3
5817888,1783815743,ai.elimu.filamu,{'video_playback_position_ms': 5455},,,akili and me - letter c,3
5817889,1783815858,ai.elimu.filamu,,,,akili and me - letter c,3
5817890,1783815867,ai.elimu.filamu,{'video_playback_position_ms': 46659},,,akili and me - letter c,3
5817891,1783815959,ai.elimu.filamu,,,,akili and me - letter b,2
5817892,1783816013,ai.elimu.filamu,{'video_playback_position_ms': 46249},,,akili and me - letter b,2
5817911,1784074627,ai.elimu.filamu,,,,akili and me - letter d,4
5817912,1784074664,ai.elimu.filamu,{'video_playback_position_ms': 29905},,,akili and me - letter d,4
5817913,1784074728,ai.elimu.filamu,,,,akili and me - the rectangle song,13
5817914,1784074734,ai.elimu.filamu,{'video_playback_position_ms': 17130},,,akili and me - the rectangle song,13
5817915,1784074779,ai.elimu.filamu,,,,[test] a test video,44
5817916,1784074796,ai.elimu.filamu,{'video_playback_position_ms': 18428},,,[test] a test video,44
5817917,1784074910,ai.elimu.filamu,,,,akili and me - the rectangle song,13
5817918,1784074925,ai.elimu.filamu,{'video_playback_position_ms': 47694},,,akili and me - the rectangle song,13
5817919,1784074957,ai.elimu.filamu,,,,akili and me - letter a,1
5817920,1784074996,ai.elimu.filamu,{'video_playback_position_ms': 2463},,,akili and me - letter a,1
5817921,1784075104,ai.elimu.filamu,,,,akili and me - letter i,33
5817922,1784075149,ai.elimu.filamu,{'video_playback_position_ms': 31781},,,akili and me - letter i,33
5817923,1784075221,ai.elimu.filamu,,,,akili and me - letter i,33
5817924,1784075228,ai.elimu.filamu,{'video_playback_position_ms': 59135},,,akili and me - letter i,33
5817925,1784075247,ai.elimu.filamu,,,,akili and me - letter d,4
5817926,1784075261,ai.elimu.filamu,{'video_playback_position_ms': 54348},,,akili and me - letter d,4
5817927,1784075378,ai.elimu.filamu,,,,akili and me - letter b,2
5817928,1784075429,ai.elimu.filamu,{'video_playback_position_ms': 5345},,,akili and me - letter b,2
5817929,1784075466,ai.elimu.filamu,,,,akili and me - the rectangle song,13
5817930,1784075521,ai.elimu.filamu,{'video_playback_position_ms': 35022},,,akili and me - the rectangle song,13
5817931,1784075581,ai.elimu.filamu,,,,akili and me - letter i,33
5817932,1784075639,ai.elimu.filamu,{'video_playback_position_ms': 1052},,,akili and me - letter i,33
5817933,1784075721,ai.elimu.filamu,,,,akili and me - letter d,4
5817934,1784075753,ai.elimu.filamu,{'video_playback_position_ms': 39329},,,akili and me - letter d,4
5817953,1784162167,ai.elimu.filamu,,,,akili and me - letter i,33
5817954,1784162191,ai.elimu.filamu,{'video_playback_position_ms': 24744},,,akili and me - letter i,33
5817955,1784162275,ai.elimu.filamu,,,,akili and me - letter c,3
5817956,1784162320,ai.elimu.filamu,{'video_playback_position_ms': 37071},,,akili and me - letter c,3
5817957,1784162369,ai.elimu.filamu,,,,akili and me - letter c,3
5817958,1784162403,ai.elimu.filamu,{'video_playback_position_ms': 20979},,,akili and me - letter c,3
5817959,1784162500,ai.elimu.filamu,,,,akili and me - letter i,33
5817960,1784162505,ai.elimu.filamu,{'video_playback_position_ms': 15922},,,akili and me - letter i,33
5817961,1784162535,ai.elimu.filamu,,,,akili and me - letter i,33
5817962,1784162570,ai.elimu.filamu,{'video_playback_position_ms': 19494},,,akili and me - letter i,33
5817963,1784162603,ai.elimu.filamu,,,,akili and me - the rectangle song,13
5817964,1784162656,ai.elimu.filamu,{'video_playback_position_ms': 4559},,,akili and me - the rectangle song,13
5817965,1784162694,ai.elimu.filamu,,,,akili and me - letter i,33
5817966,1784162698,ai.elimu.filamu,{'video_playback_position_ms': 45386},,,akili and me - letter i,33
5817967,1784162729,ai.elimu.filamu,,,,akili and me - the rectangle song,13
5817968,1784162740,ai.elimu.filamu,{'video_playback_position_ms': 5215},,,akili and me - the rectangle song,13
5817969,1784162801,ai.elimu.filamu,,,,akili and me - letter a,1
5817970,1784162817,ai.elimu.filamu,{'video_playback_position_ms': 6749},,,akili and me - letter a,1
5817971,1784162926,ai.elimu.filamu,,,,akili and me - letter d,4
5817972,1784162954,ai.elimu.filamu,{'video_playback_position_ms': 37942},,,akili and me - letter d,4
5817973,1784163060,ai.elimu.filamu,,,,akili and me - letter b,2
5817974,1784163085,ai.elimu.filamu,{'video_playback_position_ms': 51994},,,akili and me - letter b,2
5817975,1784163132,ai.elimu.filamu,,,,akili and me - letter i,33
5817976,1784163168,ai.elimu.filamu,{'video_playback_position_ms': 43797},,,akili and me - letter i,33
5817977,1784163188,ai.elimu.filamu,,,,[test] a test video,44
5817978,1784163225,ai.elimu.filamu,{'video_playback_position_ms': 2434},,,[test] a test video,44
5817979,1784163336,ai.elimu.filamu,,,,akili and me - letter a,1
5817980,1784163393,ai.elimu.filamu,{'video_playback_position_ms': 8387},,,akili and me - letter a,1
5817981,1784163424,ai.elimu.filamu,,,,akili and me - letter d,4
5817982,1784163467,ai.elimu.filamu,{'video_playback_position_ms': 42891},,,akili and me - letter d,4
5817983,1784163510,ai.elimu.filamu,,,,akili and me - the rectangle song,13
5817984,1784163521,ai.elimu.filamu,{'video_playback_position_ms': 1615},,,akili and me - the rectangle song,13
5817985,1784163601,ai.elimu.filamu,,,,akili and me - letter b,2
5817986,1784163642,ai.elimu.filamu,{'video_playback_position_ms': 4267},,,akili and me - letter b,2
5817987,1784163700,ai.elimu.filamu,,,,akili and me - letter i,33
5817988,1784163706,ai.elimu.filamu,{'video_playback_position_ms': 35857},,,akili and me - letter i,33
5817989,1784163773,ai.elimu.filamu,,,,akili and me - letter a,1
5817990,1784163829,ai.elimu.filamu,{'video_playback_position_ms': 13554},,,akili and me - letter a,1
5818057,1784420493,ai.elimu.filamu,,,,akili and me - letter b,2
5818058,1784420544,ai.elimu.filamu,{'video_playback_position_ms': 33312},,,akili and me - letter b,2
5818059,1784420618,ai.elimu.filamu,,,,akili and me - letter b,2
5818060,1784420657,ai.elimu.filamu,{'video_playback_position_ms': 22423},,,akili and me - letter b,2
5818061,1784420742,ai.elimu.filamu,,,,akili and me - letter i,33
5818062,1784420784,ai.elimu.filamu,{'video_playback_position_ms': 3359},,,akili and me - letter i,33
5818063,1784420852,ai.elimu.filamu,,,,akili and me - letter b,2
5818064,1784420901,ai.elimu.filamu,{'video_playback_position_ms': 51640},,,akili and me - letter b,2
5818065,1784421008,ai.elimu.filamu,,,,akili and me - the rectangle song,13
5818066,1784421052,ai.elimu.filamu,{'video_playback_position_ms': 16874},,,akili and me - the rectangle song,13
5818067,1784421125,ai.elimu.filamu,,,,[test] a test video,44
5818068,1784421182,ai.elimu.filamu,{'video_playback_position_ms': 27289},,,[test] a test video,44
5818111,1784506054,ai.elimu.filamu,,,,akili and me - letter a,1
5818112,1784506057,ai.elimu.filamu,{'video_playback_position_ms': 41567},,,akili and me - letter a,1
5818113,1784506089,ai.elimu.filamu,,,,akili and me - letter b,2
5818114,1784506105,ai.elimu.filamu,{'video_playback_position_ms': 26171},,,akili and me - letter b,2
5818115,1784506153,ai.elimu.filamu,,,,[test] a test video,44
5818116,1784506170,ai.elimu.filamu,{'video_playback_position_ms': 53371},,,[test] a test video,44
5818117,1784506271,ai.elimu.filamu,,,,akili and me - letter d,4
5818118,1784506304,ai.elimu.filamu,{'video_playback_position_ms': 22804},,,akili and me - letter d,4
5818119,1784506341,ai.elimu.filamu,,,,akili and me - letter a,1
5818120,1784506397,ai.elimu.filamu,{'video_playback_position_ms': 42660},,,akili and me - letter a,1
5818121,1784506453,ai.elimu.filamu,,,,akili and me - letter c,3
5818122,1784506504,ai.elimu.filamu,{'video_playback_position_ms': 17814},,,akili and me - letter c,3
5818147,1784582956,ai.elimu.filamu,,,,akili and me - letter b,2
5818148,1784582970,ai.elimu.filamu,{'video_playback_position_ms': 30206},,,akili and me - letter b,2
5818149,1784582995,ai.elimu.filamu,,,,akili and me - letter c,3
5818150,1784583050,ai.elimu.filamu,{'video_playback_position_ms': 36040},,,akili and me - letter c,3
5818151,1784583088,ai.elimu.filamu,,,,akili and me - letter c,3
5818152,1784583099,ai.elimu.filamu,{'video_playback_position_ms': 56564},,,akili and me - letter c,3
5818153,1784583138,ai.elimu.filamu,,,,akili and me - letter d,4
5818154,1784583197,ai.elimu.filamu,{'video_playback_position_ms': 34883},,,akili and me - letter d,4
5818155,1784583300,ai.elimu.filamu,,,,akili and me - letter d,4
5818156,1784583313,ai.elimu.filamu,{'video_playback_position_ms': 31152},,,akili and me - letter d,4
5818157,1784583419,ai.elimu.filamu,,,,akili and me - letter b,2
5818158,1784583468,ai.elimu.filamu,{'video_playback_position_ms': 24421},,,akili and me - letter b,2
5818159,1784583502,ai.elimu.filamu,,,,akili and me - letter i,33
5818160,1784583545,ai.elimu.filamu,{'video_playback_position_ms': 6202},,,akili and me - letter i,33
5818161,1784583594,ai.elimu.filamu,,,,akili and me - letter a,1
5818162,1784583630,ai.elimu.filamu,{'video_playback_position_ms': 25717},,,akili and me - letter a,1
5818163,1784583655,ai.elimu.filamu,,,,akili and me - letter a,1
5818164,1784583698,ai.elimu.filamu,{'video_playback_position_ms': 50004},,,akili and me - letter a,1
5818165,1784583775,ai.elimu.filamu,,,,[test] a test video,44
5818166,1784583834,ai.elimu.filamu,{'video_playback_position_ms': 51924},,,[test] a test video,44
5818167,1784583902,ai.elimu.filamu,,,,akili and me - letter d,4
5818168,1784583910,ai.elimu.filamu,{'video_playback_position_ms': 4981},,,akili and me - letter d,4
5818233,1784592530,ai.elimu.filamu,,,,akili and me - letter b,2
5818234,1784592542,ai.elimu.filamu,{'video_playback_position_ms': 4333},,,akili and me - letter b,2
5818235,1784592606,ai.elimu.filamu,,,,akili and me - letter c,3
5818236,1784592622,ai.elimu.filamu,{'video_playback_position_ms': 36576},,,akili and me - letter c,3
5818237,1784592685,ai.elimu.filamu,,,,akili and me - letter b,2
5818238,1784592712,ai.elimu.filamu,{'video_playback_position_ms': 52634},,,akili and me - letter b,2
5818239,1784592824,ai.elimu.filamu,,,,akili and me - letter i,33
5818240,1784592833,ai.elimu.filamu,{'video_playback_position_ms': 12575},,,akili and me - letter i,33
5818241,1784592851,ai.elimu.filamu,,,,akili and me - letter c,3
5818242,1784592883,ai.elimu.filamu,{'video_playback_position_ms': 24875},,,akili and me - letter c,3
5818243,1784592910,ai.elimu.filamu,,,,akili and me - letter b,2
5818244,1784592949,ai.elimu.filamu,{'video_playback_position_ms': 33037},,,akili and me - letter b,2
5818245,1784593000,ai.elimu.filamu,,,,akili and me - letter a,1
5818246,1784593010,ai.elimu.filamu,{'video_playback_position_ms': 7701},,,akili and me - letter a,1
5818247,1784593126,ai.elimu.filamu,,,,akili and me - letter a,1
5818248,1784593165,ai.elimu.filamu,{'video_playback_position_ms': 38013},,,akili and me - letter a,1
5818249,1784593213,ai.elimu.filamu,,,,akili and me - letter a,1
5818250,1784593263,ai.elimu.filamu,{'video_playback_position_ms': 22170},,,akili and me - letter a,1
5818251,1784593346,ai.elimu.filamu,,,,akili and me - letter a,1
5818252,1784593382,ai.elimu.filamu,{'video_playback_position_ms': 50631},,,akili and me - letter a,1
5818253,1784593402,ai.elimu.filamu,,,,akili and me - letter i,33
5818254,1784593432,ai.elimu.filamu,{'video_playback_position_ms': 33429},,,akili and me - letter i,33
5818255,1784593462,ai.elimu.filamu,,,,akili and me - letter a,1
5818256,1784593515,ai.elimu.filamu,{'video_playback_position_ms': 46669},,,akili and me - letter a,1
5818257,1784593558,ai.elimu.filamu,,,,akili and me - letter a,1
5818258,1784593604,ai.elimu.filamu,{'video_playback_position_ms': 8577},,,akili and me - letter a,1
5818259,1784593637,ai.elimu.filamu,,,,[test] a test video,44
5818260,1784593669,ai.elimu.filamu,{'video_playback_position_ms': 10468},,,[test] a test video,44
5818311,1784765474,ai.elimu.filamu,,,,akili and me - letter a,1
5818312,1784765497,ai.elimu.filamu,{'video_playback_position_ms': 13419},,,akili and me - letter a,1
5818313,1784765552,ai.elimu.filamu,,,,akili and me - letter a,1
5818314,1784765583,ai.elimu.filamu,{'video_playback_position_ms': 44211},,,akili and me - letter a,1
5818315,1784765664,ai.elimu.filamu,,,,[test] a test video,44
5818316,1784765677,ai.elimu.filamu,{'video_playback_position_ms': 15853},,,[test] a test video,44
5818317,1784765725,ai.elimu.filamu,,,,akili and me - letter a,1
5818318,1784765776,ai.elimu.filamu,{'video_playback_position_ms': 53272},,,akili and me - letter a,1
5818319,1784765852,ai.elimu.filamu,,,,akili and me - letter i,33
5818320,1784765865,ai.elimu.filamu,{'video_playback_position_ms': 10597},,,akili and me - letter i,33
5818321,1784765921,ai.elimu.filamu,,,,akili and me - the rectangle song,13
5818322,1784765935,ai.elimu.filamu,{'video_playback_position_ms': 48692},,,akili and me - the rectangle song,13
5818323,1784766034,ai.elimu.filamu,,,,akili and me - letter i,33
5818324,1784766051,ai.elimu.filamu,{'video_playback_position_ms': 41935},,,akili and me - letter i,33
5818325,1784766152,ai.elimu.filamu,,,,akili and me - letter d,4
5818326,1784766156,ai.elimu.filamu,{'video_playback_position_ms': 59687},,,akili and me - letter d,4
5818327,1784766174,ai.elimu.filamu,,,,akili and me - letter b,2
5818328,1784766215,ai.elimu.filamu,{'video_playback_position_ms': 45486},,,akili and me - letter b,2
5818329,1784766288,ai.elimu.filamu,,,,akili and me - letter d,4
5818330,1784766345,ai.elimu.filamu,{'video_playback_position_ms': 42643},,,akili and me - letter d,4
5818331,1784766371,ai.elimu.filamu,,,,akili and me - the rectangle song,13
5818332,1784766410,ai.elimu.filamu,{'video_playback_position_ms': 5245},,,akili and me - the rectangle song,13
5818371,1784852987,ai.elimu.filamu,,,,akili and me - letter d,4
5818372,1784853016,ai.elimu.filamu,{'video_playback_position_ms': 17073},,,akili and me - letter d,4
5818373,1784853060,ai.elimu.filamu,,,,akili and me - letter a,1
5818374,1784853117,ai.elimu.filamu,{'video_playback_position_ms': 27081},,,akili and me - letter a,1
5818375,1784853228,ai.elimu.filamu,,,,akili and me - letter i,33
5818376,1784853262,ai.elimu.filamu,{'video_playback_position_ms': 9121},,,akili and me - letter i,33
5818377,1784853359,ai.elimu.filamu,,,,akili and me - the rectangle song,13
5818378,1784853398,ai.elimu.filamu,{'video_playback_position_ms': 5406},,,akili and me - the rectangle song,13
5818379,1784853450,ai.elimu.filamu,,,,[test] a test video,44
5818380,1784853482,ai.elimu.filamu,{'video_playback_position_ms': 23746},,,[test] a test video,44
5818381,1784853581,ai.elimu.filamu,,,,akili and me - letter b,2
5818382,1784853600,ai.elimu.filamu,{'video_playback_position_ms': 7397},,,akili and me - letter b,2
5818383,1784853688,ai.elimu.filamu,,,,akili and me - letter c,3
5818384,1784853693,ai.elimu.filamu,{'video_playback_position_ms': 50065},,,akili and me - letter c,3
5818385,1784853782,ai.elimu.filamu,,,,akili and me - letter a,1
5818386,1784853795,ai.elimu.filamu,{'video_playback_position_ms': 34441},,,akili and me - letter a,1
5818451,1785111178,ai.elimu.filamu,,,,akili and me - the rectangle song,13
5818452,1785111218,ai.elimu.filamu,{'video_playback_position_ms': 26242},,,akili and me - the rectangle song,13
5818453,1785111333,ai.elimu.filamu,,,,akili and me - letter d,4
5818454,1785111336,ai.elimu.filamu,{'video_playback_position_ms': 39094},,,akili and me - letter d,4
5818455,1785111419,ai.elimu.filamu,,,,akili and me - letter i,33
5818456,1785111439,ai.elimu.filamu,{'video_playback_position_ms': 9702},,,akili and me - letter i,33
5818457,1785111506,ai.elimu.filamu,,,,akili and me - letter d,4
5818458,1785111518,ai.elimu.filamu,{'video_playback_position_ms': 35071},,,akili and me - letter d,4
5818459,1785111633,ai.elimu.filamu,,,,akili and me - letter b,2
5818460,1785111688,ai.elimu.filamu,{'video_playback_position_ms': 53798},,,akili and me - letter b,2
5818467,1785370020,ai.elimu.filamu,,,,akili and me - the rectangle song,13
5818468,1785370070,ai.elimu.filamu,{'video_playback_position_ms': 32653},,,akili and me - the rectangle song,13
5818469,1785370159,ai.elimu.filamu,,,,akili and me - the rectangle song,13
5818470,1785370186,ai.elimu.filamu,{'video_playback_position_ms': 40863},,,akili and me - the rectangle song,13
5818471,1785370224,ai.elimu.filamu,,,,akili and me - letter a,1
5818472,1785370238,ai.elimu.filamu,{'video_playback_position_ms': 33891},,,akili and me - letter a,1
5818473,1785370265,ai.elimu.filamu,,,,akili and me - letter b,2
5818474,1785370317,ai.elimu.filamu,{'video_playback_position_ms': 41719},,,akili and me - letter b,2
5818475,1785370423,ai.elimu.filamu,,,,akili and me - letter a,1
5818476,1785370468,ai.elimu.filamu,{'video_playback_position_ms': 4839},,,akili and me - letter a,1
5818477,1785370572,ai.elimu.filamu,,,,akili and me - the rectangle song,13
5818478,1785370622,ai.elimu.filamu,{'video_playback_position_ms': 23179},,,akili and me - the rectangle song,13
5818479,1785370733,ai.elimu.filamu,,,,akili and me - letter d,4
5818480,1785370759,ai.elimu.filamu,{'video_playback_position_ms': 46897},,,akili and me - letter d,4
5818481,1785370780,ai.elimu.filamu,,,,akili and me - the rectangle song,13
5818482,1785370833,ai.elimu.filamu,{'video_playback_position_ms': 34678},,,akili and me - the rectangle song,13
5818483,1785370924,ai.elimu.filamu,,,,akili and me - letter b,2
5818484,1785370938,ai.elimu.filamu,{'video_playback_position_ms': 31843},,,akili and me - letter b,2
5818485,1785371057,ai.elimu.filamu,,,,akili and me - letter a,1
5818486,1785371085,ai.elimu.filamu,{'video_playback_position_ms': 28663},,,akili and me - letter a,1
5818487,1785371175,ai.elimu.filamu,,,,akili and me - letter i,33
5818488,1785371190,ai.elimu.filamu,{'video_playback_position_ms': 15809},,,akili and me - letter i,33
5818489,1785371216,ai.elimu.filamu,,,,[test] a test video,44
5818490,1785371248,ai.elimu.filamu,{'video_playback_position_ms': 36435},,,[test] a test video,44
5818491,1785371280,ai.elimu.filamu,,,,akili and me - letter b,2
5818492,1785371292,ai.elimu.filamu,{'video_playback_position_ms': 9942},,,akili and me - letter b,2
5818493,1785371348,ai.elimu.filamu,,,,[test] a test video,44
5818494,1785371394,ai.elimu.filamu,{'video_playback_position_ms': 43592},,,[test] a test video,44
5818495,1785456781,ai.elimu.filamu,,,,akili and me - letter d,4
5818496,1785456828,ai.elimu.filamu,{'video_playback_position_ms': 25355},,,akili and me - letter d,4
5818497,1785456923,ai.elimu.filamu,,,,akili and me - letter i,33
5818498,1785456929,ai.elimu.filamu,{'video_playback_position_ms': 20234},,,akili and me - letter i,33
5818499,1785456969,ai.elimu.filamu,,,,akili and me - letter i,33
5818500,1785456981,ai.elimu.filamu,{'video_playback_position_ms': 23093},,,akili and me - letter i,33
5818501,1785457015,ai.elimu.filamu,,,,akili and me - the rectangle song,13
5818502,1785457027,ai.elimu.filamu,{'video_playback_position_ms': 36238},,,akili and me - the rectangle song,13
5818503,1785457119,ai.elimu.filamu,,,,akili and me - the rectangle song,13
5818504,1785457138,ai.elimu.filamu,{'video_playback_position_ms': 55178},,,akili and me - the rectangle song,13
5818505,1785457229,ai.elimu.filamu,,,,akili and me - the rectangle song,13
5818506,1785457232,ai.elimu.filamu,{'video_playback_position_ms': 52149},,,akili and me - the rectangle song,13
5818507,1785457289,ai.elimu.filamu,,,,akili and me - letter i,33
5818508,1785457295,ai.elimu.filamu,{'video_playback_position_ms': 53993},,,akili and me - letter i,33
5818509,1785457368,ai.elimu.filamu,,,,akili and me - letter i,33
5818510,1785457394,ai.elimu.filamu,{'video_playback_position_ms': 3670},,,akili and me - letter i,33
5818511,1785457494,ai.elimu.filamu,,,,akili and me - letter i,33
5818512,1785457545,ai.elimu.filamu,{'video_playback_position_ms': 5570},,,akili and me - letter i,33
5818513,1785457603,ai.elimu.filamu,,,,akili and me - letter d,4
5818514,1785457624,ai.elimu.filamu,{'video_playback_position_ms': 38071},,,akili and me - letter d,4
5818515,1785457644,ai.elimu.filamu,,,,[test] a test video,44
5818516,1785457698,ai.elimu.filamu,{'video_playback_position_ms': 14453},,,[test] a test video,44
5818517,1785457728,ai.elimu.filamu,,,,akili and me - letter d,4
5818518,1785457760,ai.elimu.filamu,{'video_playback_position_ms': 43792},,,akili and me - letter d,4
5818519,1785457832,ai.elimu.filamu,,,,akili and me - letter i,33
5818520,1785457858,ai.elimu.filamu,{'video_playback_position_ms': 5511},,,akili and me - letter i,33
5818521,1785457876,ai.elimu.filamu,,,,akili and me - letter i,33
5818522,1785457920,ai.elimu.filamu,{'video_playback_position_ms': 55535},,,akili and me - letter i,33
5818523,1785457966,ai.elimu.filamu,,,,akili and me - letter i,33
5818524,1785457973,ai.elimu.filamu,{'video_playback_position_ms': 39124},,,akili and me - letter i,33
5818525,1785458090,ai.elimu.filamu,,,,akili and me - letter i,33
5818526,1785458130,ai.elimu.filamu,{'video_playback_position_ms': 2006},,,akili and me - letter i,33
5818527,1785458188,ai.elimu.filamu,,,,akili and me - letter b,2
5818528,1785458215,ai.elimu.filamu,{'video_playback_position_ms': 33397},,,akili and me - letter b,2
5818529,1785458295,ai.elimu.filamu,,,,akili and me - letter c,3
5818530,1785458334,ai.elimu.filamu,{'video_playback_position_ms': 11870},,,akili and me - letter c,3
5818531,1785458401,ai.elimu.filamu,,,,akili and me - letter b,2
5818532,1785458406,ai.elimu.filamu,{'video_playback_position_ms': 36698},,,akili and me - letter b,2
5818593,1785629300,ai.elimu.filamu,,,,akili and me - letter a,1
5818594,1785629353,ai.elimu.filamu,{'video_playback_position_ms': 2548},,,akili and me - letter a,1
5818595,1785629451,ai.elimu.filamu,,,,akili and me - letter a,1
5818596,1785629505,ai.elimu.filamu,{'video_playback_position_ms': 52122},,,akili and me - letter a,1
5818597,1785629623,ai.elimu.filamu,,,,[test] a test video,44
5818598,1785629670,ai.elimu.filamu,{'video_playback_position_ms': 4987},,,[test] a test video,44
5818599,1785629748,ai.elimu.filamu,,,,akili and me - letter c,3
5818600,1785629755,ai.elimu.filamu,{'video_playback_position_ms': 11358},,,akili and me - letter c,3
5818601,1785629810,ai.elimu.filamu,,,,akili and me - letter b,2
5818602,1785629856,ai.elimu.filamu,{'video_playback_position_ms': 54325},,,akili and me - letter b,2
5818603,1785629961,ai.elimu.filamu,,,,akili and me - the rectangle song,13
5818604,1785629981,ai.elimu.filamu,{'video_playback_position_ms': 16767},,,akili and me - the rectangle song,13
5818605,1785630023,ai.elimu.filamu,,,,akili and me - letter b,2
5818606,1785630082,ai.elimu.filamu,{'video_playback_position_ms': 50594},,,akili and me - letter b,2
5818607,1785630146,ai.elimu.filamu,,,,akili and me - letter d,4
5818608,1785630182,ai.elimu.filamu,{'video_playback_position_ms': 42873},,,akili and me - letter d,4
5818609,1785630251,ai.elimu.filamu,,,,akili and me - letter d,4
5818610,1785630280,ai.elimu.filamu,{'video_playback_position_ms': 35283},,,akili and me - letter d,4
5818611,1785630310,ai.elimu.filamu,,,,akili and me - letter i,33
5818612,1785630315,ai.elimu.filamu,{'video_playback_position_ms': 57887},,,akili and me - letter i,33
5818613,1785630418,ai.elimu.filamu,,,,akili and me - letter a,1
5818614,1785630467,ai.elimu.filamu,{'video_playback_position_ms': 37648},,,akili and me - letter a,1
5818615,1785630571,ai.elimu.filamu,,,,[test] a test video,44
5818616,1785630583,ai.elimu.filamu,{'video_playback_position_ms': 3060},,,[test] a test video,44
5818617,1785630639,ai.elimu.filamu,,,,akili and me - letter a,1
5818618,1785630675,ai.elimu.filamu,{'video_playback_position_ms': 59977},,,akili and me - letter a,1
5818619,1785630727,ai.elimu.filamu,,,,akili and me - letter i,33
5818620,1785630739,ai.elimu.filamu,{'video_playback_position_ms': 24629},,,akili and me - letter i,33
5818621,1785630783,ai.elimu.filamu,,,,akili and me - letter d,4
5818622,1785630828,ai.elimu.filamu,{'video_playback_position_ms': 19552},,,akili and me - letter d,4
5818623,1785630867,ai.elimu.filamu,,,,akili and me - letter a,1
5818624,1785630895,ai.elimu.filamu,{'video_playback_position_ms': 17341},,,akili and me - letter a,1
5818625,1785630947,ai.elimu.filamu,,,,akili and me - letter b,2
5818626,1785630953,ai.elimu.filamu,{'video_playback_position_ms': 57956},,,akili and me - letter b,2
5818629,1785717379,ai.elimu.filamu,,,,akili and me - the rectangle song,13
5818630,1785717407,ai.elimu.filamu,{'video_playback_position_ms': 42271},,,akili and me - the rectangle song,13
5818631,1785717522,ai.elimu.filamu,,,,akili and me - letter a,1
5818632,1785717551,ai.elimu.filamu,{'video_playback_position_ms': 25070},,,akili and me - letter a,1
5818633,1785717601,ai.elimu.filamu,,,,akili and me - letter a,1
5818634,1785717638,ai.elimu.filamu,{'video_playback_position_ms': 28447},,,akili and me - letter a,1
5818635,1785717685,ai.elimu.filamu,,,,[test] a test video,44
5818636,1785717701,ai.elimu.filamu,{'video_playback_position_ms': 40587},,,[test] a test video,44
5818637,1785717731,ai.elimu.filamu,,,,akili and me - letter c,3
5818638,1785717767,ai.elimu.filamu,{'video_playback_position_ms': 5140},,,akili and me - letter c,3
5818639,1785717848,ai.elimu.filamu,,,,akili and me - letter c,3
5818640,1785717880,ai.elimu.filamu,{'video_playback_position_ms': 38116},,,akili and me - letter c,3
5818641,1785717982,ai.elimu.filamu,,,,akili and me - letter b,2
5818642,1785718029,ai.elimu.filamu,{'video_playback_position_ms': 2204},,,akili and me - letter b,2
5818643,1785718116,ai.elimu.filamu,,,,akili and me - letter i,33
5818644,1785718172,ai.elimu.filamu,{'video_playback_position_ms': 37248},,,akili and me - letter i,33
5818715,1785803694,ai.elimu.filamu,,,,akili and me - letter d,4
5818716,1785803699,ai.elimu.filamu,{'video_playback_position_ms': 11118},,,akili and me - letter d,4
5818717,1785803725,ai.elimu.filamu,,,,akili and me - letter c,3
5818718,1785803752,ai.elimu.filamu,{'video_playback_position_ms': 36209},,,akili and me - letter c,3
5818719,1785803790,ai.elimu.filamu,,,,akili and me - letter a,1
5818720,1785803849,ai.elimu.filamu,{'video_playback_position_ms': 40987},,,akili and me - letter a,1
5818721,1785803903,ai.elimu.filamu,,,,akili and me - letter b,2
5818722,1785803946,ai.elimu.filamu,{'video_playback_position_ms': 18857},,,akili and me - letter b,2
5818723,1785804059,ai.elimu.filamu,,,,akili and me - the rectangle song,13
5818724,1785804089,ai.elimu.filamu,{'video_playback_position_ms': 26184},,,akili and me - the rectangle song,13
5818725,1785804175,ai.elimu.filamu,,,,akili and me - letter d,4
5818726,1785804207,ai.elimu.filamu,{'video_playback_position_ms': 42989},,,akili and me - letter d,4
5818727,1785804289,ai.elimu.filamu,,,,akili and me - letter a,1
5818728,1785804316,ai.elimu.filamu,{'video_playback_position_ms': 20418},,,akili and me - letter a,1
5818729,1785804338,ai.elimu.filamu,,,,akili and me - letter d,4
5818730,1785804352,ai.elimu.filamu,{'video_playback_position_ms': 22697},,,akili and me - letter d,4
5818731,1785804401,ai.elimu.filamu,,,,akili and me - letter c,3
5818732,1785804429,ai.elimu.filamu,{'video_playback_position_ms': 26720},,,akili and me - letter c,3
5818733,1785804485,ai.elimu.filamu,,,,akili and me - letter a,1
5818734,1785804496,ai.elimu.filamu,{'video_playback_position_ms': 2265},,,akili and me - letter a,1
5818735,1785804570,ai.elimu.filamu,,,,akili and me - letter c,3
5818736,1785804596,ai.elimu.filamu,{'video_playback_position_ms': 50501},,,akili and me - letter c,3
5818737,1785804650,ai.elimu.filamu,,,,akili and me - letter d,4
5818738,1785804670,ai.elimu.filamu,{'video_playback_position_ms': 16971},,,akili and me - letter d,4
5818739,1785804716,ai.elimu.filamu,,,,akili and me - letter d,4
5818740,1785804765,ai.elimu.filamu,{'video_playback_position_ms': 21660},,,akili and me - letter d,4
5818741,1785804837,ai.elimu.filamu,,,,akili and me - letter b,2
5818742,1785804885,ai.elimu.filamu,{'video_playback_position_ms': 8157},,,akili and me - letter b,2
5818743,1785804942,ai.elimu.filamu,,,,akili and me - letter i,33
5818744,1785805000,ai.elimu.filamu,{'video_playback_position_ms': 50227},,,akili and me - letter i,33
5818745,1785805035,ai.elimu.filamu,,,,[test] a test video,44
5818746,1785805045,ai.elimu.filamu,{'video_playback_position_ms': 15391},,,[test] a test video,44
5818747,1785805061,ai.elimu.filamu,,,,akili and me - letter i,33
5818748,1785805071,ai.elimu.filamu,{'video_playback_position_ms': 25069},,,akili and me - letter i,33
5818749,1785805125,ai.elimu.filamu,,,,[test] a test video,44
5818750,1785805176,ai.elimu.filamu,{'video_playback_position_ms': 37912},,,[test] a test video,44
5818775,1785890336,ai.elimu.filamu,,,,akili and me - the rectangle song,13
5818776,1785890339,ai.elimu.filamu,{'video_playback_position_ms': 52369},,,akili and me - the rectangle song,13
5818829,1785975300,ai.elimu.filamu,,,,akili and me - the rectangle song,13
5818830,1785975342,ai.elimu.filamu,{'video_playback_position_ms': 8549},,,akili and me - the rectangle song,13
5818831,1785975358,ai.elimu.filamu,,,,[test] a test video,44
5818832,1785975376,ai.elimu.filamu,{'video_playback_position_ms': 31159},,,[test] a test video,44
5818833,1785975473,ai.elimu.filamu,,,,akili and me - letter i,33
5818834,1785975493,ai.elimu.filamu,{'video_playback_position_ms': 59478},,,akili and me - letter i,33
5818835,1785975513,ai.elimu.filamu,,,,akili and me - letter b,2
5818836,1785975559,ai.elimu.filamu,{'video_playback_position_ms': 51639},,,akili and me - letter b,2
5818837,1785975673,ai.elimu.filamu,,,,akili and me - letter d,4
5818838,1785975707,ai.elimu.filamu,{'video_playback_position_ms': 9151},,,akili and me - letter d,4
5818839,1785975805,ai.elimu.filamu,,,,akili and me - letter a,1
5818840,1785975826,ai.elimu.filamu,{'video_playback_position_ms': 3662},,,akili and me - letter a,1
5818841,1785975940,ai.elimu.filamu,,,,akili and me - letter d,4
5818842,1785975973,ai.elimu.filamu,{'video_playback_position_ms': 11703},,,akili and me - letter d,4
5818843,1785976000,ai.elimu.filamu,,,,akili and me - letter d,4
5818844,1785976019,ai.elimu.filamu,{'video_playback_position_ms': 45163},,,akili and me - letter d,4
5818845,1785976098,ai.elimu.filamu,,,,akili and me - letter c,3
5818846,1785976119,ai.elimu.filamu,{'video_playback_position_ms': 30783},,,akili and me - letter c,3
5818859,1786067229,ai.elimu.filamu,,,,akili and me - letter i,33
5818860,1786067287,ai.elimu.filamu,{'video_playback_position_ms': 37638},,,akili and me - letter i,33
5818861,1786067379,ai.elimu.filamu,,,,akili and me - letter b,2
5818862,1786067434,ai.elimu.filamu,{'video_playback_position_ms': 25430},,,akili and me - letter b,2
5818863,1786067487,ai.elimu.filamu,,,,[test] a test video,44
5818864,1786067494,ai.elimu.filamu,{'video_playback_position_ms': 15073},,,[test] a test video,44
5818865,1786067561,ai.elimu.filamu,,,,[test] a test video,44
5818866,1786067575,ai.elimu.filamu,{'video_playback_position_ms': 24034},,,[test] a test video,44
5818867,1786067675,ai.elimu.filamu,,,,[test] a test video,44
5818868,1786067684,ai.elimu.filamu,{'video_playback_position_ms': 26486},,,[test] a test video,44
5818869,1786067741,ai.elimu.filamu,,,,akili and me - letter d,4
5818870,1786067788,ai.elimu.filamu,{'video_playback_position_ms': 33460},,,akili and me - letter d,4
5818871,1786067839,ai.elimu.filamu,,,,akili and me - the rectangle song,13
5818872,1786067897,ai.elimu.filamu,{'video_playback_position_ms': 30144},,,akili and me - the rectangle song,13
5818873,1786067946,ai.elimu.filamu,,,,akili and me - letter a,1
5818874,1786067984,ai.elimu.filamu,{'video_playback_position_ms': 37176},,,akili and me - letter a,1
5818875,1786068003,ai.elimu.filamu,,,,akili and me - letter c,3
5818876,1786068027,ai.elimu.filamu,{'video_playback_position_ms': 34103},,,akili and me - letter c,3
5818877,1786068088,ai.elimu.filamu,,,,akili and me - letter b,2
5818878,1786068130,ai.elimu.filamu,{'video_playback_position_ms': 10660},,,akili and me - letter b,2
5818879,1786068167,ai.elimu.filamu,,,,akili and me - letter a,1
5818880,1786068193,ai.elimu.filamu,{'video_playback_position_ms': 16231},,,akili and me - letter a,1
5818881,1786068269,ai.elimu.filamu,,,,akili and me - letter c,3
5818882,1786068287,ai.elimu.filamu,{'video_playback_position_ms': 39758},,,akili and me - letter c,3
5818925,1786232342,ai.elimu.filamu,,,,[test] a test video,44
5818926,1786232380,ai.elimu.filamu,{'video_playback_position_ms': 33430},,,[test] a test video,44
5818927,1786232409,ai.elimu.filamu,,,,akili and me - letter a,1
5818928,1786232441,ai.elimu.filamu,{'video_playback_position_ms': 5720},,,akili and me - letter a,1
5818929,1786232500,ai.elimu.filamu,,,,akili and me - letter a,1
5818930,1786232543,ai.elimu.filamu,{'video_playback_position_ms': 22730},,,akili and me - letter a,1
5818931,1786232658,ai.elimu.filamu,,,,akili and me - letter i,33
5818932,1786232704,ai.elimu.filamu,{'video_playback_position_ms': 8489},,,akili and me - letter i,33
5818933,1786232794,ai.elimu.filamu,,,,akili and me - the rectangle song,13
5818934,1786232799,ai.elimu.filamu,{'video_playback_position_ms': 53310},,,akili and me - the rectangle song,13
5818935,1786232824,ai.elimu.filamu,,,,akili and me - letter d,4
5818936,1786232836,ai.elimu.filamu,{'video_playback_position_ms': 36752},,,akili and me - letter d,4
5818937,1786232913,ai.elimu.filamu,,,,akili and me - letter i,33
5818938,1786232963,ai.elimu.filamu,{'video_playback_position_ms': 37681},,,akili and me - letter i,33
5818941,1786319829,ai.elimu.filamu,,,,akili and me - the rectangle song,13
5818942,1786319847,ai.elimu.filamu,{'video_playback_position_ms': 13127},,,akili and me - the rectangle song,13
5818943,1786319915,ai.elimu.filamu,,,,akili and me - letter i,33
5818944,1786319957,ai.elimu.filamu,{'video_playback_position_ms': 29357},,,akili and me - letter i,33
5818945,1786320048,ai.elimu.filamu,,,,akili and me - letter a,1
5818946,1786320060,ai.elimu.filamu,{'video_playback_position_ms': 26302},,,akili and me - letter a,1
5818963,1786492464,ai.elimu.filamu,,,,akili and me - the rectangle song,13
5818964,1786492519,ai.elimu.filamu,{'video_playback_position_ms': 22815},,,akili and me - the rectangle song,13
5818965,1786492543,ai.elimu.filamu,,,,akili and me - letter d,4
5818966,1786492571,ai.elimu.filamu,{'video_playback_position_ms': 52738},,,akili and me - letter d,4
5818967,1786492600,ai.elimu.filamu,,,,akili and me - the rectangle song,13
5818968,1786492657,ai.elimu.filamu,{'video_playback_position_ms': 34678},,,akili and me - the rectangle song,13
5818969,1786492755,ai.elimu.filamu,,,,akili and me - letter b,2
5818970,1786492760,ai.elimu.filamu,{'video_playback_position_ms': 47532},,,akili and me - letter b,2
5818983,1786578858,ai.elimu.filamu,,,,[test] a test video,44
5818984,1786578892,ai.elimu.filamu,{'video_playback_position_ms': 41670},,,[test] a test video,44
5818985,1786578953,ai.elimu.filamu,,,,akili and me - letter b,2
5818986,1786578997,ai.elimu.filamu,{'video_playback_position_ms': 2928},,,akili and me - letter b,2
5818987,1786579059,ai.elimu.filamu,,,,[test] a test video,44
5818988,1786579101,ai.elimu.filamu,{'video_playback_position_ms': 14932},,,[test] a test video,44
5818989,1786579189,ai.elimu.filamu,,,,akili and me - letter a,1
5818990,1786579208,ai.elimu.filamu,{'video_playback_position_ms': 46732},,,akili and me - letter a,1
5818991,1786579259,ai.elimu.filamu,,,,akili and me - letter b,2
5818992,1786579309,ai.elimu.filamu,{'video_playback_position_ms': 48993},,,akili and me - letter b,2
5818993,1786579377,ai.elimu.filamu,,,,akili and me - letter a,1
5818994,1786579431,ai.elimu.filamu,{'video_playback_position_ms': 40997},,,akili and me - letter a,1
5818995,1786579528,ai.elimu.filamu,,,,akili and me - letter b,2
5818996,1786579559,ai.elimu.filamu,{'video_playback_position_ms': 35511},,,akili and me - letter b,2
5819029,1786666913,ai.elimu.filamu,,,,akili and me - letter c,3
5819030,1786666937,ai.elimu.filamu,{'video_playback_position_ms': 46176},,,akili and me - letter c,3
5819031,1786667005,ai.elimu.filamu,,,,akili and me - letter d,4
5819032,1786667011,ai.elimu.filamu,{'video_playback_position_ms': 11726},,,akili and me - letter d,4
5819033,1786667042,ai.elimu.filamu,,,,akili and me - the rectangle song,13
5819034,1786667093,ai.elimu.filamu,{'video_playback_position_ms': 16007},,,akili and me - the rectangle song,13
5819035,1786667138,ai.elimu.filamu,,,,akili and me - letter a,1
5819036,1786667142,ai.elimu.filamu,{'video_playback_position_ms': 21753},,,akili and me - letter a,1
5819037,1786667205,ai.elimu.filamu,,,,akili and me - letter d,4
5819038,1786667225,ai.elimu.filamu,{'video_playback_position_ms': 7288},,,akili and me - letter d,4
5819039,1786667263,ai.elimu.filamu,,,,akili and me - letter i,33
5819040,1786667297,ai.elimu.filamu,{'video_playback_position_ms': 6187},,,akili and me - letter i,33
5819041,1786667313,ai.elimu.filamu,,,,akili and me - letter a,1
5819042,1786667320,ai.elimu.filamu,{'video_playback_position_ms': 51600},,,akili and me - letter a,1
5819043,1786667398,ai.elimu.filamu,,,,akili and me - letter d,4
5819044,1786667401,ai.elimu.filamu,{'video_playback_position_ms': 57707},,,akili and me - letter d,4
5819045,1786667484,ai.elimu.filamu,,,,akili and me - letter b,2
5819046,1786667511,ai.elimu.filamu,{'video_playback_position_ms': 12599},,,akili and me - letter b,2
5819047,1786667541,ai.elimu.filamu,,,,akili and me - letter i,33
5819048,1786667571,ai.elimu.filamu,{'video_playback_position_ms': 12274},,,akili and me - letter i,33
5819049,1786667627,ai.elimu.filamu,,,,akili and me - letter i,33
5819050,1786667669,ai.elimu.filamu,{'video_playback_position_ms': 27826},,,akili and me - letter i,33
5819051,1786667729,ai.elimu.filamu,,,,akili and me - letter i,33
5819052,1786667748,ai.elimu.filamu,{'video_playback_position_ms': 52673},,,akili and me - letter i,33
5819053,1786667844,ai.elimu.filamu,,,,akili and me - letter a,1
5819054,1786667904,ai.elimu.filamu,{'video_playback_position_ms': 18905},,,akili and me - letter a,1
5819087,1786750328,ai.elimu.filamu,,,,akili and me - letter c,3
5819088,1786750347,ai.elimu.filamu,{'video_playback_position_ms': 32355},,,akili and me - letter c,3
5819089,1786750443,ai.elimu.filamu,,,,akili and me - letter b,2
5819090,1786750484,ai.elimu.filamu,{'video_playback_position_ms': 2054},,,akili and me - letter b,2
5819091,1786750530,ai.elimu.filamu,,,,[test] a test video,44
5819092,1786750534,ai.elimu.filamu,{'video_playback_position_ms': 9818},,,[test] a test video,44
5819093,1786750589,ai.elimu.filamu,,,,akili and me - letter a,1
5819094,1786750607,ai.elimu.filamu,{'video_playback_position_ms': 47557},,,akili and me - letter a,1
5819095,1786750679,ai.elimu.filamu,,,,akili and me - letter b,2
5819096,1786750726,ai.elimu.filamu,{'video_playback_position_ms': 47958},,,akili and me - letter b,2
5819097,1786750844,ai.elimu.filamu,,,,akili and me - letter i,33
5819098,1786750876,ai.elimu.filamu,{'video_playback_position_ms': 58238},,,akili and me - letter i,33
5819099,1786750987,ai.elimu.filamu,,,,akili and me - letter d,4
5819100,1786751035,ai.elimu.filamu,{'video_playback_position_ms': 17162},,,akili and me - letter d,4
5819101,1786751133,ai.elimu.filamu,,,,akili and me - letter a,1
5819102,1786751190,ai.elimu.filamu,{'video_playback_position_ms': 29166},,,akili and me - letter a,1
5819103,1786751241,ai.elimu.filamu,,,,akili and me - letter b,2
5819104,1786751249,ai.elimu.filamu,{'video_playback_position_ms': 39308},,,akili and me - letter b,2
5819139,1786837321,ai.elimu.filamu,,,,[test] a test video,44
5819140,1786837360,ai.elimu.filamu,{'video_playback_position_ms': 50167},,,[test] a test video,44
5819141,1786837407,ai.elimu.filamu,,,,akili and me - letter c,3
5819142,1786837439,ai.elimu.filamu,{'video_playback_position_ms': 25905},,,akili and me - letter c,3
5819143,1786837460,ai.elimu.filamu,,,,akili and me - the rectangle song,13
5819144,1786837490,ai.elimu.filamu,{'video_playback_position_ms': 36727},,,akili and me - the rectangle song,13
5819145,1786837520,ai.elimu.filamu,,,,akili and me - the rectangle song,13
5819146,1786837549,ai.elimu.filamu,{'video_playback_position_ms': 18417},,,akili and me - the rectangle song,13
5819147,1786837654,ai.elimu.filamu,,,,akili and me - letter c,3
5819148,1786837703,ai.elimu.filamu,{'video_playback_position_ms': 23109},,,akili and me - letter c,3
5819149,1786837753,ai.elimu.filamu,,,,akili and me - letter i,33
5819150,1786837766,ai.elimu.filamu,{'video_playback_position_ms': 37932},,,akili and me - letter i,33
5819167,1786924883,ai.elimu.filamu,,,,akili and me - the rectangle song,13
5819168,1786924916,ai.elimu.filamu,{'video_playback_position_ms': 9608},,,akili and me - the rectangle song,13
5819169,1786924968,ai.elimu.filamu,,,,akili and me - letter d,4
5819170,1786924988,ai.elimu.filamu,{'video_playback_position_ms': 35467},,,akili and me - letter d,4
5819171,1786925086,ai.elimu.filamu,,,,akili and me - letter c,3
5819172,1786925096,ai.elimu.filamu,{'video_playback_position_ms': 3034},,,akili and me - letter c,3
5819173,1786925143,ai.elimu.filamu,,,,akili and me - letter c,3
5819174,1786925194,ai.elimu.filamu,{'video_playback_position_ms': 30059},,,akili and me - letter c,3
5819175,1786925282,ai.elimu.filamu,,,,akili and me - letter a,1
5819176,1786925341,ai.elimu.filamu,{'video_playback_position_ms': 29384},,,akili and me - letter a,1
5819177,1786925450,ai.elimu.filamu,,,,akili and me - letter a,1
5819178,1786925478,ai.elimu.filamu,{'video_playback_position_ms': 8936},,,akili and me - letter a,1
5819179,1786925569,ai.elimu.filamu,,,,akili and me - letter b,2
5819180,1786925582,ai.elimu.filamu,{'video_playback_position_ms': 54344},,,akili and me - letter b,2
5819181,1786925677,ai.elimu.filamu,,,,akili and me - letter c,3
5819182,1786925691,ai.elimu.filamu,{'video_playback_position_ms': 11572},,,akili and me - letter c,3
5819183,1786925709,ai.elimu.filamu,,,,akili and me - letter d,4
5819184,1786925736,ai.elimu.filamu,{'video_playback_position_ms': 44539},,,akili and me - letter d,4
5819185,1786925855,ai.elimu.filamu,,,,akili and me - letter i,33
5819186,1786925895,ai.elimu.filamu,{'video_playback_position_ms': 9278},,,akili and me - letter i,33
5819187,1786926005,ai.elimu.filamu,,,,[test] a test video,44
5819188,1786926039,ai.elimu.filamu,{'video_playback_position_ms': 59064},,,[test] a test video,44
5819189,1786926143,ai.elimu.filamu,,,,[test] a test video,44
5819190,1786926190,ai.elimu.filamu,{'video_playback_position_ms': 58822},,,[test] a test video,44
5819191,1786926229,ai.elimu.filamu,,,,akili and me - letter d,4
5819192,1786926256,ai.elimu.filamu,{'video_playback_position_ms': 23734},,,akili and me - letter d,4
5819227,1787011230,ai.elimu.filamu,,,,akili and me - letter i,33
5819228,1787011249,ai.elimu.filamu,{'video_playback_position_ms': 38054},,,akili and me - letter i,33
5819229,1787011296,ai.elimu.filamu,,,,akili and me - letter i,33
5819230,1787011308,ai.elimu.filamu,{'video_playback_position_ms': 57276},,,akili and me - letter i,33
5819231,1787011427,ai.elimu.filamu,,,,akili and me - letter d,4
5819232,1787011458,ai.elimu.filamu,{'video_playback_position_ms': 16253},,,akili and me - letter d,4
5819233,1787011493,ai.elimu.filamu,,,,akili and me - the rectangle song,13
5819234,1787011531,ai.elimu.filamu,{'video_playback_position_ms': 29425},,,akili and me - the rectangle song,13
5819235,1787011596,ai.elimu.filamu,,,,akili and me - letter i,33
5819236,1787011643,ai.elimu.filamu,{'video_playback_position_ms': 35078},,,akili and me - letter i,33
5819237,1787011674,ai.elimu.filamu,,,,akili and me - letter i,33
5819238,1787011689,ai.elimu.filamu,{'video_playback_position_ms': 53068},,,akili and me - letter i,33
5819239,1787011740,ai.elimu.filamu,,,,akili and me - letter a,1
5819240,1787011762,ai.elimu.filamu,{'video_playback_position_ms': 35685},,,akili and me - letter a,1
5819241,1787011814,ai.elimu.filamu,,,,akili and me - letter d,4
5819242,1787011869,ai.elimu.filamu,{'video_playback_position_ms': 46467},,,akili and me - letter d,4
5819243,1787011951,ai.elimu.filamu,,,,akili and me - letter i,33
5819244,1787011976,ai.elimu.filamu,{'video_playback_position_ms': 29863},,,akili and me - letter i,33
5819245,1787012022,ai.elimu.filamu,,,,akili and me - letter d,4
5819246,1787012030,ai.elimu.filamu,{'video_playback_position_ms': 39153},,,akili and me - letter d,4
5819247,1787012116,ai.elimu.filamu,,,,akili and me - the rectangle song,13
5819248,1787012125,ai.elimu.filamu,{'video_playback_position_ms': 13028},,,akili and me - the rectangle song,13
5819249,1787012167,ai.elimu.filamu,,,,akili and me - letter c,3
5819250,1787012194,ai.elimu.filamu,{'video_playback_position_ms': 8583},,,akili and me - letter c,3
5819251,1787012287,ai.elimu.filamu,,,,akili and me - letter i,33
5819252,1787012296,ai.elimu.filamu,{'video_playback_position_ms': 27856},,,akili and me - letter i,33
5819253,1787012369,ai.elimu.filamu,,,,[test] a test video,44
5819254,1787012407,ai.elimu.filamu,{'video_playback_position_ms': 56370},,,[test] a test video,44
5819361,1787269002,ai.elimu.filamu,,,,akili and me - letter d,4
5819362,1787269020,ai.elimu.filamu,{'video_playback_position_ms': 19111},,,akili and me - letter d,4
5819363,1787269122,ai.elimu.filamu,,,,[test] a test video,44
5819364,1787269136,ai.elimu.filamu,{'video_playback_position_ms': 47977},,,[test] a test video,44
5819365,1787269214,ai.elimu.filamu,,,,akili and me - the rectangle song,13
5819366,1787269250,ai.elimu.filamu,{'video_playback_position_ms': 40249},,,akili and me - the rectangle song,13
5819367,1787269280,ai.elimu.filamu,,,,akili and me - letter a,1
5819368,1787269314,ai.elimu.filamu,{'video_playback_position_ms': 52492},,,akili and me - letter a,1
5819369,1787269389,ai.elimu.filamu,,,,akili and me - the rectangle song,13
5819370,1787269410,ai.elimu.filamu,{'video_playback_position_ms': 44786},,,akili and me - the rectangle song,13
5819371,1787269515,ai.elimu.filamu,,,,akili and me - letter d,4
5819372,1787269540,ai.elimu.filamu,{'video_playback_position_ms': 36787},,,akili and me - letter d,4
5819373,1787269649,ai.elimu.filamu,,,,akili and me - the rectangle song,13
5819374,1787269688,ai.elimu.filamu,{'video_playback_position_ms': 35912},,,akili and me - the rectangle song,13
5819375,1787269798,ai.elimu.filamu,,,,[test] a test video,44
5819376,1787269835,ai.elimu.filamu,{'video_playback_position_ms': 33515},,,[test] a test video,44
5819377,1787355477,ai.elimu.filamu,,,,akili and me - letter i,33
5819378,1787355506,ai.elimu.filamu,{'video_playback_position_ms': 7083},,,akili and me - letter i,33
5819379,1787355548,ai.elimu.filamu,,,,akili and me - letter d,4
5819380,1787355559,ai.elimu.filamu,{'video_playback_position_ms': 36127},,,akili and me - letter d,4
5819381,1787355588,ai.elimu.filamu,,,,akili and me - letter c,3
5819382,1787355636,ai.elimu.filamu,{'video_playback_position_ms': 30902},,,akili and me - letter c,3
5819383,1787355728,ai.elimu.filamu,,,,akili and me - letter a,1
5819384,1787355742,ai.elimu.filamu,{'video_playback_position_ms': 17244},,,akili and me - letter a,1
5819385,1787355835,ai.elimu.filamu,,,,akili and me - letter b,2
5819386,1787355876,ai.elimu.filamu,{'video_playback_position_ms': 49993},,,akili and me - letter b,2
5819387,1787355957,ai.elimu.filamu,,,,akili and me - the rectangle song,13
5819388,1787355967,ai.elimu.filamu,{'video_playback_position_ms': 55792},,,akili and me - the rectangle song,13
5819389,1787356030,ai.elimu.filamu,,,,akili and me - the rectangle song,13
5819390,1787356085,ai.elimu.filamu,{'video_playback_position_ms': 23467},,,akili and me - the rectangle song,13
5819395,1787441517,ai.elimu.filamu,,,,akili and me - letter c,3
5819396,1787441523,ai.elimu.filamu,{'video_playback_position_ms': 18006},,,akili and me - letter c,3
5819397,1787441600,ai.elimu.filamu,,,,[test] a test video,44
5819398,1787441635,ai.elimu.filamu,{'video_playback_position_ms': 20061},,,[test] a test video,44
5819399,1787441748,ai.elimu.filamu,,,,akili and me - letter c,3
5819400,1787441790,ai.elimu.filamu,{'video_playback_position_ms': 4407},,,akili and me - letter c,3
5819401,1787441828,ai.elimu.filamu,,,,[test] a test video,44
5819402,1787441867,ai.elimu.filamu,{'video_playback_position_ms': 35728},,,[test] a test video,44
5819403,1787441886,ai.elimu.filamu,,,,akili and me - letter b,2
5819404,1787441914,ai.elimu.filamu,{'video_playback_position_ms': 34786},,,akili and me - letter b,2
5819405,1787528548,ai.elimu.filamu,,,,akili and me - letter c,3
5819406,1787528559,ai.elimu.filamu,{'video_playback_position_ms': 9087},,,akili and me - letter c,3
5819407,1787528659,ai.elimu.filamu,,,,akili and me - letter a,1
5819408,1787528717,ai.elimu.filamu,{'video_playback_position_ms': 27658},,,akili and me - letter a,1
5819409,1787528793,ai.elimu.filamu,,,,[test] a test video,44
5819410,1787528851,ai.elimu.filamu,{'video_playback_position_ms': 51381},,,[test] a test video,44
5819425,1787615388,ai.elimu.filamu,,,,[test] a test video,44
5819426,1787615430,ai.elimu.filamu,{'video_playback_position_ms': 46094},,,[test] a test video,44
5819427,1787615520,ai.elimu.filamu,,,,akili and me - letter a,1
5819428,1787615569,ai.elimu.filamu,{'video_playback_position_ms': 21721},,,akili and me - letter a,1
5819429,1787615680,ai.elimu.filamu,,,,akili and me - the rectangle song,13
5819430,1787615711,ai.elimu.filamu,{'video_playback_position_ms': 11209},,,akili and me - the rectangle song,13
5819431,1787615730,ai.elimu.filamu,,,,akili and me - the rectangle song,13
5819432,1787615753,ai.elimu.filamu,{'video_playback_position_ms': 39668},,,akili and me - the rectangle song,13
5819433,1787615813,ai.elimu.filamu,,,,akili and me - letter c,3
5819434,1787615867,ai.elimu.filamu,{'video_playback_position_ms': 17646},,,akili and me - letter c,3
5819435,1787615953,ai.elimu.filamu,,,,akili and me - the rectangle song,13
5819436,1787615957,ai.elimu.filamu,{'video_playback_position_ms': 8400},,,akili and me - the rectangle song,13
5819437,1787616016,ai.elimu.filamu,,,,akili and me - letter a,1
5819438,1787616030,ai.elimu.filamu,{'video_playback_position_ms': 12307},,,akili and me - letter a,1
5819439,1787616081,ai.elimu.filamu,,,,[test] a test video,44
5819440,1787616108,ai.elimu.filamu,{'video_playback_position_ms': 59566},,,[test] a test video,44
5819441,1787616135,ai.elimu.filamu,,,,akili and me - letter d,4
5819442,1787616173,ai.elimu.filamu,{'video_playback_position_ms': 54818},,,akili and me - letter d,4
5819443,1787616279,ai.elimu.filamu,,,,akili and me - letter d,4
5819444,1787616319,ai.elimu.filamu,{'video_playback_position_ms': 20759},,,akili and me - letter d,4
5819497,1787700815,ai.elimu.filamu,,,,akili and me - the rectangle song,13
5819498,1787700844,ai.elimu.filamu,{'video_playback_position_ms': 5360},,,akili and me - the rectangle song,13
5819499,1787700954,ai.elimu.filamu,,,,akili and me - letter d,4
5819500,1787700983,ai.elimu.filamu,{'video_playback_position_ms': 25787},,,akili and me - letter d,4
5819551,1787900531,ai.elimu.filamu,,,,akili and me - letter d,4
5819552,1787900543,ai.elimu.filamu,{'video_playback_position_ms': 57856},,,akili and me - letter d,4
5819553,1787900574,ai.elimu.filamu,,,,akili and me - letter i,33
5819554,1787900628,ai.elimu.filamu,{'video_playback_position_ms': 52606},,,akili and me - letter i,33
5819555,1787900741,ai.elimu.filamu,,,,akili and me - letter i,33
5819556,1787900801,ai.elimu.filamu,{'video_playback_position_ms': 46687},,,akili and me - letter i,33
5819557,1787900863,ai.elimu.filamu,,,,akili and me - the rectangle song,13
5819558,1787900921,ai.elimu.filamu,{'video_playback_position_ms': 50512},,,akili and me - the rectangle song,13
5819559,1787901008,ai.elimu.filamu,,,,[test] a test video,44
5819560,1787901036,ai.elimu.filamu,{'video_playback_position_ms': 43370},,,[test] a test video,44
5819561,1787901118,ai.elimu.filamu,,,,[test] a test video,44
5819562,1787901170,ai.elimu.filamu,{'video_playback_position_ms': 28017},,,[test] a test video,44
5819563,1787901201,ai.elimu.filamu,,,,akili and me - the rectangle song,13
5819564,1787901213,ai.elimu.filamu,{'video_playback_position_ms': 45106},,,akili and me - the rectangle song,13
5819565,1787901285,ai.elimu.filamu,,,,[test] a test video,44
5819566,1787901309,ai.elimu.filamu,{'video_playback_position_ms': 57804},,,[test] a test video,44
5819567,1787901326,ai.elimu.filamu,,,,akili and me - letter a,1
5819568,1787901384,ai.elimu.filamu,{'video_playback_position_ms': 27906},,,akili and me - letter a,1
5819591,1788052418,ai.elimu.filamu,,,,akili and me - letter a,1
5819592,1788052430,ai.elimu.filamu,{'video_playback_position_ms': 47143},,,akili and me - letter a,1
5819593,1788052449,ai.elimu.filamu,,,,akili and me - letter b,2
5819594,1788052504,ai.elimu.filamu,{'video_playback_position_ms': 9410},,,akili and me - letter b,2
5819595,1788052544,ai.elimu.filamu,,,,akili and me - letter i,33
5819596,1788052604,ai.elimu.filamu,{'video_playback_position_ms': 54627},,,akili and me - letter i,33
5819597,1788052660,ai.elimu.filamu,,,,akili and me - letter i,33
5819598,1788052684,ai.elimu.filamu,{'video_playback_position_ms': 16408},,,akili and me - letter i,33
5819599,1788052703,ai.elimu.filamu,,,,akili and me - letter i,33
5819600,1788052729,ai.elimu.filamu,{'video_playback_position_ms': 18739},,,akili and me - letter i,33
5819601,1788052789,ai.elimu.filamu,,,,akili and me - letter i,33
5819602,1788052835,ai.elimu.filamu,{'video_playback_position_ms': 26184},,,akili and me - letter i,33
5819603,1788052953,ai.elimu.filamu,,,,[test] a test video,44
5819604,1788052976,ai.elimu.filamu,{'video_playback_position_ms': 30943},,,[test] a test video,44
5819605,1788053014,ai.elimu.filamu,,,,akili and me - letter d,4
5819606,1788053059,ai.elimu.filamu,{'video_playback_position_ms': 36474},,,akili and me - letter d,4
5819607,1788053141,ai.elimu.filamu,,,,akili and me - letter i,33
5819608,1788053189,ai.elimu.filamu,{'video_playback_position_ms': 37549},,,akili and me - letter i,33
5819609,1788053270,ai.elimu.filamu,,,,akili and me - letter c,3
5819610,1788053278,ai.elimu.filamu,{'video_playback_position_ms': 18089},,,akili and me - letter c,3
5819611,1788053317,ai.elimu.filamu,,,,akili and me - letter i,33
5819612,1788053346,ai.elimu.filamu,{'video_playback_position_ms': 22357},,,akili and me - letter i,33
5819613,1788053393,ai.elimu.filamu,,,,akili and me - the rectangle song,13
5819614,1788053425,ai.elimu.filamu,{'video_playback_position_ms': 36998},,,akili and me - the rectangle song,13
5819615,1788053498,ai.elimu.filamu,,,,akili and me - letter d,4
5819616,1788053524,ai.elimu.filamu,{'video_playback_position_ms': 13913},,,akili and me - letter d,4
5819617,1788053572,ai.elimu.filamu,,,,akili and me - letter c,3
5819618,1788053591,ai.elimu.filamu,{'video_playback_position_ms': 38308},,,akili and me - letter c,3
5819619,1788053638,ai.elimu.filamu,,,,akili and me - the rectangle song,13
5819620,1788053673,ai.elimu.filamu,{'video_playback_position_ms': 2304},,,akili and me - the rectangle song,13
5819621,1788053729,ai.elimu.filamu,,,,akili and me - letter a,1
5819622,1788053767,ai.elimu.filamu,{'video_playback_position_ms': 40962},,,akili and me - letter a,1
5819623,1788053789,ai.elimu.filamu,,,,akili and me - letter a,1
5819624,1788053812,ai.elimu.filamu,{'video_playback_position_ms': 43966},,,akili and me - letter a,1
5819625,1788053858,ai.elimu.filamu,,,,akili and me - letter c,3
5819626,1788053893,ai.elimu.filamu,{'video_playback_position_ms': 15073},,,akili and me - letter c,3
5819655,1788229341,ai.elimu.filamu,,,,akili and me - letter b,2
5819656,1788229374,ai.elimu.filamu,{'video_playback_position_ms': 50365},,,akili and me - letter b,2
5819657,1788229481,ai.elimu.filamu,,,,akili and me - letter d,4
5819658,1788229540,ai.elimu.filamu,{'video_playback_position_ms': 18183},,,akili and me - letter d,4
5819659,1788229623,ai.elimu.filamu,,,,akili and me - letter a,1
5819660,1788229682,ai.elimu.filamu,{'video_playback_position_ms': 52110},,,akili and me - letter a,1
5819661,1788229787,ai.elimu.filamu,,,,akili and me - letter i,33
5819662,1788229832,ai.elimu.filamu,{'video_playback_position_ms': 28245},,,akili and me - letter i,33
5819663,1788229891,ai.elimu.filamu,,,,akili and me - letter i,33
5819664,1788229943,ai.elimu.filamu,{'video_playback_position_ms': 33647},,,akili and me - letter i,33
5819665,1788230059,ai.elimu.filamu,,,,akili and me - the rectangle song,13
5819666,1788230105,ai.elimu.filamu,{'video_playback_position_ms': 14487},,,akili and me - the rectangle song,13
5819667,1788230213,ai.elimu.filamu,,,,akili and me - letter i,33
5819668,1788230258,ai.elimu.filamu,{'video_playback_position_ms': 55493},,,akili and me - letter i,33
5819669,1788230312,ai.elimu.filamu,,,,akili and me - letter i,33
5819670,1788230333,ai.elimu.filamu,{'video_playback_position_ms': 57510},,,akili and me - letter i,33
5819671,1788230449,ai.elimu.filamu,,,,akili and me - letter a,1
5819672,1788230499,ai.elimu.filamu,{'video_playback_position_ms': 46374},,,akili and me - letter a,1
5819673,1788230542,ai.elimu.filamu,,,,akili and me - the rectangle song,13
5819674,1788230568,ai.elimu.filamu,{'video_playback_position_ms': 34998},,,akili and me - the rectangle song,13
5819675,1788230662,ai.elimu.filamu,,,,akili and me - letter i,33
5819676,1788230686,ai.elimu.filamu,{'video_playback_position_ms': 49777},,,akili and me - letter i,33
5819677,1788230760,ai.elimu.filamu,,,,akili and me - letter i,33
5819678,1788230792,ai.elimu.filamu,{'video_playback_position_ms': 3552},,,akili and me - letter i,33
5819679,1788230855,ai.elimu.filamu,,,,akili and me - letter b,2
5819680,1788230870,ai.elimu.filamu,{'video_playback_position_ms': 41895},,,akili and me - letter b,2
5819681,1788230987,ai.elimu.filamu,,,,akili and me - letter d,4
5819682,1788230995,ai.elimu.filamu,{'video_playback_position_ms': 50739},,,akili and me - letter d,4
5819683,1788231097,ai.elimu.filamu,,,,akili and me - letter d,4
5819684,1788231131,ai.elimu.filamu,{'video_playback_position_ms': 32439},,,akili and me - letter d,4
5819685,1788231241,ai.elimu.filamu,,,,akili and me - the rectangle song,13
5819686,1788231250,ai.elimu.filamu,{'video_playback_position_ms': 6035},,,akili and me - the rectangle song,13
5819687,1788231319,ai.elimu.filamu,,,,akili and me - letter a,1
5819688,1788231371,ai.elimu.filamu,{'video_playback_position_ms': 33295},,,akili and me - letter a,1
5819727,1788399392,ai.elimu.filamu,,,,akili and me - letter i,33
5819728,1788399423,ai.elimu.filamu,{'video_playback_position_ms': 22681},,,akili and me - letter i,33
5819729,1788399528,ai.elimu.filamu,,,,[test] a test video,44
5819730,1788399538,ai.elimu.filamu,{'video_playback_position_ms': 58078},,,[test] a test video,44
5819731,1788399621,ai.elimu.filamu,,,,akili and me - letter i,33
5819732,1788399639,ai.elimu.filamu,{'video_playback_position_ms': 35154},,,akili and me - letter i,33
5819733,1788399676,ai.elimu.filamu,,,,akili and me - letter a,1
5819734,1788399727,ai.elimu.filamu,{'video_playback_position_ms': 51283},,,akili and me - letter a,1
5819735,1788399826,ai.elimu.filamu,,,,akili and me - letter a,1
5819736,1788399870,ai.elimu.filamu,{'video_playback_position_ms': 57810},,,akili and me - letter a,1
5819737,1788399895,ai.elimu.filamu,,,,akili and me - letter i,33
5819738,1788399907,ai.elimu.filamu,{'video_playback_position_ms': 41274},,,akili and me - letter i,33
5819739,1788399985,ai.elimu.filamu,,,,akili and me - letter d,4
5819740,1788400037,ai.elimu.filamu,{'video_playback_position_ms': 19888},,,akili and me - letter d,4
5819741,1788400084,ai.elimu.filamu,,,,akili and me - the rectangle song,13
5819742,1788400089,ai.elimu.filamu,{'video_playback_position_ms': 6063},,,akili and me - the rectangle song,13
5819743,1788400141,ai.elimu.filamu,,,,akili and me - letter a,1
5819744,1788400189,ai.elimu.filamu,{'video_playback_position_ms': 14328},,,akili and me - letter a,1
5819745,1788400300,ai.elimu.filamu,,,,akili and me - the rectangle song,13
5819746,1788400309,ai.elimu.filamu,{'video_playback_position_ms': 58972},,,akili and me - the rectangle song,13
5819809,1788484777,ai.elimu.filamu,,,,akili and me - letter a,1
5819810,1788484810,ai.elimu.filamu,{'video_playback_position_ms': 10307},,,akili and me - letter a,1
5819811,1788484845,ai.elimu.filamu,,,,akili and me - letter a,1
5819812,1788484866,ai.elimu.filamu,{'video_playback_position_ms': 44103},,,akili and me - letter a,1
5819813,1788484916,ai.elimu.filamu,,,,akili and me - letter b,2
5819814,1788484927,ai.elimu.filamu,{'video_playback_position_ms': 2931},,,akili and me - letter b,2
5819815,1788485013,ai.elimu.filamu,,,,[test] a test video,44
5819816,1788485034,ai.elimu.filamu,{'video_playback_position_ms': 41472},,,[test] a test video,44
5819817,1788485067,ai.elimu.filamu,,,,[test] a test video,44
5819818,1788485070,ai.elimu.filamu,{'video_playback_position_ms': 27833},,,[test] a test video,44
5819819,1788485154,ai.elimu.filamu,,,,akili and me - letter a,1
5819820,1788485173,ai.elimu.filamu,{'video_playback_position_ms': 22383},,,akili and me - letter a,1
5819821,1788485273,ai.elimu.filamu,,,,[test] a test video,44
5819822,1788485331,ai.elimu.filamu,{'video_playback_position_ms': 39753},,,[test] a test video,44
5819823,1788485397,ai.elimu.filamu,,,,akili and me - letter c,3
5819824,1788485426,ai.elimu.filamu,{'video_playback_position_ms': 49371},,,akili and me - letter c,3
5819825,1788485481,ai.elimu.filamu,,,,akili and me - the rectangle song,13
5819826,1788485492,ai.elimu.filamu,{'video_playback_position_ms': 17268},,,akili and me - the rectangle song,13
5819827,1788485516,ai.elimu.filamu,,,,akili and me - letter c,3
5819828,1788485545,ai.elimu.filamu,{'video_playback_position_ms': 4465},,,akili and me - letter c,3
5819829,1788485604,ai.elimu.filamu,,,,akili and me - letter b,2
5819830,1788485612,ai.elimu.filamu,{'video_playback_position_ms': 14552},,,akili and me - letter b,2
5819831,1788485700,ai.elimu.filamu,,,,akili and me - the rectangle song,13
5819832,1788485743,ai.elimu.filamu,{'video_playback_position_ms': 22782},,,akili and me - the rectangle song,13
5819833,1788485800,ai.elimu.filamu,,,,akili and me - letter d,4
5819834,1788485817,ai.elimu.filamu,{'video_playback_position_ms': 24679},,,akili and me - letter d,4
5819835,1788485874,ai.elimu.filamu,,,,akili and me - letter i,33
5819836,1788485924,ai.elimu.filamu,{'video_playback_position_ms': 59130},,,akili and me - letter i,33
5819837,1788486041,ai.elimu.filamu,,,,akili and me - the rectangle song,13
5819838,1788486074,ai.elimu.filamu,{'video_playback_position_ms': 54419},,,akili and me - the rectangle song,13
5819877,1788656084,ai.elimu.filamu,,,,akili and me - letter i,33
5819878,1788656133,ai.elimu.filamu,{'video_playback_position_ms': 19027},,,akili and me - letter i,33
5819879,1788656156,ai.elimu.filamu,,,,akili and me - letter c,3
5819880,1788656198,ai.elimu.filamu,{'video_playback_position_ms': 11899},,,akili and me - letter c,3
5819881,1788656273,ai.elimu.filamu,,,,akili and me - letter d,4
5819882,1788656289,ai.elimu.filamu,{'video_playback_position_ms': 35681},,,akili and me - letter d,4
5819883,1788656355,ai.elimu.filamu,,,,akili and me - letter d,4
5819884,1788656409,ai.elimu.filamu,{'video_playback_position_ms': 4515},,,akili and me - letter d,4
5819885,1788656467,ai.elimu.filamu,,,,akili and me - letter c,3
5819886,1788656484,ai.elimu.filamu,{'video_playback_position_ms': 10972},,,akili and me - letter c,3
5819887,1788656563,ai.elimu.filamu,,,,akili and me - letter i,33
5819888,1788656584,ai.elimu.filamu,{'video_playback_position_ms': 23367},,,akili and me - letter i,33
5819889,1788656701,ai.elimu.filamu,,,,[test] a test video,44
5819890,1788656703,ai.elimu.filamu,{'video_playback_position_ms': 37589},,,[test] a test video,44
5819891,1788656743,ai.elimu.filamu,,,,akili and me - letter d,4
5819892,1788656801,ai.elimu.filamu,{'video_playback_position_ms': 50365},,,akili and me - letter d,4
5819893,1788656863,ai.elimu.filamu,,,,akili and me - letter c,3
5819894,1788656898,ai.elimu.filamu,{'video_playback_position_ms': 30650},,,akili and me - letter c,3
5819959,1788829753,ai.elimu.filamu,,,,[test] a test video,44
5819960,1788829807,ai.elimu.filamu,{'video_playback_position_ms': 45948},,,[test] a test video,44
5819961,1788829897,ai.elimu.filamu,,,,akili and me - the rectangle song,13
5819962,1788829912,ai.elimu.filamu,{'video_playback_position_ms': 4929},,,akili and me - the rectangle song,13
5819963,1788830023,ai.elimu.filamu,,,,akili and me - letter b,2
5819964,1788830058,ai.elimu.filamu,{'video_playback_position_ms': 33960},,,akili and me - letter b,2
5819965,1788830076,ai.elimu.filamu,,,,akili and me - letter b,2
5819966,1788830105,ai.elimu.filamu,{'video_playback_position_ms': 10959},,,akili and me - letter b,2
5819967,1788830179,ai.elimu.filamu,,,,akili and me - letter a,1
5819968,1788830234,ai.elimu.filamu,{'video_playback_position_ms': 54478},,,akili and me - letter a,1
5819969,1788830265,ai.elimu.filamu,,,,akili and me - letter i,33
5819970,1788830290,ai.elimu.filamu,{'video_playback_position_ms': 14892},,,akili and me - letter i,33
5819971,1788830399,ai.elimu.filamu,,,,akili and me - the rectangle song,13
5819972,1788830443,ai.elimu.filamu,{'video_playback_position_ms': 25053},,,akili and me - the rectangle song,13
5820011,1788916341,ai.elimu.filamu,,,,[test] a test video,44
5820012,1788916378,ai.elimu.filamu,{'video_playback_position_ms': 16881},,,[test] a test video,44
5820013,1788916401,ai.elimu.filamu,,,,akili and me - letter i,33
5820014,1788916434,ai.elimu.filamu,{'video_playback_position_ms': 52771},,,akili and me - letter i,33
5820015,1788916461,ai.elimu.filamu,,,,[test] a test video,44
5820016,1788916478,ai.elimu.filamu,{'video_playback_position_ms': 22093},,,[test] a test video,44
5820017,1788916594,ai.elimu.filamu,,,,akili and me - letter i,33
5820018,1788916629,ai.elimu.filamu,{'video_playback_position_ms': 49467},,,akili and me - letter i,33
5820019,1788916668,ai.elimu.filamu,,,,[test] a test video,44
5820020,1788916725,ai.elimu.filamu,{'video_playback_position_ms': 37652},,,[test] a test video,44
5820021,1788916757,ai.elimu.filamu,,,,akili and me - letter a,1
5820022,1788916760,ai.elimu.filamu,{'video_playback_position_ms': 29754},,,akili and me - letter a,1
5820065,1789260857,ai.elimu.filamu,,,,akili and me - letter b,2
5820066,1789260889,ai.elimu.filamu,{'video_playback_position_ms': 31767},,,akili and me - letter b,2
5820067,1789260945,ai.elimu.filamu,,,,akili and me - letter c,3
5820068,1789260985,ai.elimu.filamu,{'video_playback_position_ms': 35685},,,akili and me - letter c,3
5820069,1789261028,ai.elimu.filamu,,,,[test] a test video,44
5820070,1789261065,ai.elimu.filamu,{'video_playback_position_ms': 4764},,,[test] a test video,44
5820071,1789261147,ai.elimu.filamu,,,,akili and me - letter b,2
5820072,1789261201,ai.elimu.filamu,{'video_playback_position_ms': 18326},,,akili and me - letter b,2
5820073,1789261265,ai.elimu.filamu,,,,akili and me - letter c,3
5820074,1789261306,ai.elimu.filamu,{'video_playback_position_ms': 21582},,,akili and me - letter c,3
5820075,1789261393,ai.elimu.filamu,,,,akili and me - letter c,3
5820076,1789261430,ai.elimu.filamu,{'video_playback_position_ms': 49118},,,akili and me - letter c,3
5820077,1789261489,ai.elimu.filamu,,,,akili and me - letter c,3
5820078,1789261495,ai.elimu.filamu,{'video_playback_position_ms': 37950},,,akili and me - letter c,3
5820079,1789261613,ai.elimu.filamu,,,,akili and me - letter b,2
5820080,1789261657,ai.elimu.filamu,{'video_playback_position_ms': 53398},,,akili and me - letter b,2
5820081,1789261764,ai.elimu.filamu,,,,akili and me - letter a,1
5820082,1789261814,ai.elimu.filamu,{'video_playback_position_ms': 9464},,,akili and me - letter a,1
5820083,1789261916,ai.elimu.filamu,,,,akili and me - letter c,3
5820084,1789261961,ai.elimu.filamu,{'video_playback_position_ms': 43773},,,akili and me - letter c,3
5820085,1789262021,ai.elimu.filamu,,,,akili and me - the rectangle song,13
5820086,1789262032,ai.elimu.filamu,{'video_playback_position_ms': 47910},,,akili and me - the rectangle song,13
5820087,1789262091,ai.elimu.filamu,,,,akili and me - letter i,33
5820088,1789262113,ai.elimu.filamu,{'video_playback_position_ms': 56573},,,akili and me - letter i,33
5820089,1789262168,ai.elimu.filamu,,,,akili and me - letter d,4
5820090,1789262195,ai.elimu.filamu,{'video_playback_position_ms': 57810},,,akili and me - letter d,4
5820091,1789262230,ai.elimu.filamu,,,,akili and me - letter a,1
5820092,1789262241,ai.elimu.filamu,{'video_playback_position_ms': 36380},,,akili and me - letter a,1
5820093,1789262320,ai.elimu.filamu,,,,[test] a test video,44
5820094,1789262370,ai.elimu.filamu,{'video_playback_position_ms': 38119},,,[test] a test video,44
5820095,1789262389,ai.elimu.filamu,,,,akili and me - letter d,4
5820096,1789262414,ai.elimu.filamu,{'video_playback_position_ms': 3213},,,akili and me - letter d,4
5820097,1789262443,ai.elimu.filamu,,,,akili and me - letter b,2
5820098,1789262460,ai.elimu.filamu,{'video_playback_position_ms': 2371},,,akili and me - letter b,2
5820149,1789435704,ai.elimu.filamu,,,,akili and me - letter d,4
5820150,1789435750,ai.elimu.filamu,{'video_playback_position_ms': 24487},,,akili and me - letter d,4
5820151,1789435864,ai.elimu.filamu,,,,akili and me - letter d,4
5820152,1789435911,ai.elimu.filamu,{'video_playback_position_ms': 56909},,,akili and me - letter d,4
5820153,1789435949,ai.elimu.filamu,,,,akili and me - letter c,3
5820154,1789435984,ai.elimu.filamu,{'video_playback_position_ms': 17556},,,akili and me - letter c,3
5820155,1789436032,ai.elimu.filamu,,,,akili and me - letter b,2
5820156,1789436064,ai.elimu.filamu,{'video_playback_position_ms': 21911},,,akili and me - letter b,2
5820157,1789436162,ai.elimu.filamu,,,,akili and me - letter b,2
5820158,1789436204,ai.elimu.filamu,{'video_playback_position_ms': 13484},,,akili and me - letter b,2
5820159,1789436223,ai.elimu.filamu,,,,akili and me - the rectangle song,13
5820160,1789436228,ai.elimu.filamu,{'video_playback_position_ms': 52152},,,akili and me - the rectangle song,13
5820161,1789436323,ai.elimu.filamu,,,,akili and me - letter b,2
5820162,1789436336,ai.elimu.filamu,{'video_playback_position_ms': 40385},,,akili and me - letter b,2
5820163,1789436424,ai.elimu.filamu,,,,akili and me - letter d,4
5820164,1789436435,ai.elimu.filamu,{'video_playback_position_ms': 9496},,,akili and me - letter d,4
5820165,1789436457,ai.elimu.filamu,,,,akili and me - letter i,33
5820166,1789436501,ai.elimu.filamu,{'video_playback_position_ms': 35936},,,akili and me - letter i,33
5820167,1789436535,ai.elimu.filamu,,,,akili and me - letter d,4
5820168,1789436539,ai.elimu.filamu,{'video_playback_position_ms': 44295},,,akili and me - letter d,4
5820169,1789436596,ai.elimu.filamu,,,,akili and me - the rectangle song,13
5820170,1789436654,ai.elimu.filamu,{'video_playback_position_ms': 45835},,,akili and me - the rectangle song,13
5820171,1789436756,ai.elimu.filamu,,,,akili and me - letter b,2
5820172,1789436805,ai.elimu.filamu,{'video_playback_position_ms': 42463},,,akili and me - letter b,2
5820173,1789436903,ai.elimu.filamu,,,,akili and me - letter d,4
5820174,1789436906,ai.elimu.filamu,{'video_playback_position_ms': 3286},,,akili and me - letter d,4
5820175,1789436990,ai.elimu.filamu,,,,akili and me - the rectangle song,13
5820176,1789436998,ai.elimu.filamu,{'video_playback_position_ms': 10760},,,akili and me - the rectangle song,13
5820213,1789522105,ai.elimu.filamu,,,,akili and me - letter a,1
5820214,1789522147,ai.elimu.filamu,{'video_playback_position_ms': 37101},,,akili and me - letter a,1
5820215,1789522198,ai.elimu.filamu,,,,akili and me - letter d,4
5820216,1789522250,ai.elimu.filamu,{'video_playback_position_ms': 32147},,,akili and me - letter d,4
5820247,1789694862,ai.elimu.filamu,,,,akili and me - letter i,33
5820248,1789694870,ai.elimu.filamu,{'video_playback_position_ms': 16977},,,akili and me - letter i,33
5820249,1789694955,ai.elimu.filamu,,,,akili and me - letter a,1
5820250,1789695007,ai.elimu.filamu,{'video_playback_position_ms': 18320},,,akili and me - letter a,1
5820251,1789695092,ai.elimu.filamu,,,,akili and me - letter a,1
5820252,1789695109,ai.elimu.filamu,{'video_playback_position_ms': 25594},,,akili and me - letter a,1
5820253,1789695213,ai.elimu.filamu,,,,akili and me - letter i,33
5820254,1789695235,ai.elimu.filamu,{'video_playback_position_ms': 38893},,,akili and me - letter i,33
5820255,1789695278,ai.elimu.filamu,,,,akili and me - the rectangle song,13
5820256,1789695306,ai.elimu.filamu,{'video_playback_position_ms': 45387},,,akili and me - the rectangle song,13
5820257,1789695423,ai.elimu.filamu,,,,akili and me - the rectangle song,13
5820258,1789695442,ai.elimu.filamu,{'video_playback_position_ms': 43565},,,akili and me - the rectangle song,13
5820259,1789695517,ai.elimu.filamu,,,,akili and me - letter b,2
5820260,1789695548,ai.elimu.filamu,{'video_playback_position_ms': 52678},,,akili and me - letter b,2
5820261,1789695583,ai.elimu.filamu,,,,akili and me - letter c,3
5820262,1789695616,ai.elimu.filamu,{'video_playback_position_ms': 11613},,,akili and me - letter c,3
5820263,1789695647,ai.elimu.filamu,,,,akili and me - letter i,33
5820264,1789695663,ai.elimu.filamu,{'video_playback_position_ms': 44635},,,akili and me - letter i,33
5820265,1789695761,ai.elimu.filamu,,,,akili and me - letter b,2
5820266,1789695791,ai.elimu.filamu,{'video_playback_position_ms': 50465},,,akili and me - letter b,2
5820267,1789695835,ai.elimu.filamu,,,,akili and me - the rectangle song,13
5820268,1789695842,ai.elimu.filamu,{'video_playback_position_ms': 50516},,,akili and me - the rectangle song,13
5820269,1789695940,ai.elimu.filamu,,,,akili and me - letter i,33
5820270,1789695978,ai.elimu.filamu,{'video_playback_position_ms': 12669},,,akili and me - letter i,33
5820271,1789696059,ai.elimu.filamu,,,,akili and me - letter d,4
5820272,1789696102,ai.elimu.filamu,{'video_playback_position_ms': 10556},,,akili and me - letter d,4
5820273,1789696202,ai.elimu.filamu,,,,akili and me - the rectangle song,13
5820274,1789696254,ai.elimu.filamu,{'video_playback_position_ms': 10398},,,akili and me - the rectangle song,13
5820275,1789696344,ai.elimu.filamu,,,,akili and me - the rectangle song,13
5820276,1789696368,ai.elimu.filamu,{'video_playback_position_ms': 40527},,,akili and me - the rectangle song,13
5820355,1789866078,ai.elimu.filamu,,,,akili and me - letter i,33
5820356,1789866083,ai.elimu.filamu,{'video_playback_position_ms': 52413},,,akili and me - letter i,33
5820357,1789866144,ai.elimu.filamu,,,,akili and me - the rectangle song,13
5820358,1789866178,ai.elimu.filamu,{'video_playback_position_ms': 29026},,,akili and me - the rectangle song,13
5820389,1789952545,ai.elimu.filamu,,,,akili and me - the rectangle song,13
5820390,1789952551,ai.elimu.filamu,{'video_playback_position_ms': 9741},,,akili and me - the rectangle song,13
5820391,1789952602,ai.elimu.filamu,,,,akili and me - letter i,33
5820392,1789952639,ai.elimu.filamu,{'video_playback_position_ms': 12435},,,akili and me - letter i,33
5820393,1789952694,ai.elimu.filamu,,,,akili and me - letter a,1
5820394,1789952727,ai.elimu.filamu,{'video_playback_position_ms': 6863},,,akili and me - letter a,1
5820395,1789952775,ai.elimu.filamu,,,,akili and me - letter d,4
5820396,1789952794,ai.elimu.filamu,{'video_playback_position_ms': 26762},,,akili and me - letter d,4
5820397,1789952813,ai.elimu.filamu,,,,[test] a test video,44
5820398,1789952816,ai.elimu.filamu,{'video_playback_position_ms': 15480},,,[test] a test video,44
5820399,1789952917,ai.elimu.filamu,,,,akili and me - the rectangle song,13
5820400,1789952968,ai.elimu.filamu,{'video_playback_position_ms': 46122},,,akili and me - the rectangle song,13
5820401,1789953000,ai.elimu.filamu,,,,akili and me - letter c,3
5820402,1789953018,ai.elimu.filamu,{'video_playback_position_ms': 36815},,,akili and me - letter c,3
5820403,1789953083,ai.elimu.filamu,,,,akili and me - the rectangle song,13
5820404,1789953127,ai.elimu.filamu,{'video_playback_position_ms': 52538},,,akili and me - the rectangle song,13
5820405,1789953200,ai.elimu.filamu,,,,akili and me - the rectangle song,13
5820406,1789953257,ai.elimu.filamu,{'video_playback_position_ms': 40831},,,akili and me - the rectangle song,13
5820407,1790041962,ai.elimu.filamu,,,,akili and me - letter c,3
5820408,1790042001,ai.elimu.filamu,{'video_playback_position_ms': 37434},,,akili and me - letter c,3
5820409,1790042075,ai.elimu.filamu,,,,[test] a test video,44
5820410,1790042079,ai.elimu.filamu,{'video_playback_position_ms': 7373},,,[test] a test video,44
5820411,1790042106,ai.elimu.filamu,,,,akili and me - letter a,1
5820412,1790042136,ai.elimu.filamu,{'video_playback_position_ms': 7764},,,akili and me - letter a,1
5820413,1790042170,ai.elimu.filamu,,,,[test] a test video,44
5820414,1790042222,ai.elimu.filamu,{'video_playback_position_ms': 1752},,,[test] a test video,44
5820415,1790042279,ai.elimu.filamu,,,,akili and me - letter b,2
5820416,1790042328,ai.elimu.filamu,{'video_playback_position_ms': 1876},,,akili and me - letter b,2
5820417,1790042425,ai.elimu.filamu,,,,akili and me - letter a,1
5820418,1790042446,ai.elimu.filamu,{'video_playback_position_ms': 39795},,,akili and me - letter a,1
5820419,1790042500,ai.elimu.filamu,,,,akili and me - letter i,33
5820420,1790042530,ai.elimu.filamu,{'video_playback_position_ms': 49919},,,akili and me - letter i,33
5820421,1790042571,ai.elimu.filamu,,,,akili and me - the rectangle song,13
5820422,1790042615,ai.elimu.filamu,{'video_playback_position_ms': 36090},,,akili and me - the rectangle song,13
5820423,1790042659,ai.elimu.filamu,,,,akili and me - the rectangle song,13
5820424,1790042689,ai.elimu.filamu,{'video_playback_position_ms': 43690},,,akili and me - the rectangle song,13
5820425,1790042775,ai.elimu.filamu,,,,akili and me - letter d,4
5820426,1790042781,ai.elimu.filamu,{'video_playback_position_ms': 10346},,,akili and me - letter d,4
5820427,1790042822,ai.elimu.filamu,,,,akili and me - letter b,2
5820428,1790042848,ai.elimu.filamu,{'video_playback_position_ms': 3104},,,akili and me - letter b,2
5820429,1790042956,ai.elimu.filamu,,,,akili and me - letter b,2
5820430,1790043010,ai.elimu.filamu,{'video_playback_position_ms': 5094},,,akili and me - letter b,2
5820431,1790043076,ai.elimu.filamu,,,,akili and me - the rectangle song,13
5820432,1790043081,ai.elimu.filamu,{'video_playback_position_ms': 6934},,,akili and me - the rectangle song,13
5820433,1790043185,ai.elimu.filamu,,,,akili and me - letter b,2
5820434,1790043205,ai.elimu.filamu,{'video_playback_position_ms': 38243},,,akili and me - letter b,2
5820435,1790043228,ai.elimu.filamu,,,,akili and me - letter i,33
5820436,1790043267,ai.elimu.filamu,{'video_playback_position_ms': 22792},,,akili and me - letter i,33
5820497,1790213006,ai.elimu.filamu,,,,akili and me - the rectangle song,13
5820498,1790213039,ai.elimu.filamu,{'video_playback_position_ms': 54487},,,akili and me - the rectangle song,13
5820499,1790213128,ai.elimu.filamu,,,,[test] a test video,44
5820500,1790213149,ai.elimu.filamu,{'video_playback_position_ms': 22354},,,[test] a test video,44
5820501,1790213165,ai.elimu.filamu,,,,[test] a test video,44
5820502,1790213179,ai.elimu.filamu,{'video_playback_position_ms': 18145},,,[test] a test video,44
5820503,1790213223,ai.elimu.filamu,,,,[test] a test video,44
5820504,1790213250,ai.elimu.filamu,{'video_playback_position_ms': 3002},,,[test] a test video,44
5820505,1790213289,ai.elimu.filamu,,,,akili and me - letter a,1
5820506,1790213330,ai.elimu.filamu,{'video_playback_position_ms': 19404},,,akili and me - letter a,1
5820519,1790300655,ai.elimu.filamu,,,,akili and me - letter a,1
5820520,1790300687,ai.elimu.filamu,{'video_playback_position_ms': 3355},,,akili and me - letter a,1
5820521,1790300735,ai.elimu.filamu,,,,[test] a test video,44
5820522,1790300791,ai.elimu.filamu,{'video_playback_position_ms': 8294},,,[test] a test video,44
5820523,1790300850,ai.elimu.filamu,,,,[test] a test video,44
5820524,1790300901,ai.elimu.filamu,{'video_playback_position_ms': 1467},,,[test] a test video,44
5820525,1790300947,ai.elimu.filamu,,,,akili and me - the rectangle song,13
5820526,1790300989,ai.elimu.filamu,{'video_playback_position_ms': 20781},,,akili and me - the rectangle song,13
5820527,1790301039,ai.elimu.filamu,,,,akili and me - letter c,3
5820528,1790301067,ai.elimu.filamu,{'video_playback_position_ms': 47313},,,akili and me - letter c,3
5820557,1790388321,ai.elimu.filamu,,,,[test] a test video,44
5820558,1790388347,ai.elimu.filamu,{'video_playback_position_ms': 37755},,,[test] a test video,44
5820559,1790388453,ai.elimu.filamu,,,,akili and me - letter i,33
5820560,1790388475,ai.elimu.filamu,{'video_playback_position_ms': 54517},,,akili and me - letter i,33
5820757,1790735037,ai.elimu.filamu,,,,akili and me - letter i,33
5820758,1790735070,ai.elimu.filamu,{'video_playback_position_ms': 35191},,,akili and me - letter i,33
5820759,1790735166,ai.elimu.filamu,,,,[test] a test video,44
5820760,1790735183,ai.elimu.filamu,{'video_playback_position_ms': 56205},,,[test] a test video,44
5820761,1790735286,ai.elimu.filamu,,,,akili and me - letter i,33
5820762,1790735317,ai.elimu.filamu,{'video_playback_position_ms': 56157},,,akili and me - letter i,33
5820763,1790735365,ai.elimu.filamu,,,,akili and me - letter i,33
5820764,1790735395,ai.elimu.filamu,{'video_playback_position_ms': 24044},,,akili and me - letter i,33
5820765,1790735416,ai.elimu.filamu,,,,akili and me - letter i,33
5820766,1790735458,ai.elimu.filamu,{'video_playback_position_ms': 21539},,,akili and me - letter i,33
5820767,1790735546,ai.elimu.filamu,,,,[test] a test video,44
5820768,1790735576,ai.elimu.filamu,{'video_playback_position_ms': 31266},,,[test] a test video,44
5820769,1790735593,ai.elimu.filamu,,,,akili and me - letter i,33
5820770,1790735626,ai.elimu.filamu,{'video_playback_position_ms': 42491},,,akili and me - letter i,33
5820771,1790735718,ai.elimu.filamu,,,,akili and me - letter a,1
5820772,1790735772,ai.elimu.filamu,{'video_playback_position_ms': 13337},,,akili and me - letter a,1
5820773,1790735820,ai.elimu.filamu,,,,akili and me - letter b,2
5820774,1790735861,ai.elimu.filamu,{'video_playback_position_ms': 29442},,,akili and me - letter b,2
5820775,1790735971,ai.elimu.filamu,,,,akili and me - letter b,2
5820776,1790736002,ai.elimu.filamu,{'video_playback_position_ms': 7987},,,akili and me - letter b,2
5820777,1790736084,ai.elimu.filamu,,,,akili and me - letter i,33
5820778,1790736108,ai.elimu.filamu,{'video_playback_position_ms': 27399},,,akili and me - letter i,33
5820779,1790736216,ai.elimu.filamu,,,,akili and me - letter i,33
5820780,1790736267,ai.elimu.filamu,{'video_playback_position_ms': 15058},,,akili and me - letter i,33
5820781,1790736286,ai.elimu.filamu,,,,akili and me - letter d,4
5820782,1790736318,ai.elimu.filamu,{'video_playback_position_ms': 20068},,,akili and me - letter d,4
5820783,1790736387,ai.elimu.filamu,,,,akili and me - letter b,2
5820784,1790736393,ai.elimu.filamu,{'video_playback_position_ms': 44830},,,akili and me - letter b,2
5820785,1790736459,ai.elimu.filamu,,,,[test] a test video,44
5820786,1790736510,ai.elimu.filamu,{'video_playback_position_ms': 39010},,,[test] a test video,44
5820787,1790736552,ai.elimu.filamu,,,,akili and me - letter d,4
5820788,1790736582,ai.elimu.filamu,{'video_playback_position_ms': 49862},,,akili and me - letter d,4
5820789,1790736692,ai.elimu.filamu,,,,akili and me - letter d,4
5820790,1790736748,ai.elimu.filamu,{'video_playback_position_ms': 58743},,,akili and me - letter d,4
5820791,1790736857,ai.elimu.filamu,,,,akili and me - letter b,2
5820792,1790736871,ai.elimu.filamu,{'video_playback_position_ms': 56050},,,akili and me - letter b,2
5820865,1790820211,ai.elimu.filamu,,,,[test] a test video,44
5820866,1790820229,ai.elimu.filamu,{'video_playback_position_ms': 58241},,,[test] a test video,44
5820867,1790820286,ai.elimu.filamu,,,,akili and me - letter d,4
5820868,1790820321,ai.elimu.filamu,{'video_playback_position_ms': 7381},,,akili and me - letter d,4
5820869,1790820397,ai.elimu.filamu,,,,akili and me - letter d,4
5820870,1790820417,ai.elimu.filamu,{'video_playback_position_ms': 49823},,,akili and me - letter d,4
5820871,1790820500,ai.elimu.filamu,,,,akili and me - letter d,4
5820872,1790820533,ai.elimu.filamu,{'video_playback_position_ms': 18946},,,akili and me - letter d,4
5820873,1790820555,ai.elimu.filamu,,,,[test] a test video,44
5820874,1790820587,ai.elimu.filamu,{'video_playback_position_ms': 2378},,,[test] a test video,44
5820875,1790820704,ai.elimu.filamu,,,,akili and me - letter a,1
5820876,1790820727,ai.elimu.filamu,{'video_playback_position_ms': 57044},,,akili and me - letter a,1
5820877,1790820796,ai.elimu.filamu,,,,[test] a test video,44
5820878,1790820852,ai.elimu.filamu,{'video_playback_position_ms': 37249},,,[test] a test video,44
5820879,1790820951,ai.elimu.filamu,,,,akili and me - the rectangle song,13
5820880,1790820980,ai.elimu.filamu,{'video_playback_position_ms': 31175},,,akili and me - the rectangle song,13
5820881,1790821023,ai.elimu.filamu,,,,akili and me - letter c,3
5820882,1790821038,ai.elimu.filamu,{'video_playback_position_ms': 3915},,,akili and me - letter c,3
5820883,1790907685,ai.elimu.filamu,,,,akili and me - letter c,3
5820884,1790907738,ai.elimu.filamu,{'video_playback_position_ms': 44872},,,akili and me - letter c,3
5820885,1790907808,ai.elimu.filamu,,,,akili and me - letter b,2
5820886,1790907838,ai.elimu.filamu,{'video_playback_position_ms': 41850},,,akili and me - letter b,2
5820887,1790907875,ai.elimu.filamu,,,,akili and me - letter a,1
5820888,1790907926,ai.elimu.filamu,{'video_playback_position_ms': 18152},,,akili and me - letter a,1
5820909,1790992389,ai.elimu.filamu,,,,akili and me - letter i,33
5820910,1790992417,ai.elimu.filamu,{'video_playback_position_ms': 17782},,,akili and me - letter i,33
5820911,1790992501,ai.elimu.filamu,,,,akili and me - letter i,33
5820912,1790992543,ai.elimu.filamu,{'video_playback_position_ms': 24263},,,akili and me - letter i,33
5820913,1790992581,ai.elimu.filamu,,,,akili and me - letter i,33
5820914,1790992634,ai.elimu.filamu,{'video_playback_position_ms': 16876},,,akili and me - letter i,33
5820915,1790992751,ai.elimu.filamu,,,,akili and me - letter d,4
5820916,1790992758,ai.elimu.filamu,{'video_playback_position_ms': 3588},,,akili and me - letter d,4
5820917,1790992786,ai.elimu.filamu,,,,[test] a test video,44
5820918,1790992824,ai.elimu.filamu,{'video_playback_position_ms': 37496},,,[test] a test video,44
5820919,1790992923,ai.elimu.filamu,,,,akili and me - letter b,2
5820920,1790992978,ai.elimu.filamu,{'video_playback_position_ms': 42705},,,akili and me - letter b,2
5820921,1790993062,ai.elimu.filamu,,,,akili and me - the rectangle song,13
5820922,1790993121,ai.elimu.filamu,{'video_playback_position_ms': 55079},,,akili and me - the rectangle song,13
5820923,1790993202,ai.elimu.filamu,,,,akili and me - letter a,1
5820924,1790993262,ai.elimu.filamu,{'video_playback_position_ms': 33079},,,akili and me - letter a,1
5820925,1790993315,ai.elimu.filamu,,,,akili and me - letter b,2
5820926,1790993326,ai.elimu.filamu,{'video_playback_position_ms': 53253},,,akili and me - letter b,2
5820927,1790993424,ai.elimu.filamu,,,,akili and me - letter b,2
5820928,1790993462,ai.elimu.filamu,{'video_playback_position_ms': 59415},,,akili and me - letter b,2
5820929,1790993502,ai.elimu.filamu,,,,akili and me - letter c,3
5820930,1790993533,ai.elimu.filamu,{'video_playback_position_ms': 38299},,,akili and me - letter c,3
5820969,1791011215,ai.elimu.filamu,,,,akili and me - the rectangle song,13
5820970,1791011256,ai.elimu.filamu,{'video_playback_position_ms': 30615},,,akili and me - the rectangle song,13
5820971,1791011296,ai.elimu.filamu,,,,akili and me - letter d,4
5820972,1791011303,ai.elimu.filamu,{'video_playback_position_ms': 57244},,,akili and me - letter d,4
5820973,1791011377,ai.elimu.filamu,,,,akili and me - letter c,3
5820974,1791011405,ai.elimu.filamu,{'video_playback_position_ms': 32866},,,akili and me - letter c,3
5820975,1791011470,ai.elimu.filamu,,,,akili and me - letter i,33
5820976,1791011507,ai.elimu.filamu,{'video_playback_position_ms': 33564},,,akili and me - letter i,33
5820977,1791011612,ai.elimu.filamu,,,,akili and me - letter c,3
5820978,1791011625,ai.elimu.filamu,{'video_playback_position_ms': 23410},,,akili and me - letter c,3
5820979,1791011740,ai.elimu.filamu,,,,[test] a test video,44
5820980,1791011751,ai.elimu.filamu,{'video_playback_position_ms': 13203},,,[test] a test video,44
5820981,1791011871,ai.elimu.filamu,,,,akili and me - the rectangle song,13
5820982,1791011882,ai.elimu.filamu,{'video_playback_position_ms': 1472},,,akili and me - the rectangle song,13
5820983,1791011917,ai.elimu.filamu,,,,akili and me - letter i,33
5820984,1791011970,ai.elimu.filamu,{'video_playback_position_ms': 25249},,,akili and me - letter i,33
5820985,1791012047,ai.elimu.filamu,,,,akili and me - letter c,3
5820986,1791012062,ai.elimu.filamu,{'video_playback_position_ms': 25149},,,akili and me - letter c,3
5820987,1791012181,ai.elimu.filamu,,,,[test] a test video,44
5820988,1791012184,ai.elimu.filamu,{'video_playback_position_ms': 29071},,,[test] a test video,44
5820989,1791012211,ai.elimu.filamu,,,,akili and me - letter a,1
5820990,1791012221,ai.elimu.filamu,{'video_playback_position_ms': 56739},,,akili and me - letter a,1
5821025,1791082573,ai.elimu.filamu,,,,[test] a test video,44
5821026,1791082578,ai.elimu.filamu,{'video_playback_position_ms': 43862},,,[test] a test video,44
5821027,1791082675,ai.elimu.filamu,,,,akili and me - letter d,4
5821028,1791082720,ai.elimu.filamu,{'video_playback_position_ms': 56342},,,akili and me - letter d,4
5821029,1791082820,ai.elimu.filamu,,,,akili and me - letter d,4
5821030,1791082859,ai.elimu.filamu,{'video_playback_position_ms': 1697},,,akili and me - letter d,4
5821031,1791082928,ai.elimu.filamu,,,,[test] a test video,44
5821032,1791082937,ai.elimu.filamu,{'video_playback_position_ms': 24900},,,[test] a test video,44
5821033,1791082972,ai.elimu.filamu,,,,akili and me - the rectangle song,13
5821034,1791083013,ai.elimu.filamu,{'video_playback_position_ms': 49010},,,akili and me - the rectangle song,13
5821035,1791083117,ai.elimu.filamu,,,,akili and me - letter b,2
5821036,1791083155,ai.elimu.filamu,{'video_playback_position_ms': 37753},,,akili and me - letter b,2
5821037,1791083193,ai.elimu.filamu,,,,akili and me - letter a,1
5821038,1791083196,ai.elimu.filamu,{'video_playback_position_ms': 33979},,,akili and me - letter a,1
5821039,1791083272,ai.elimu.filamu,,,,akili and me - letter a,1
5821040,1791083316,ai.elimu.filamu,{'video_playback_position_ms': 5444},,,akili and me - letter a,1
5821041,1791083378,ai.elimu.filamu,,,,akili and me - letter c,3
5821042,1791083397,ai.elimu.filamu,{'video_playback_position_ms': 22049},,,akili and me - letter c,3
5821043,1791083508,ai.elimu.filamu,,,,akili and me - letter b,2
5821044,1791083549,ai.elimu.filamu,{'video_playback_position_ms': 35473},,,akili and me - letter b,2
5821045,1791083668,ai.elimu.filamu,,,,[test] a test video,44
5821046,1791083717,ai.elimu.filamu,{'video_playback_position_ms': 35240},,,[test] a test video,44
5821047,1791083830,ai.elimu.filamu,,,,akili and me - letter c,3
5821048,1791083850,ai.elimu.filamu,{'video_playback_position_ms': 20327},,,akili and me - letter c,3
5821049,1791083869,ai.elimu.filamu,,,,akili and me - the rectangle song,13
5821050,1791083877,ai.elimu.filamu,{'video_playback_position_ms': 23812},,,akili and me - the rectangle song,13
5821051,1791083932,ai.elimu.filamu,,,,akili and me - the rectangle song,13
5821052,1791083976,ai.elimu.filamu,{'video_playback_position_ms': 28364},,,akili and me - the rectangle song,13
5821053,1791084041,ai.elimu.filamu,,,,akili and me - the rectangle song,13
5821054,1791084054,ai.elimu.filamu,{'video_playback_position_ms': 5341},,,akili and me - the rectangle song,13
5821055,1791084093,ai.elimu.filamu,,,,[test] a test video,44
5821056,1791084122,ai.elimu.filamu,{'video_playback_position_ms': 25086},,,[test] a test video,44
5821101,1791255528,ai.elimu.filamu,,,,[test] a test video,44
5821102,1791255538,ai.elimu.filamu,{'video_playback_position_ms': 51915},,,[test] a test video,44
5821109,1791341161,ai.elimu.filamu,,,,akili and me - letter b,2
5821110,1791341203,ai.elimu.filamu,{'video_playback_position_ms': 5551},,,akili and me - letter b,2
5821111,1791341254,ai.elimu.filamu,,,,akili and me - letter c,3
5821112,1791341288,ai.elimu.filamu,{'video_playback_position_ms': 21016},,,akili and me - letter c,3
5821113,1791341378,ai.elimu.filamu,,,,akili and me - letter c,3
5821114,1791341419,ai.elimu.filamu,{'video_playback_position_ms': 43381},,,akili and me - letter c,3
5821115,1791341466,ai.elimu.filamu,,,,akili and me - letter i,33
5821116,1791341507,ai.elimu.filamu,{'video_playback_position_ms': 31685},,,akili and me - letter i,33
5821117,1791341624,ai.elimu.filamu,,,,akili and me - letter c,3
5821118,1791341650,ai.elimu.filamu,{'video_playback_position_ms': 1067},,,akili and me - letter c,3
5821119,1791341743,ai.elimu.filamu,,,,akili and me - letter i,33
5821120,1791341754,ai.elimu.filamu,{'video_playback_position_ms': 15105},,,akili and me - letter i,33
5821121,1791341848,ai.elimu.filamu,,,,akili and me - the rectangle song,13
5821122,1791341862,ai.elimu.filamu,{'video_playback_position_ms': 12529},,,akili and me - the rectangle song,13
5821123,1791341917,ai.elimu.filamu,,,,akili and me - letter i,33
5821124,1791341963,ai.elimu.filamu,{'video_playback_position_ms': 32836},,,akili and me - letter i,33
5821125,1791342007,ai.elimu.filamu,,,,akili and me - letter i,33
5821126,1791342054,ai.elimu.filamu,{'video_playback_position_ms': 31132},,,akili and me - letter i,33
5821127,1791342098,ai.elimu.filamu,,,,[test] a test video,44
5821128,1791342120,ai.elimu.filamu,{'video_playback_position_ms': 13893},,,[test] a test video,44
5821129,1791342164,ai.elimu.filamu,,,,akili and me - letter a,1
5821130,1791342207,ai.elimu.filamu,{'video_playback_position_ms': 59947},,,akili and me - letter a,1
5821131,1791342270,ai.elimu.filamu,,,,akili and me - letter c,3
5821132,1791342274,ai.elimu.filamu,{'video_playback_position_ms': 58336},,,akili and me - letter c,3
5821133,1791342376,ai.elimu.filamu,,,,akili and me - letter b,2
5821134,1791342427,ai.elimu.filamu,{'video_playback_position_ms': 52296},,,akili and me - letter b,2
5821135,1791342452,ai.elimu.filamu,,,,akili and me - letter c,3
5821136,1791342491,ai.elimu.filamu,{'video_playback_position_ms': 53577},,,akili and me - letter c,3
5821137,1791342508,ai.elimu.filamu,,,,akili and me - letter i,33
5821138,1791342555,ai.elimu.filamu,{'video_playback_position_ms': 19100},,,akili and me - letter i,33
5821139,1791342637,ai.elimu.filamu,,,,akili and me - the rectangle song,13
5821140,1791342665,ai.elimu.filamu,{'video_playback_position_ms': 53602},,,akili and me - the rectangle song,13
5821141,1791342752,ai.elimu.filamu,,,,akili and me - letter b,2
5821142,1791342786,ai.elimu.filamu,{'video_playback_position_ms': 4955},,,akili and me - letter b,2
5821143,1791342811,ai.elimu.filamu,,,,akili and me - letter a,1
5821144,1791342816,ai.elimu.filamu,{'video_playback_position_ms': 11645},,,akili and me - letter a,1
5821145,1791342850,ai.elimu.filamu,,,,akili and me - letter i,33
5821146,1791342883,ai.elimu.filamu,{'video_playback_position_ms': 39772},,,akili and me - letter i,33
5821225,1791514508,ai.elimu.filamu,,,,akili and me - letter i,33
5821226,1791514521,ai.elimu.filamu,{'video_playback_position_ms': 27399},,,akili and me - letter i,33
5821227,1791514615,ai.elimu.filamu,,,,[test] a test video,44
5821228,1791514627,ai.elimu.filamu,{'video_playback_position_ms': 10627},,,[test] a test video,44
5821229,1791514663,ai.elimu.filamu,,,,akili and me - letter c,3
5821230,1791514684,ai.elimu.filamu,{'video_playback_position_ms': 31754},,,akili and me - letter c,3
5821231,1791514737,ai.elimu.filamu,,,,akili and me - letter b,2
5821232,1791514780,ai.elimu.filamu,{'video_playback_position_ms': 49609},,,akili and me - letter b,2
5821233,1791514818,ai.elimu.filamu,,,,akili and me - letter b,2
5821234,1791514820,ai.elimu.filamu,{'video_playback_position_ms': 8109},,,akili and me - letter b,2
5821235,1791514929,ai.elimu.filamu,,,,akili and me - letter c,3
5821236,1791514931,ai.elimu.filamu,{'video_playback_position_ms': 18519},,,akili and me - letter c,3
5821237,1791515031,ai.elimu.filamu,,,,akili and me - the rectangle song,13
5821238,1791515067,ai.elimu.filamu,{'video_playback_position_ms': 34692},,,akili and me - the rectangle song,13
5821239,1791515119,ai.elimu.filamu,,,,akili and me - letter d,4
5821240,1791515136,ai.elimu.filamu,{'video_playback_position_ms': 27061},,,akili and me - letter d,4
5821241,1791515183,ai.elimu.filamu,,,,akili and me - letter c,3
5821242,1791515221,ai.elimu.filamu,{'video_playback_position_ms': 28526},,,akili and me - letter c,3
5821243,1791515334,ai.elimu.filamu,,,,akili and me - letter i,33
5821244,1791515380,ai.elimu.filamu,{'video_playback_position_ms': 29873},,,akili and me - letter i,33
5821245,1791515425,ai.elimu.filamu,,,,akili and me - letter c,3
5821246,1791515483,ai.elimu.filamu,{'video_playback_position_ms': 16958},,,akili and me - letter c,3
5821247,1791515527,ai.elimu.filamu,,,,[test] a test video,44
5821248,1791515580,ai.elimu.filamu,{'video_playback_position_ms': 54713},,,[test] a test video,44
