id,timestamp,package_name,additional_data,research_experiment,experiment_group,video_title,video_id
473101,1749687919,ai.elimu.filamu,,,,चिड़िया,1
473102,1749687948,ai.elimu.filamu,{'video_playback_position_ms': 41531},,,चिड़िया,1
473103,1749688035,ai.elimu.filamu,,,,चिड़िया,1
473104,1749688075,ai.elimu.filamu,{'video_playback_position_ms': 12009},,,चिड़िया,1
473105,1749688164,ai.elimu.filamu,,,,चिड़िया,1
473106,1749688194,ai.elimu.filamu,{'video_playback_position_ms': 32429},,,चिड़िया,1
473107,1749688297,ai.elimu.filamu,,,,चिड़िया,1
473108,1749688308,ai.elimu.filamu,{'video_playback_position_ms': 11978},,,चिड़िया,1
473109,1749688392,ai.elimu.filamu,,,,चिड़िया,1
473110,1749688426,ai.elimu.filamu,{'video_playback_position_ms': 20460},,,चिड़िया,1
473111,1749688453,ai.elimu.filamu,,,,चिड़िया,1
473112,1749688457,ai.elimu.filamu,{'video_playback_position_ms': 29328},,,चिड़िया,1
473113,1749688538,ai.elimu.filamu,,,,चिड़िया,1
473114,1749688554,ai.elimu.filamu,{'video_playback_position_ms': 56617},,,चिड़िया,1
473115,1749688610,ai.elimu.filamu,,,,चिड़िया,1
473116,1749688634,ai.elimu.filamu,{'video_playback_position_ms': 4460},,,चिड़िया,1
473117,1749688734,ai.elimu.filamu,,,,चिड़िया,1
473118,1749688736,ai.elimu.filamu,{'video_playback_position_ms': 7250},,,चिड़िया,1
473119,1749688806,ai.elimu.filamu,,,,चिड़िया,1
473120,1749688839,ai.elimu.filamu,{'video_playback_position_ms': 24671},,,चिड़िया,1
473121,1749688947,ai.elimu.filamu,,,,चिड़िया,1
473122,1749688973,ai.elimu.filamu,{'video_playback_position_ms': 25459},,,चिड़िया,1
473123,1749689071,ai.elimu.filamu,,,,चिड़िया,1
473124,1749689089,ai.elimu.filamu,{'video_playback_position_ms': 20294},,,चिड़िया,1
473239,1749781855,ai.elimu.filamu,,,,चिड़िया,1
473240,1749781901,ai.elimu.filamu,{'video_playback_position_ms': 6436},,,चिड़िया,1
473241,1749781990,ai.elimu.filamu,,,,चिड़िया,1
473242,1749782026,ai.elimu.filamu,{'video_playback_position_ms': 6931},,,चिड़िया,1
473243,1749782054,ai.elimu.filamu,,,,चिड़िया,1
473244,1749782108,ai.elimu.filamu,{'video_playback_position_ms': 54145},,,चिड़िया,1
473245,1749782186,ai.elimu.filamu,,,,चिड़िया,1
473246,1749782200,ai.elimu.filamu,{'video_playback_position_ms': 57808},,,चिड़िया,1
473247,1749782264,ai.elimu.filamu,,,,चिड़िया,1
473248,1749782290,ai.elimu.filamu,{'video_playback_position_ms': 36361},,,चिड़िया,1
473249,1749782347,ai.elimu.filamu,,,,चिड़िया,1
473250,1749782383,ai.elimu.filamu,{'video_playback_position_ms': 36973},,,चिड़िया,1
473251,1749782411,ai.elimu.filamu,,,,चिड़िया,1
473252,1749782417,ai.elimu.filamu,{'video_playback_position_ms': 13793},,,चिड़िया,1
473253,1749782493,ai.elimu.filamu,,,,चिड़िया,1
473254,1749782550,ai.elimu.filamu,{'video_playback_position_ms': 20441},,,चिड़िया,1
473255,1749782618,ai.elimu.filamu,,,,चिड़िया,1
473256,1749782659,ai.elimu.filamu,{'video_playback_position_ms': 29615},,,चिड़िया,1
473257,1749782678,ai.elimu.filamu,,,,चिड़िया,1
473258,1749782735,ai.elimu.filamu,{'video_playback_position_ms': 58553},,,चिड़िया,1
473259,1749782754,ai.elimu.filamu,,,,चिड़िया,1
473260,1749782807,ai.elimu.filamu,{'video_playback_position_ms': 11043},,,चिड़िया,1
473303,1749945854,ai.elimu.filamu,,,,चिड़िया,1
473304,1749945885,ai.elimu.filamu,{'video_playback_position_ms': 9599},,,चिड़िया,1
473305,1749945931,ai.elimu.filamu,,,,चिड़िया,1
473306,1749945988,ai.elimu.filamu,{'video_playback_position_ms': 19850},,,चिड़िया,1
473307,1749946033,ai.elimu.filamu,,,,चिड़िया,1
473308,1749946038,ai.elimu.filamu,{'video_playback_position_ms': 7093},,,चिड़िया,1
473309,1749946092,ai.elimu.filamu,,,,चिड़िया,1
473310,1749946144,ai.elimu.filamu,{'video_playback_position_ms': 50920},,,चिड़िया,1
473311,1749946224,ai.elimu.filamu,,,,चिड़िया,1
473312,1749946235,ai.elimu.filamu,{'video_playback_position_ms': 33002},,,चिड़िया,1
473313,1749946353,ai.elimu.filamu,,,,चिड़िया,1
473314,1749946409,ai.elimu.filamu,{'video_playback_position_ms': 41016},,,चिड़िया,1
473315,1749946463,ai.elimu.filamu,,,,चिड़िया,1
473316,1749946498,ai.elimu.filamu,{'video_playback_position_ms': 59455},,,चिड़िया,1
473317,1749946560,ai.elimu.filamu,,,,चिड़िया,1
473318,1749946570,ai.elimu.filamu,{'video_playback_position_ms': 31269},,,चिड़िया,1
473319,1749946657,ai.elimu.filamu,,,,चिड़िया,1
473320,1749946705,ai.elimu.filamu,{'video_playback_position_ms': 56891},,,चिड़िया,1
473321,1749946761,ai.elimu.filamu,,,,चिड़िया,1
473322,1749946773,ai.elimu.filamu,{'video_playback_position_ms': 55785},,,चिड़िया,1
473323,1749946852,ai.elimu.filamu,,,,चिड़िया,1
473324,1749946865,ai.elimu.filamu,{'video_playback_position_ms': 19256},,,चिड़िया,1
473325,1749946977,ai.elimu.filamu,,,,चिड़िया,1
473326,1749947028,ai.elimu.filamu,{'video_playback_position_ms': 32931},,,चिड़िया,1
473327,1749947076,ai.elimu.filamu,,,,चिड़िया,1
473328,1749947103,ai.elimu.filamu,{'video_playback_position_ms': 55758},,,चिड़िया,1
473329,1749947124,ai.elimu.filamu,,,,चिड़िया,1
473330,1749947159,ai.elimu.filamu,{'video_playback_position_ms': 54699},,,चिड़िया,1
473361,1750032180,ai.elimu.filamu,,,,चिड़िया,1
473362,1750032197,ai.elimu.filamu,{'video_playback_position_ms': 43302},,,चिड़िया,1
473363,1750032313,ai.elimu.filamu,,,,चिड़िया,1
473364,1750032348,ai.elimu.filamu,{'video_playback_position_ms': 59889},,,चिड़िया,1
473365,1750032398,ai.elimu.filamu,,,,चिड़िया,1
473366,1750032420,ai.elimu.filamu,{'video_playback_position_ms': 31059},,,चिड़िया,1
473367,1750032456,ai.elimu.filamu,,,,चिड़िया,1
473368,1750032472,ai.elimu.filamu,{'video_playback_position_ms': 24432},,,चिड़िया,1
473369,1750032536,ai.elimu.filamu,,,,चिड़िया,1
473370,1750032565,ai.elimu.filamu,{'video_playback_position_ms': 22523},,,चिड़िया,1
473371,1750032675,ai.elimu.filamu,,,,चिड़िया,1
473372,1750032703,ai.elimu.filamu,{'video_playback_position_ms': 18847},,,चिड़िया,1
473373,1750032718,ai.elimu.filamu,,,,चिड़िया,1
473374,1750032775,ai.elimu.filamu,{'video_playback_position_ms': 20361},,,चिड़िया,1
473419,1750121432,ai.elimu.filamu,,,,चिड़िया,1
473420,1750121482,ai.elimu.filamu,{'video_playback_position_ms': 38699},,,चिड़िया,1
473421,1750121504,ai.elimu.filamu,,,,चिड़िया,1
473422,1750121518,ai.elimu.filamu,{'video_playback_position_ms': 3378},,,चिड़िया,1
473423,1750121608,ai.elimu.filamu,,,,चिड़िया,1
473424,1750121626,ai.elimu.filamu,{'video_playback_position_ms': 22392},,,चिड़िया,1
473425,1750121724,ai.elimu.filamu,,,,चिड़िया,1
473426,1750121729,ai.elimu.filamu,{'video_playback_position_ms': 17828},,,चिड़िया,1
473427,1750121791,ai.elimu.filamu,,,,चिड़िया,1
473428,1750121800,ai.elimu.filamu,{'video_playback_position_ms': 13816},,,चिड़िया,1
473429,1750121902,ai.elimu.filamu,,,,चिड़िया,1
473430,1750121919,ai.elimu.filamu,{'video_playback_position_ms': 21041},,,चिड़िया,1
473431,1750121939,ai.elimu.filamu,,,,चिड़िया,1
473432,1750121967,ai.elimu.filamu,{'video_playback_position_ms': 52143},,,चिड़िया,1
473433,1750121994,ai.elimu.filamu,,,,चिड़िया,1
473434,1750122007,ai.elimu.filamu,{'video_playback_position_ms': 52155},,,चिड़िया,1
473435,1750122120,ai.elimu.filamu,,,,चिड़िया,1
473436,1750122153,ai.elimu.filamu,{'video_playback_position_ms': 35308},,,चिड़िया,1
473437,1750122172,ai.elimu.filamu,,,,चिड़िया,1
473438,1750122182,ai.elimu.filamu,{'video_playback_position_ms': 14390},,,चिड़िया,1
473439,1750122285,ai.elimu.filamu,,,,चिड़िया,1
473440,1750122304,ai.elimu.filamu,{'video_playback_position_ms': 18772},,,चिड़िया,1
473441,1750122396,ai.elimu.filamu,,,,चिड़िया,1
473442,1750122419,ai.elimu.filamu,{'video_playback_position_ms': 54935},,,चिड़िया,1
473443,1750122446,ai.elimu.filamu,,,,चिड़िया,1
473444,1750122465,ai.elimu.filamu,{'video_playback_position_ms': 51688},,,चिड़िया,1
473445,1750122576,ai.elimu.filamu,,,,चिड़िया,1
473446,1750122624,ai.elimu.filamu,{'video_playback_position_ms': 35485},,,चिड़िया,1
473447,1750122743,ai.elimu.filamu,,,,चिड़िया,1
473448,1750122767,ai.elimu.filamu,{'video_playback_position_ms': 11479},,,चिड़िया,1
473449,1750122786,ai.elimu.filamu,,,,चिड़िया,1
473450,1750122842,ai.elimu.filamu,{'video_playback_position_ms': 31279},,,चिड़िया,1
473451,1750122911,ai.elimu.filamu,,,,चिड़िया,1
473452,1750122957,ai.elimu.filamu,{'video_playback_position_ms': 2391},,,चिड़िया,1
473453,1750123006,ai.elimu.filamu,,,,चिड़िया,1
473454,1750123020,ai.elimu.filamu,{'video_playback_position_ms': 15477},,,चिड़िया,1
473455,1750123058,ai.elimu.filamu,,,,चिड़िया,1
473456,1750123068,ai.elimu.filamu,{'video_playback_position_ms': 46416},,,चिड़िया,1
473489,1750206451,ai.elimu.filamu,,,,चिड़िया,1
473490,1750206506,ai.elimu.filamu,{'video_playback_position_ms': 23229},,,चिड़िया,1
473565,1750377672,ai.elimu.filamu,,,,चिड़िया,1
473566,1750377674,ai.elimu.filamu,{'video_playback_position_ms': 43411},,,चिड़िया,1
473567,1750377714,ai.elimu.filamu,,,,चिड़िया,1
473568,1750377769,ai.elimu.filamu,{'video_playback_position_ms': 56848},,,चिड़िया,1
473569,1750377817,ai.elimu.filamu,,,,चिड़िया,1
473570,1750377847,ai.elimu.filamu,{'video_playback_position_ms': 21447},,,चिड़िया,1
473571,1750377916,ai.elimu.filamu,,,,चिड़िया,1
473572,1750377934,ai.elimu.filamu,{'video_playback_position_ms': 14756},,,चिड़िया,1
473573,1750378000,ai.elimu.filamu,,,,चिड़िया,1
473574,1750378018,ai.elimu.filamu,{'video_playback_position_ms': 51525},,,चिड़िया,1
473575,1750378046,ai.elimu.filamu,,,,चिड़िया,1
473576,1750378089,ai.elimu.filamu,{'video_playback_position_ms': 15828},,,चिड़िया,1
473577,1750378132,ai.elimu.filamu,,,,चिड़िया,1
473578,1750378163,ai.elimu.filamu,{'video_playback_position_ms': 52272},,,चिड़िया,1
473579,1750378237,ai.elimu.filamu,,,,चिड़िया,1
473580,1750378281,ai.elimu.filamu,{'video_playback_position_ms': 30017},,,चिड़िया,1
473581,1750378345,ai.elimu.filamu,,,,चिड़िया,1
473582,1750378392,ai.elimu.filamu,{'video_playback_position_ms': 21526},,,चिड़िया,1
473583,1750378447,ai.elimu.filamu,,,,चिड़िया,1
473584,1750378453,ai.elimu.filamu,{'video_playback_position_ms': 5531},,,चिड़िया,1
473585,1750378496,ai.elimu.filamu,,,,चिड़िया,1
473586,1750378526,ai.elimu.filamu,{'video_playback_position_ms': 12687},,,चिड़िया,1
473587,1750378643,ai.elimu.filamu,,,,चिड़िया,1
473588,1750378680,ai.elimu.filamu,{'video_playback_position_ms': 12922},,,चिड़िया,1
473589,1750378741,ai.elimu.filamu,,,,चिड़िया,1
473590,1750378769,ai.elimu.filamu,{'video_playback_position_ms': 38999},,,चिड़िया,1
473591,1750378801,ai.elimu.filamu,,,,चिड़िया,1
473592,1750378846,ai.elimu.filamu,{'video_playback_position_ms': 30624},,,चिड़िया,1
473593,1750378929,ai.elimu.filamu,,,,चिड़िया,1
473594,1750378962,ai.elimu.filamu,{'video_playback_position_ms': 14280},,,चिड़िया,1
473599,1750463009,ai.elimu.filamu,,,,चिड़िया,1
473600,1750463060,ai.elimu.filamu,{'video_playback_position_ms': 4711},,,चिड़िया,1
473601,1750463131,ai.elimu.filamu,,,,चिड़िया,1
473602,1750463144,ai.elimu.filamu,{'video_playback_position_ms': 29360},,,चिड़िया,1
473603,1750463220,ai.elimu.filamu,,,,चिड़िया,1
473604,1750463251,ai.elimu.filamu,{'video_playback_position_ms': 32712},,,चिड़िया,1
473605,1750463281,ai.elimu.filamu,,,,चिड़िया,1
473606,1750463284,ai.elimu.filamu,{'video_playback_position_ms': 45662},,,चिड़िया,1
473607,1750463403,ai.elimu.filamu,,,,चिड़िया,1
473608,1750463446,ai.elimu.filamu,{'video_playback_position_ms': 12462},,,चिड़िया,1
473609,1750463496,ai.elimu.filamu,,,,चिड़िया,1
473610,1750463555,ai.elimu.filamu,{'video_playback_position_ms': 6379},,,चिड़िया,1
473611,1750463635,ai.elimu.filamu,,,,चिड़िया,1
473612,1750463684,ai.elimu.filamu,{'video_playback_position_ms': 32889},,,चिड़िया,1
473613,1750463733,ai.elimu.filamu,,,,चिड़िया,1
473614,1750463748,ai.elimu.filamu,{'video_playback_position_ms': 58931},,,चिड़िया,1
473615,1750463777,ai.elimu.filamu,,,,चिड़िया,1
473616,1750463812,ai.elimu.filamu,{'video_playback_position_ms': 8084},,,चिड़िया,1
473645,1750550176,ai.elimu.filamu,,,,चिड़िया,1
473646,1750550188,ai.elimu.filamu,{'video_playback_position_ms': 4161},,,चिड़िया,1
473647,1750550287,ai.elimu.filamu,,,,चिड़िया,1
473648,1750550307,ai.elimu.filamu,{'video_playback_position_ms': 52049},,,चिड़िया,1
473649,1750550388,ai.elimu.filamu,,,,चिड़िया,1
473650,1750550419,ai.elimu.filamu,{'video_playback_position_ms': 33344},,,चिड़िया,1
473651,1750550515,ai.elimu.filamu,,,,चिड़िया,1
473652,1750550524,ai.elimu.filamu,{'video_playback_position_ms': 3966},,,चिड़िया,1
473653,1750550570,ai.elimu.filamu,,,,चिड़िया,1
473654,1750550582,ai.elimu.filamu,{'video_playback_position_ms': 1026},,,चिड़िया,1
473655,1750550598,ai.elimu.filamu,,,,चिड़िया,1
473656,1750550611,ai.elimu.filamu,{'video_playback_position_ms': 29214},,,चिड़िया,1
473657,1750550725,ai.elimu.filamu,,,,चिड़िया,1
473658,1750550750,ai.elimu.filamu,{'video_playback_position_ms': 42780},,,चिड़िया,1
473659,1750550773,ai.elimu.filamu,,,,चिड़िया,1
473660,1750550824,ai.elimu.filamu,{'video_playback_position_ms': 44914},,,चिड़िया,1
473661,1750550908,ai.elimu.filamu,,,,चिड़िया,1
473662,1750550927,ai.elimu.filamu,{'video_playback_position_ms': 40913},,,चिड़िया,1
473663,1750550978,ai.elimu.filamu,,,,चिड़िया,1
473664,1750550997,ai.elimu.filamu,{'video_playback_position_ms': 51022},,,चिड़िया,1
473665,1750551105,ai.elimu.filamu,,,,चिड़िया,1
473666,1750551140,ai.elimu.filamu,{'video_playback_position_ms': 49925},,,चिड़िया,1
473667,1750551187,ai.elimu.filamu,,,,चिड़िया,1
473668,1750551194,ai.elimu.filamu,{'video_playback_position_ms': 40501},,,चिड़िया,1
473669,1750551270,ai.elimu.filamu,,,,चिड़िया,1
473670,1750551298,ai.elimu.filamu,{'video_playback_position_ms': 15655},,,चिड़िया,1
473671,1750551409,ai.elimu.filamu,,,,चिड़िया,1
473672,1750551464,ai.elimu.filamu,{'video_playback_position_ms': 57620},,,चिड़िया,1
473673,1750551487,ai.elimu.filamu,,,,चिड़िया,1
473674,1750551526,ai.elimu.filamu,{'video_playback_position_ms': 8419},,,चिड़िया,1
473675,1750551620,ai.elimu.filamu,,,,चिड़िया,1
473676,1750551624,ai.elimu.filamu,{'video_playback_position_ms': 18519},,,चिड़िया,1
473677,1750551703,ai.elimu.filamu,,,,चिड़िया,1
473678,1750551705,ai.elimu.filamu,{'video_playback_position_ms': 11367},,,चिड़िया,1
473679,1750551781,ai.elimu.filamu,,,,चिड़िया,1
473680,1750551831,ai.elimu.filamu,{'video_playback_position_ms': 4075},,,चिड़िया,1
473681,1750551875,ai.elimu.filamu,,,,चिड़िया,1
473682,1750551887,ai.elimu.filamu,{'video_playback_position_ms': 7537},,,चिड़िया,1
473703,1750636904,ai.elimu.filamu,,,,चिड़िया,1
473704,1750636930,ai.elimu.filamu,{'video_playback_position_ms': 17090},,,चिड़िया,1
473705,1750637035,ai.elimu.filamu,,,,चिड़िया,1
473706,1750637086,ai.elimu.filamu,{'video_playback_position_ms': 11255},,,चिड़िया,1
473707,1750637146,ai.elimu.filamu,,,,चिड़िया,1
473708,1750637192,ai.elimu.filamu,{'video_playback_position_ms': 55775},,,चिड़िया,1
473745,1750722473,ai.elimu.filamu,,,,चिड़िया,1
473746,1750722515,ai.elimu.filamu,{'video_playback_position_ms': 20599},,,चिड़िया,1
473747,1750722584,ai.elimu.filamu,,,,चिड़िया,1
473748,1750722642,ai.elimu.filamu,{'video_playback_position_ms': 12311},,,चिड़िया,1
473749,1750722710,ai.elimu.filamu,,,,चिड़िया,1
473750,1750722733,ai.elimu.filamu,{'video_playback_position_ms': 17072},,,चिड़िया,1
473751,1750722795,ai.elimu.filamu,,,,चिड़िया,1
473752,1750722848,ai.elimu.filamu,{'video_playback_position_ms': 23860},,,चिड़िया,1
473753,1750722926,ai.elimu.filamu,,,,चिड़िया,1
473754,1750722954,ai.elimu.filamu,{'video_playback_position_ms': 52395},,,चिड़िया,1
473755,1750722997,ai.elimu.filamu,,,,चिड़िया,1
473756,1750723045,ai.elimu.filamu,{'video_playback_position_ms': 34179},,,चिड़िया,1
473799,1750810395,ai.elimu.filamu,,,,चिड़िया,1
473800,1750810449,ai.elimu.filamu,{'video_playback_position_ms': 10072},,,चिड़िया,1
473801,1750810474,ai.elimu.filamu,,,,चिड़िया,1
473802,1750810481,ai.elimu.filamu,{'video_playback_position_ms': 12775},,,चिड़िया,1
473803,1750810500,ai.elimu.filamu,,,,चिड़िया,1
473804,1750810523,ai.elimu.filamu,{'video_playback_position_ms': 7015},,,चिड़िया,1
473805,1750810611,ai.elimu.filamu,,,,चिड़िया,1
473806,1750810632,ai.elimu.filamu,{'video_playback_position_ms': 45646},,,चिड़िया,1
473807,1750810710,ai.elimu.filamu,,,,चिड़िया,1
473808,1750810725,ai.elimu.filamu,{'video_playback_position_ms': 9723},,,चिड़िया,1
473809,1750810821,ai.elimu.filamu,,,,चिड़िया,1
473810,1750810855,ai.elimu.filamu,{'video_playback_position_ms': 40341},,,चिड़िया,1
473811,1750810876,ai.elimu.filamu,,,,चिड़िया,1
473812,1750810911,ai.elimu.filamu,{'video_playback_position_ms': 53963},,,चिड़िया,1
473813,1750810954,ai.elimu.filamu,,,,चिड़िया,1
473814,1750810997,ai.elimu.filamu,{'video_playback_position_ms': 1135},,,चिड़िया,1
473815,1750811108,ai.elimu.filamu,,,,चिड़िया,1
473816,1750811117,ai.elimu.filamu,{'video_playback_position_ms': 13232},,,चिड़िया,1
473817,1750811217,ai.elimu.filamu,,,,चिड़िया,1
473818,1750811245,ai.elimu.filamu,{'video_playback_position_ms': 58597},,,चिड़िया,1
473819,1750811340,ai.elimu.filamu,,,,चिड़िया,1
473820,1750811362,ai.elimu.filamu,{'video_playback_position_ms': 22633},,,चिड़िया,1
473821,1750811390,ai.elimu.filamu,,,,चिड़िया,1
473822,1750811404,ai.elimu.filamu,{'video_playback_position_ms': 11673},,,चिड़िया,1
473823,1750811492,ai.elimu.filamu,,,,चिड़िया,1
473824,1750811502,ai.elimu.filamu,{'video_playback_position_ms': 5488},,,चिड़िया,1
473903,1751069334,ai.elimu.filamu,,,,चिड़िया,1
473904,1751069368,ai.elimu.filamu,{'video_playback_position_ms': 45258},,,चिड़िया,1
473905,1751069396,ai.elimu.filamu,,,,चिड़िया,1
473906,1751069413,ai.elimu.filamu,{'video_playback_position_ms': 13957},,,चिड़िया,1
473907,1751069531,ai.elimu.filamu,,,,चिड़िया,1
473908,1751069556,ai.elimu.filamu,{'video_playback_position_ms': 44595},,,चिड़िया,1
473909,1751069572,ai.elimu.filamu,,,,चिड़िया,1
473910,1751069619,ai.elimu.filamu,{'video_playback_position_ms': 25417},,,चिड़िया,1
473911,1751069659,ai.elimu.filamu,,,,चिड़िया,1
473912,1751069680,ai.elimu.filamu,{'video_playback_position_ms': 14302},,,चिड़िया,1
473913,1751069768,ai.elimu.filamu,,,,चिड़िया,1
473914,1751069794,ai.elimu.filamu,{'video_playback_position_ms': 25291},,,चिड़िया,1
473915,1751069816,ai.elimu.filamu,,,,चिड़िया,1
473916,1751069833,ai.elimu.filamu,{'video_playback_position_ms': 47908},,,चिड़िया,1
473917,1751069874,ai.elimu.filamu,,,,चिड़िया,1
473918,1751069919,ai.elimu.filamu,{'video_playback_position_ms': 40009},,,चिड़िया,1
473919,1751069976,ai.elimu.filamu,,,,चिड़िया,1
473920,1751070021,ai.elimu.filamu,{'video_playback_position_ms': 37351},,,चिड़िया,1
473921,1751070051,ai.elimu.filamu,,,,चिड़िया,1
473922,1751070054,ai.elimu.filamu,{'video_playback_position_ms': 8146},,,चिड़िया,1
473923,1751070116,ai.elimu.filamu,,,,चिड़िया,1
473924,1751070140,ai.elimu.filamu,{'video_playback_position_ms': 26131},,,चिड़िया,1
473931,1751157170,ai.elimu.filamu,,,,चिड़िया,1
473932,1751157229,ai.elimu.filamu,{'video_playback_position_ms': 39244},,,चिड़िया,1
473933,1751157303,ai.elimu.filamu,,,,चिड़िया,1
473934,1751157311,ai.elimu.filamu,{'video_playback_position_ms': 25336},,,चिड़िया,1
473935,1751157342,ai.elimu.filamu,,,,चिड़िया,1
473936,1751157357,ai.elimu.filamu,{'video_playback_position_ms': 7879},,,चिड़िया,1
473937,1751157413,ai.elimu.filamu,,,,चिड़िया,1
473938,1751157468,ai.elimu.filamu,{'video_playback_position_ms': 28572},,,चिड़िया,1
473939,1751157537,ai.elimu.filamu,,,,चिड़िया,1
473940,1751157547,ai.elimu.filamu,{'video_playback_position_ms': 34527},,,चिड़िया,1
473941,1751157622,ai.elimu.filamu,,,,चिड़िया,1
473942,1751157667,ai.elimu.filamu,{'video_playback_position_ms': 51721},,,चिड़िया,1
473943,1751157736,ai.elimu.filamu,,,,चिड़िया,1
473944,1751157765,ai.elimu.filamu,{'video_playback_position_ms': 3225},,,चिड़िया,1
473945,1751157823,ai.elimu.filamu,,,,चिड़िया,1
473946,1751157827,ai.elimu.filamu,{'video_playback_position_ms': 47686},,,चिड़िया,1
473947,1751157893,ai.elimu.filamu,,,,चिड़िया,1
473948,1751157917,ai.elimu.filamu,{'video_playback_position_ms': 43894},,,चिड़िया,1
473949,1751157995,ai.elimu.filamu,,,,चिड़िया,1
473950,1751158014,ai.elimu.filamu,{'video_playback_position_ms': 10321},,,चिड़िया,1
473951,1751158125,ai.elimu.filamu,,,,चिड़िया,1
473952,1751158132,ai.elimu.filamu,{'video_playback_position_ms': 16569},,,चिड़िया,1
473953,1751158215,ai.elimu.filamu,,,,चिड़िया,1
473954,1751158228,ai.elimu.filamu,{'video_playback_position_ms': 55928},,,चिड़िया,1
473955,1751158294,ai.elimu.filamu,,,,चिड़िया,1
473956,1751158338,ai.elimu.filamu,{'video_playback_position_ms': 10982},,,चिड़िया,1
473957,1751158413,ai.elimu.filamu,,,,चिड़िया,1
473958,1751158423,ai.elimu.filamu,{'video_playback_position_ms': 49868},,,चिड़िया,1
473959,1751158530,ai.elimu.filamu,,,,चिड़िया,1
473960,1751158547,ai.elimu.filamu,{'video_playback_position_ms': 10980},,,चिड़िया,1
473961,1751158564,ai.elimu.filamu,,,,चिड़िया,1
473962,1751158588,ai.elimu.filamu,{'video_playback_position_ms': 57666},,,चिड़िया,1
473993,1751241362,ai.elimu.filamu,,,,चिड़िया,1
473994,1751241382,ai.elimu.filamu,{'video_playback_position_ms': 55135},,,चिड़िया,1
473995,1751241458,ai.elimu.filamu,,,,चिड़िया,1
473996,1751241470,ai.elimu.filamu,{'video_playback_position_ms': 9044},,,चिड़िया,1
473997,1751241515,ai.elimu.filamu,,,,चिड़िया,1
473998,1751241568,ai.elimu.filamu,{'video_playback_position_ms': 9477},,,चिड़िया,1
473999,1751241618,ai.elimu.filamu,,,,चिड़िया,1
474000,1751241657,ai.elimu.filamu,{'video_playback_position_ms': 13979},,,चिड़िया,1
474001,1751241731,ai.elimu.filamu,,,,चिड़िया,1
474002,1751241745,ai.elimu.filamu,{'video_playback_position_ms': 2927},,,चिड़िया,1
474003,1751241849,ai.elimu.filamu,,,,चिड़िया,1
474004,1751241888,ai.elimu.filamu,{'video_playback_position_ms': 46273},,,चिड़िया,1
474005,1751241967,ai.elimu.filamu,,,,चिड़िया,1
474006,1751242025,ai.elimu.filamu,{'video_playback_position_ms': 24840},,,चिड़िया,1
474007,1751242050,ai.elimu.filamu,,,,चिड़िया,1
474008,1751242107,ai.elimu.filamu,{'video_playback_position_ms': 18753},,,चिड़िया,1
474009,1751242167,ai.elimu.filamu,,,,चिड़िया,1
474010,1751242201,ai.elimu.filamu,{'video_playback_position_ms': 14718},,,चिड़िया,1
474011,1751242310,ai.elimu.filamu,,,,चिड़िया,1
474012,1751242336,ai.elimu.filamu,{'video_playback_position_ms': 21532},,,चिड़िया,1
474013,1751242408,ai.elimu.filamu,,,,चिड़िया,1
474014,1751242461,ai.elimu.filamu,{'video_playback_position_ms': 2351},,,चिड़िया,1
474015,1751242501,ai.elimu.filamu,,,,चिड़िया,1
474016,1751242527,ai.elimu.filamu,{'video_playback_position_ms': 57839},,,चिड़िया,1
474035,1751414403,ai.elimu.filamu,,,,चिड़िया,1
474036,1751414410,ai.elimu.filamu,{'video_playback_position_ms': 14525},,,चिड़िया,1
474037,1751414474,ai.elimu.filamu,,,,चिड़िया,1
474038,1751414476,ai.elimu.filamu,{'video_playback_position_ms': 47202},,,चिड़िया,1
474039,1751414532,ai.elimu.filamu,,,,चिड़िया,1
474040,1751414542,ai.elimu.filamu,{'video_playback_position_ms': 36601},,,चिड़िया,1
474041,1751414643,ai.elimu.filamu,,,,चिड़िया,1
474042,1751414647,ai.elimu.filamu,{'video_playback_position_ms': 38077},,,चिड़िया,1
474043,1751414740,ai.elimu.filamu,,,,चिड़िया,1
474044,1751414772,ai.elimu.filamu,{'video_playback_position_ms': 29741},,,चिड़िया,1
474045,1751414864,ai.elimu.filamu,,,,चिड़िया,1
474046,1751414882,ai.elimu.filamu,{'video_playback_position_ms': 2379},,,चिड़िया,1
474047,1751414970,ai.elimu.filamu,,,,चिड़िया,1
474048,1751415009,ai.elimu.filamu,{'video_playback_position_ms': 29671},,,चिड़िया,1
474049,1751415126,ai.elimu.filamu,,,,चिड़िया,1
474050,1751415159,ai.elimu.filamu,{'video_playback_position_ms': 50019},,,चिड़िया,1
474095,1751502477,ai.elimu.filamu,,,,चिड़िया,1
474096,1751502523,ai.elimu.filamu,{'video_playback_position_ms': 1286},,,चिड़िया,1
474097,1751502561,ai.elimu.filamu,,,,चिड़िया,1
474098,1751502568,ai.elimu.filamu,{'video_playback_position_ms': 1569},,,चिड़िया,1
474099,1751502607,ai.elimu.filamu,,,,चिड़िया,1
474100,1751502648,ai.elimu.filamu,{'video_playback_position_ms': 34695},,,चिड़िया,1
474101,1751502697,ai.elimu.filamu,,,,चिड़िया,1
474102,1751502721,ai.elimu.filamu,{'video_playback_position_ms': 45057},,,चिड़िया,1
474103,1751502834,ai.elimu.filamu,,,,चिड़िया,1
474104,1751502844,ai.elimu.filamu,{'video_playback_position_ms': 48413},,,चिड़िया,1
474105,1751502865,ai.elimu.filamu,,,,चिड़िया,1
474106,1751502915,ai.elimu.filamu,{'video_playback_position_ms': 13149},,,चिड़िया,1
474107,1751502978,ai.elimu.filamu,,,,चिड़िया,1
474108,1751503007,ai.elimu.filamu,{'video_playback_position_ms': 55973},,,चिड़िया,1
474137,1751589220,ai.elimu.filamu,,,,चिड़िया,1
474138,1751589276,ai.elimu.filamu,{'video_playback_position_ms': 11675},,,चिड़िया,1
474139,1751589310,ai.elimu.filamu,,,,चिड़िया,1
474140,1751589334,ai.elimu.filamu,{'video_playback_position_ms': 2811},,,चिड़िया,1
474177,1751673539,ai.elimu.filamu,,,,चिड़िया,1
474178,1751673546,ai.elimu.filamu,{'video_playback_position_ms': 41857},,,चिड़िया,1
474179,1751673574,ai.elimu.filamu,,,,चिड़िया,1
474180,1751673625,ai.elimu.filamu,{'video_playback_position_ms': 17387},,,चिड़िया,1
474181,1751673719,ai.elimu.filamu,,,,चिड़िया,1
474182,1751673722,ai.elimu.filamu,{'video_playback_position_ms': 6226},,,चिड़िया,1
474183,1751673796,ai.elimu.filamu,,,,चिड़िया,1
474184,1751673835,ai.elimu.filamu,{'video_playback_position_ms': 34312},,,चिड़िया,1
474185,1751673951,ai.elimu.filamu,,,,चिड़िया,1
474186,1751673977,ai.elimu.filamu,{'video_playback_position_ms': 33718},,,चिड़िया,1
474187,1751674082,ai.elimu.filamu,,,,चिड़िया,1
474188,1751674133,ai.elimu.filamu,{'video_playback_position_ms': 57480},,,चिड़िया,1
474189,1751674209,ai.elimu.filamu,,,,चिड़िया,1
474190,1751674246,ai.elimu.filamu,{'video_playback_position_ms': 1682},,,चिड़िया,1
474229,1751758751,ai.elimu.filamu,,,,चिड़िया,1
474230,1751758803,ai.elimu.filamu,{'video_playback_position_ms': 45756},,,चिड़िया,1
474231,1751758892,ai.elimu.filamu,,,,चिड़िया,1
474232,1751758946,ai.elimu.filamu,{'video_playback_position_ms': 39837},,,चिड़िया,1
474233,1751759010,ai.elimu.filamu,,,,चिड़िया,1
474234,1751759049,ai.elimu.filamu,{'video_playback_position_ms': 47279},,,चिड़िया,1
474235,1751759095,ai.elimu.filamu,,,,चिड़िया,1
474236,1751759152,ai.elimu.filamu,{'video_playback_position_ms': 7908},,,चिड़िया,1
474237,1751759233,ai.elimu.filamu,,,,चिड़िया,1
474238,1751759257,ai.elimu.filamu,{'video_playback_position_ms': 2382},,,चिड़िया,1
474239,1751759293,ai.elimu.filamu,,,,चिड़िया,1
474240,1751759304,ai.elimu.filamu,{'video_playback_position_ms': 21872},,,चिड़िया,1
474241,1751759417,ai.elimu.filamu,,,,चिड़िया,1
474242,1751759438,ai.elimu.filamu,{'video_playback_position_ms': 15231},,,चिड़िया,1
474243,1751759492,ai.elimu.filamu,,,,चिड़िया,1
474244,1751759505,ai.elimu.filamu,{'video_playback_position_ms': 59479},,,चिड़िया,1
474245,1751759569,ai.elimu.filamu,,,,चिड़िया,1
474246,1751759583,ai.elimu.filamu,{'video_playback_position_ms': 12021},,,चिड़िया,1
474247,1751759657,ai.elimu.filamu,,,,चिड़िया,1
474248,1751759671,ai.elimu.filamu,{'video_playback_position_ms': 40991},,,चिड़िया,1
474249,1751759729,ai.elimu.filamu,,,,चिड़िया,1
474250,1751759780,ai.elimu.filamu,{'video_playback_position_ms': 6685},,,चिड़िया,1
474251,1751759845,ai.elimu.filamu,,,,चिड़िया,1
474252,1751759849,ai.elimu.filamu,{'video_playback_position_ms': 46219},,,चिड़िया,1
474253,1751759949,ai.elimu.filamu,,,,चिड़िया,1
474254,1751759998,ai.elimu.filamu,{'video_playback_position_ms': 47117},,,चिड़िया,1
474255,1751760074,ai.elimu.filamu,,,,चिड़िया,1
474256,1751760119,ai.elimu.filamu,{'video_playback_position_ms': 49533},,,चिड़िया,1
474353,1751933510,ai.elimu.filamu,,,,चिड़िया,1
474354,1751933564,ai.elimu.filamu,{'video_playback_position_ms': 23345},,,चिड़िया,1
474355,1751933649,ai.elimu.filamu,,,,चिड़िया,1
474356,1751933670,ai.elimu.filamu,{'video_playback_position_ms': 17006},,,चिड़िया,1
474357,1751933740,ai.elimu.filamu,,,,चिड़िया,1
474358,1751933779,ai.elimu.filamu,{'video_playback_position_ms': 49594},,,चिड़िया,1
474359,1751933825,ai.elimu.filamu,,,,चिड़िया,1
474360,1751933834,ai.elimu.filamu,{'video_playback_position_ms': 17684},,,चिड़िया,1
474361,1751933877,ai.elimu.filamu,,,,चिड़िया,1
474362,1751933892,ai.elimu.filamu,{'video_playback_position_ms': 59593},,,चिड़िया,1
474363,1751934006,ai.elimu.filamu,,,,चिड़िया,1
474364,1751934034,ai.elimu.filamu,{'video_playback_position_ms': 45047},,,चिड़िया,1
474365,1751934105,ai.elimu.filamu,,,,चिड़िया,1
474366,1751934159,ai.elimu.filamu,{'video_playback_position_ms': 56930},,,चिड़िया,1
474367,1751934258,ai.elimu.filamu,,,,चिड़िया,1
474368,1751934272,ai.elimu.filamu,{'video_playback_position_ms': 11304},,,चिड़िया,1
474421,1751939188,ai.elimu.filamu,,,,चिड़िया,1
474422,1751939247,ai.elimu.filamu,{'video_playback_position_ms': 52049},,,चिड़िया,1
474423,1751939360,ai.elimu.filamu,,,,चिड़िया,1
474424,1751939389,ai.elimu.filamu,{'video_playback_position_ms': 42641},,,चिड़िया,1
474425,1751939458,ai.elimu.filamu,,,,चिड़िया,1
474426,1751939472,ai.elimu.filamu,{'video_playback_position_ms': 8934},,,चिड़िया,1
474427,1751939570,ai.elimu.filamu,,,,चिड़िया,1
474428,1751939575,ai.elimu.filamu,{'video_playback_position_ms': 16602},,,चिड़िया,1
474429,1751939655,ai.elimu.filamu,,,,चिड़िया,1
474430,1751939669,ai.elimu.filamu,{'video_playback_position_ms': 14817},,,चिड़िया,1
474431,1751939742,ai.elimu.filamu,,,,चिड़िया,1
474432,1751939773,ai.elimu.filamu,{'video_playback_position_ms': 59271},,,चिड़िया,1
474433,1751939789,ai.elimu.filamu,,,,चिड़िया,1
474434,1751939844,ai.elimu.filamu,{'video_playback_position_ms': 22293},,,चिड़िया,1
474435,1751939907,ai.elimu.filamu,,,,चिड़िया,1
474436,1751939964,ai.elimu.filamu,{'video_playback_position_ms': 35101},,,चिड़िया,1
474437,1751940006,ai.elimu.filamu,,,,चिड़िया,1
474438,1751940065,ai.elimu.filamu,{'video_playback_position_ms': 32505},,,चिड़िया,1
474439,1751940085,ai.elimu.filamu,,,,चिड़िया,1
474440,1751940099,ai.elimu.filamu,{'video_playback_position_ms': 39438},,,चिड़िया,1
474441,1751940114,ai.elimu.filamu,,,,चिड़िया,1
474442,1751940146,ai.elimu.filamu,{'video_playback_position_ms': 52932},,,चिड़िया,1
474443,1751940224,ai.elimu.filamu,,,,चिड़िया,1
474444,1751940242,ai.elimu.filamu,{'video_playback_position_ms': 22594},,,चिड़िया,1
474445,1751940309,ai.elimu.filamu,,,,चिड़िया,1
474446,1751940361,ai.elimu.filamu,{'video_playback_position_ms': 36383},,,चिड़िया,1
474447,1751940387,ai.elimu.filamu,,,,चिड़िया,1
474448,1751940391,ai.elimu.filamu,{'video_playback_position_ms': 57547},,,चिड़िया,1
474449,1751940456,ai.elimu.filamu,,,,चिड़िया,1
474450,1751940482,ai.elimu.filamu,{'video_playback_position_ms': 32397},,,चिड़िया,1
474451,1751940503,ai.elimu.filamu,,,,चिड़िया,1
474452,1751940534,ai.elimu.filamu,{'video_playback_position_ms': 3791},,,चिड़िया,1
474453,1751940557,ai.elimu.filamu,,,,चिड़िया,1
474454,1751940562,ai.elimu.filamu,{'video_playback_position_ms': 37586},,,चिड़िया,1
474455,1752021433,ai.elimu.filamu,,,,चिड़िया,1
474456,1752021437,ai.elimu.filamu,{'video_playback_position_ms': 49657},,,चिड़िया,1
474457,1752021463,ai.elimu.filamu,,,,चिड़िया,1
474458,1752021518,ai.elimu.filamu,{'video_playback_position_ms': 53667},,,चिड़िया,1
474459,1752021576,ai.elimu.filamu,,,,चिड़िया,1
474460,1752021597,ai.elimu.filamu,{'video_playback_position_ms': 7316},,,चिड़िया,1
474461,1752021660,ai.elimu.filamu,,,,चिड़िया,1
474462,1752021702,ai.elimu.filamu,{'video_playback_position_ms': 18900},,,चिड़िया,1
474463,1752021768,ai.elimu.filamu,,,,चिड़िया,1
474464,1752021795,ai.elimu.filamu,{'video_playback_position_ms': 54968},,,चिड़िया,1
474465,1752021841,ai.elimu.filamu,,,,चिड़िया,1
474466,1752021901,ai.elimu.filamu,{'video_playback_position_ms': 26877},,,चिड़िया,1
474467,1752021973,ai.elimu.filamu,,,,चिड़िया,1
474468,1752021975,ai.elimu.filamu,{'video_playback_position_ms': 8615},,,चिड़िया,1
474469,1752022084,ai.elimu.filamu,,,,चिड़िया,1
474470,1752022123,ai.elimu.filamu,{'video_playback_position_ms': 10957},,,चिड़िया,1
474471,1752022151,ai.elimu.filamu,,,,चिड़िया,1
474472,1752022156,ai.elimu.filamu,{'video_playback_position_ms': 21419},,,चिड़िया,1
474473,1752022268,ai.elimu.filamu,,,,चिड़िया,1
474474,1752022280,ai.elimu.filamu,{'video_playback_position_ms': 39536},,,चिड़िया,1
474475,1752022304,ai.elimu.filamu,,,,चिड़िया,1
474476,1752022309,ai.elimu.filamu,{'video_playback_position_ms': 26517},,,चिड़िया,1
474477,1752022351,ai.elimu.filamu,,,,चिड़िया,1
474478,1752022367,ai.elimu.filamu,{'video_playback_position_ms': 13176},,,चिड़िया,1
474489,1752105702,ai.elimu.filamu,,,,चिड़िया,1
474490,1752105758,ai.elimu.filamu,{'video_playback_position_ms': 8970},,,चिड़िया,1
474491,1752105858,ai.elimu.filamu,,,,चिड़िया,1
474492,1752105893,ai.elimu.filamu,{'video_playback_position_ms': 46156},,,चिड़िया,1
474493,1752105979,ai.elimu.filamu,,,,चिड़िया,1
474494,1752106026,ai.elimu.filamu,{'video_playback_position_ms': 13756},,,चिड़िया,1
474495,1752106090,ai.elimu.filamu,,,,चिड़िया,1
474496,1752106145,ai.elimu.filamu,{'video_playback_position_ms': 38125},,,चिड़िया,1
474497,1752106212,ai.elimu.filamu,,,,चिड़िया,1
474498,1752106255,ai.elimu.filamu,{'video_playback_position_ms': 43448},,,चिड़िया,1
474499,1752106278,ai.elimu.filamu,,,,चिड़िया,1
474500,1752106285,ai.elimu.filamu,{'video_playback_position_ms': 44898},,,चिड़िया,1
474501,1752106351,ai.elimu.filamu,,,,चिड़िया,1
474502,1752106407,ai.elimu.filamu,{'video_playback_position_ms': 7518},,,चिड़िया,1
474503,1752106435,ai.elimu.filamu,,,,चिड़िया,1
474504,1752106444,ai.elimu.filamu,{'video_playback_position_ms': 29336},,,चिड़िया,1
474505,1752106463,ai.elimu.filamu,,,,चिड़िया,1
474506,1752106489,ai.elimu.filamu,{'video_playback_position_ms': 46658},,,चिड़िया,1
474531,1752276909,ai.elimu.filamu,,,,चिड़िया,1
474532,1752276955,ai.elimu.filamu,{'video_playback_position_ms': 24702},,,चिड़िया,1
474617,1752451239,ai.elimu.filamu,,,,चिड़िया,1
474618,1752451293,ai.elimu.filamu,{'video_playback_position_ms': 1086},,,चिड़िया,1
474619,1752451356,ai.elimu.filamu,,,,चिड़िया,1
474620,1752451414,ai.elimu.filamu,{'video_playback_position_ms': 6738},,,चिड़िया,1
474621,1752451489,ai.elimu.filamu,,,,चिड़िया,1
474622,1752451543,ai.elimu.filamu,{'video_playback_position_ms': 5785},,,चिड़िया,1
474623,1752451571,ai.elimu.filamu,,,,चिड़िया,1
474624,1752451606,ai.elimu.filamu,{'video_playback_position_ms': 46364},,,चिड़िया,1
474625,1752451640,ai.elimu.filamu,,,,चिड़िया,1
474626,1752451673,ai.elimu.filamu,{'video_playback_position_ms': 56500},,,चिड़िया,1
474627,1752451792,ai.elimu.filamu,,,,चिड़िया,1
474628,1752451820,ai.elimu.filamu,{'video_playback_position_ms': 36301},,,चिड़िया,1
474665,1752538938,ai.elimu.filamu,,,,चिड़िया,1
474666,1752538948,ai.elimu.filamu,{'video_playback_position_ms': 36394},,,चिड़िया,1
474667,1752539055,ai.elimu.filamu,,,,चिड़िया,1
474668,1752539057,ai.elimu.filamu,{'video_playback_position_ms': 41761},,,चिड़िया,1
474669,1752539117,ai.elimu.filamu,,,,चिड़िया,1
474670,1752539133,ai.elimu.filamu,{'video_playback_position_ms': 12865},,,चिड़िया,1
474671,1752539160,ai.elimu.filamu,,,,चिड़िया,1
474672,1752539175,ai.elimu.filamu,{'video_playback_position_ms': 21477},,,चिड़िया,1
474673,1752539217,ai.elimu.filamu,,,,चिड़िया,1
474674,1752539261,ai.elimu.filamu,{'video_playback_position_ms': 24649},,,चिड़िया,1
474675,1752539322,ai.elimu.filamu,,,,चिड़िया,1
474676,1752539339,ai.elimu.filamu,{'video_playback_position_ms': 33883},,,चिड़िया,1
474677,1752539429,ai.elimu.filamu,,,,चिड़िया,1
474678,1752539468,ai.elimu.filamu,{'video_playback_position_ms': 55073},,,चिड़िया,1
474679,1752539520,ai.elimu.filamu,,,,चिड़िया,1
474680,1752539555,ai.elimu.filamu,{'video_playback_position_ms': 40305},,,चिड़िया,1
474681,1752539598,ai.elimu.filamu,,,,चिड़िया,1
474682,1752539623,ai.elimu.filamu,{'video_playback_position_ms': 51270},,,चिड़िया,1
474683,1752539690,ai.elimu.filamu,,,,चिड़िया,1
474684,1752539749,ai.elimu.filamu,{'video_playback_position_ms': 30236},,,चिड़िया,1
474685,1752539843,ai.elimu.filamu,,,,चिड़िया,1
474686,1752539872,ai.elimu.filamu,{'video_playback_position_ms': 41370},,,चिड़िया,1
474809,1753058058,ai.elimu.filamu,,,,चिड़िया,1
474810,1753058071,ai.elimu.filamu,{'video_playback_position_ms': 44097},,,चिड़िया,1
474811,1753058151,ai.elimu.filamu,,,,चिड़िया,1
474812,1753058185,ai.elimu.filamu,{'video_playback_position_ms': 53382},,,चिड़िया,1
474813,1753058264,ai.elimu.filamu,,,,चिड़िया,1
474814,1753058277,ai.elimu.filamu,{'video_playback_position_ms': 18809},,,चिड़िया,1
474815,1753058320,ai.elimu.filamu,,,,चिड़िया,1
474816,1753058362,ai.elimu.filamu,{'video_playback_position_ms': 40437},,,चिड़िया,1
474817,1753058382,ai.elimu.filamu,,,,चिड़िया,1
474818,1753058429,ai.elimu.filamu,{'video_playback_position_ms': 40955},,,चिड़िया,1
474889,1753229986,ai.elimu.filamu,,,,चिड़िया,1
474890,1753230016,ai.elimu.filamu,{'video_playback_position_ms': 29065},,,चिड़िया,1
474891,1753230078,ai.elimu.filamu,,,,चिड़िया,1
474892,1753230081,ai.elimu.filamu,{'video_playback_position_ms': 30365},,,चिड़िया,1
474893,1753230175,ai.elimu.filamu,,,,चिड़िया,1
474894,1753230218,ai.elimu.filamu,{'video_playback_position_ms': 45981},,,चिड़िया,1
474895,1753230243,ai.elimu.filamu,,,,चिड़िया,1
474896,1753230299,ai.elimu.filamu,{'video_playback_position_ms': 27485},,,चिड़िया,1
474897,1753230358,ai.elimu.filamu,,,,चिड़िया,1
474898,1753230410,ai.elimu.filamu,{'video_playback_position_ms': 11950},,,चिड़िया,1
474899,1753230528,ai.elimu.filamu,,,,चिड़िया,1
474900,1753230546,ai.elimu.filamu,{'video_playback_position_ms': 25037},,,चिड़िया,1
474901,1753230583,ai.elimu.filamu,,,,चिड़िया,1
474902,1753230615,ai.elimu.filamu,{'video_playback_position_ms': 19080},,,चिड़िया,1
474903,1753230729,ai.elimu.filamu,,,,चिड़िया,1
474904,1753230740,ai.elimu.filamu,{'video_playback_position_ms': 1114},,,चिड़िया,1
474905,1753230814,ai.elimu.filamu,,,,चिड़िया,1
474906,1753230821,ai.elimu.filamu,{'video_playback_position_ms': 23405},,,चिड़िया,1
474947,1753313901,ai.elimu.filamu,,,,चिड़िया,1
474948,1753313944,ai.elimu.filamu,{'video_playback_position_ms': 37772},,,चिड़िया,1
474949,1753314038,ai.elimu.filamu,,,,चिड़िया,1
474950,1753314057,ai.elimu.filamu,{'video_playback_position_ms': 38784},,,चिड़िया,1
474951,1753314100,ai.elimu.filamu,,,,चिड़िया,1
474952,1753314158,ai.elimu.filamu,{'video_playback_position_ms': 51941},,,चिड़िया,1
474953,1753314195,ai.elimu.filamu,,,,चिड़िया,1
474954,1753314209,ai.elimu.filamu,{'video_playback_position_ms': 44750},,,चिड़िया,1
474955,1753314291,ai.elimu.filamu,,,,चिड़िया,1
474956,1753314337,ai.elimu.filamu,{'video_playback_position_ms': 8433},,,चिड़िया,1
474957,1753314372,ai.elimu.filamu,,,,चिड़िया,1
474958,1753314414,ai.elimu.filamu,{'video_playback_position_ms': 37772},,,चिड़िया,1
474959,1753314508,ai.elimu.filamu,,,,चिड़िया,1
474960,1753314553,ai.elimu.filamu,{'video_playback_position_ms': 55948},,,चिड़िया,1
474961,1753314668,ai.elimu.filamu,,,,चिड़िया,1
474962,1753314686,ai.elimu.filamu,{'video_playback_position_ms': 1425},,,चिड़िया,1
474963,1753314780,ai.elimu.filamu,,,,चिड़िया,1
474964,1753314805,ai.elimu.filamu,{'video_playback_position_ms': 16089},,,चिड़िया,1
474965,1753314895,ai.elimu.filamu,,,,चिड़िया,1
474966,1753314932,ai.elimu.filamu,{'video_playback_position_ms': 16266},,,चिड़िया,1
474967,1753401343,ai.elimu.filamu,,,,चिड़िया,1
474968,1753401401,ai.elimu.filamu,{'video_playback_position_ms': 9486},,,चिड़िया,1
474969,1753401469,ai.elimu.filamu,,,,चिड़िया,1
474970,1753401494,ai.elimu.filamu,{'video_playback_position_ms': 3279},,,चिड़िया,1
474971,1753401553,ai.elimu.filamu,,,,चिड़िया,1
474972,1753401561,ai.elimu.filamu,{'video_playback_position_ms': 59473},,,चिड़िया,1
474973,1753401609,ai.elimu.filamu,,,,चिड़िया,1
474974,1753401666,ai.elimu.filamu,{'video_playback_position_ms': 30431},,,चिड़िया,1
474975,1753401786,ai.elimu.filamu,,,,चिड़िया,1
474976,1753401800,ai.elimu.filamu,{'video_playback_position_ms': 5585},,,चिड़िया,1
474977,1753401905,ai.elimu.filamu,,,,चिड़िया,1
474978,1753401916,ai.elimu.filamu,{'video_playback_position_ms': 34979},,,चिड़िया,1
474979,1753402024,ai.elimu.filamu,,,,चिड़िया,1
474980,1753402058,ai.elimu.filamu,{'video_playback_position_ms': 29850},,,चिड़िया,1
474981,1753402164,ai.elimu.filamu,,,,चिड़िया,1
474982,1753402217,ai.elimu.filamu,{'video_playback_position_ms': 53939},,,चिड़िया,1
474983,1753402266,ai.elimu.filamu,,,,चिड़िया,1
474984,1753402270,ai.elimu.filamu,{'video_playback_position_ms': 9842},,,चिड़िया,1
474985,1753402353,ai.elimu.filamu,,,,चिड़िया,1
474986,1753402367,ai.elimu.filamu,{'video_playback_position_ms': 27737},,,चिड़िया,1
474987,1753402404,ai.elimu.filamu,,,,चिड़िया,1
474988,1753402428,ai.elimu.filamu,{'video_playback_position_ms': 2414},,,चिड़िया,1
474989,1753402534,ai.elimu.filamu,,,,चिड़िया,1
474990,1753402568,ai.elimu.filamu,{'video_playback_position_ms': 50739},,,चिड़िया,1
474991,1753402636,ai.elimu.filamu,,,,चिड़िया,1
474992,1753402673,ai.elimu.filamu,{'video_playback_position_ms': 28524},,,चिड़िया,1
474993,1753402793,ai.elimu.filamu,,,,चिड़िया,1
474994,1753402845,ai.elimu.filamu,{'video_playback_position_ms': 54063},,,चिड़िया,1
474995,1753402897,ai.elimu.filamu,,,,चिड़िया,1
474996,1753402939,ai.elimu.filamu,{'video_playback_position_ms': 15308},,,चिड़िया,1
474997,1753403054,ai.elimu.filamu,,,,चिड़िया,1
474998,1753403071,ai.elimu.filamu,{'video_playback_position_ms': 50780},,,चिड़िया,1
475041,1753661267,ai.elimu.filamu,,,,चिड़िया,1
475042,1753661282,ai.elimu.filamu,{'video_playback_position_ms': 9059},,,चिड़िया,1
475043,1753661315,ai.elimu.filamu,,,,चिड़िया,1
475044,1753661366,ai.elimu.filamu,{'video_playback_position_ms': 18310},,,चिड़िया,1
475045,1753661461,ai.elimu.filamu,,,,चिड़िया,1
475046,1753661504,ai.elimu.filamu,{'video_playback_position_ms': 32218},,,चिड़िया,1
475047,1753661523,ai.elimu.filamu,,,,चिड़िया,1
475048,1753661528,ai.elimu.filamu,{'video_playback_position_ms': 18074},,,चिड़िया,1
475049,1753661587,ai.elimu.filamu,,,,चिड़िया,1
475050,1753661623,ai.elimu.filamu,{'video_playback_position_ms': 22511},,,चिड़िया,1
475051,1753661641,ai.elimu.filamu,,,,चिड़िया,1
475052,1753661698,ai.elimu.filamu,{'video_playback_position_ms': 32699},,,चिड़िया,1
475053,1753661744,ai.elimu.filamu,,,,चिड़िया,1
475054,1753661787,ai.elimu.filamu,{'video_playback_position_ms': 38011},,,चिड़िया,1
475087,1753748045,ai.elimu.filamu,,,,चिड़िया,1
475088,1753748097,ai.elimu.filamu,{'video_playback_position_ms': 5770},,,चिड़िया,1
475089,1753748198,ai.elimu.filamu,,,,चिड़िया,1
475090,1753748246,ai.elimu.filamu,{'video_playback_position_ms': 32628},,,चिड़िया,1
475091,1753748278,ai.elimu.filamu,,,,चिड़िया,1
475092,1753748330,ai.elimu.filamu,{'video_playback_position_ms': 41016},,,चिड़िया,1
475093,1753748364,ai.elimu.filamu,,,,चिड़िया,1
475094,1753748372,ai.elimu.filamu,{'video_playback_position_ms': 56063},,,चिड़िया,1
475095,1753748425,ai.elimu.filamu,,,,चिड़िया,1
475096,1753748473,ai.elimu.filamu,{'video_playback_position_ms': 42967},,,चिड़िया,1
475149,1753834854,ai.elimu.filamu,,,,चिड़िया,1
475150,1753834860,ai.elimu.filamu,{'video_playback_position_ms': 33119},,,चिड़िया,1
475151,1753834968,ai.elimu.filamu,,,,चिड़िया,1
475152,1753835027,ai.elimu.filamu,{'video_playback_position_ms': 25678},,,चिड़िया,1
475153,1753835085,ai.elimu.filamu,,,,चिड़िया,1
475154,1753835105,ai.elimu.filamu,{'video_playback_position_ms': 29408},,,चिड़िया,1
475155,1753835146,ai.elimu.filamu,,,,चिड़िया,1
475156,1753835168,ai.elimu.filamu,{'video_playback_position_ms': 25518},,,चिड़िया,1
475157,1753835250,ai.elimu.filamu,,,,चिड़िया,1
475158,1753835306,ai.elimu.filamu,{'video_playback_position_ms': 5573},,,चिड़िया,1
475159,1753835356,ai.elimu.filamu,,,,चिड़िया,1
475160,1753835413,ai.elimu.filamu,{'video_playback_position_ms': 31890},,,चिड़िया,1
475161,1753835458,ai.elimu.filamu,,,,चिड़िया,1
475162,1753835504,ai.elimu.filamu,{'video_playback_position_ms': 44052},,,चिड़िया,1
475163,1753835546,ai.elimu.filamu,,,,चिड़िया,1
475164,1753835600,ai.elimu.filamu,{'video_playback_position_ms': 45567},,,चिड़िया,1
475165,1753835711,ai.elimu.filamu,,,,चिड़िया,1
475166,1753835724,ai.elimu.filamu,{'video_playback_position_ms': 24856},,,चिड़िया,1
475205,1753920394,ai.elimu.filamu,,,,चिड़िया,1
475206,1753920429,ai.elimu.filamu,{'video_playback_position_ms': 11367},,,चिड़िया,1
475207,1753920504,ai.elimu.filamu,,,,चिड़िया,1
475208,1753920552,ai.elimu.filamu,{'video_playback_position_ms': 19696},,,चिड़िया,1
475209,1753920586,ai.elimu.filamu,,,,चिड़िया,1
475210,1753920624,ai.elimu.filamu,{'video_playback_position_ms': 15432},,,चिड़िया,1
475211,1753920664,ai.elimu.filamu,,,,चिड़िया,1
475212,1753920719,ai.elimu.filamu,{'video_playback_position_ms': 6707},,,चिड़िया,1
475213,1753920838,ai.elimu.filamu,,,,चिड़िया,1
475214,1753920852,ai.elimu.filamu,{'video_playback_position_ms': 46133},,,चिड़िया,1
475215,1753920868,ai.elimu.filamu,,,,चिड़िया,1
475216,1753920924,ai.elimu.filamu,{'video_playback_position_ms': 42836},,,चिड़िया,1
475287,1754094207,ai.elimu.filamu,,,,चिड़िया,1
475288,1754094236,ai.elimu.filamu,{'video_playback_position_ms': 24360},,,चिड़िया,1
475289,1754094273,ai.elimu.filamu,,,,चिड़िया,1
475290,1754094301,ai.elimu.filamu,{'video_playback_position_ms': 44840},,,चिड़िया,1
475291,1754094390,ai.elimu.filamu,,,,चिड़िया,1
475292,1754094418,ai.elimu.filamu,{'video_playback_position_ms': 52364},,,चिड़िया,1
475293,1754094492,ai.elimu.filamu,,,,चिड़िया,1
475294,1754094528,ai.elimu.filamu,{'video_playback_position_ms': 34683},,,चिड़िया,1
475295,1754094623,ai.elimu.filamu,,,,चिड़िया,1
475296,1754094668,ai.elimu.filamu,{'video_playback_position_ms': 9513},,,चिड़िया,1
475297,1754094787,ai.elimu.filamu,,,,चिड़िया,1
475298,1754094805,ai.elimu.filamu,{'video_playback_position_ms': 44240},,,चिड़िया,1
475299,1754094833,ai.elimu.filamu,,,,चिड़िया,1
475300,1754094878,ai.elimu.filamu,{'video_playback_position_ms': 31073},,,चिड़िया,1
475301,1754094915,ai.elimu.filamu,,,,चिड़िया,1
475302,1754094932,ai.elimu.filamu,{'video_playback_position_ms': 2218},,,चिड़िया,1
475303,1754095007,ai.elimu.filamu,,,,चिड़िया,1
475304,1754095021,ai.elimu.filamu,{'video_playback_position_ms': 2823},,,चिड़िया,1
475403,1754268033,ai.elimu.filamu,,,,चिड़िया,1
475404,1754268066,ai.elimu.filamu,{'video_playback_position_ms': 43844},,,चिड़िया,1
475405,1754268172,ai.elimu.filamu,,,,चिड़िया,1
475406,1754268185,ai.elimu.filamu,{'video_playback_position_ms': 28008},,,चिड़िया,1
475407,1754268206,ai.elimu.filamu,,,,चिड़िया,1
475408,1754268242,ai.elimu.filamu,{'video_playback_position_ms': 16310},,,चिड़िया,1
475409,1754268274,ai.elimu.filamu,,,,चिड़िया,1
475410,1754268334,ai.elimu.filamu,{'video_playback_position_ms': 33376},,,चिड़िया,1
475411,1754268392,ai.elimu.filamu,,,,चिड़िया,1
475412,1754268426,ai.elimu.filamu,{'video_playback_position_ms': 34369},,,चिड़िया,1
475413,1754268460,ai.elimu.filamu,,,,चिड़िया,1
475414,1754268508,ai.elimu.filamu,{'video_playback_position_ms': 29318},,,चिड़िया,1
475415,1754268563,ai.elimu.filamu,,,,चिड़िया,1
475416,1754268588,ai.elimu.filamu,{'video_playback_position_ms': 4589},,,चिड़िया,1
475417,1754268632,ai.elimu.filamu,,,,चिड़िया,1
475418,1754268682,ai.elimu.filamu,{'video_playback_position_ms': 49992},,,चिड़िया,1
475419,1754268753,ai.elimu.filamu,,,,चिड़िया,1
475420,1754268801,ai.elimu.filamu,{'video_playback_position_ms': 6372},,,चिड़िया,1
475421,1754268894,ai.elimu.filamu,,,,चिड़िया,1
475422,1754268926,ai.elimu.filamu,{'video_playback_position_ms': 45216},,,चिड़िया,1
475423,1754269038,ai.elimu.filamu,,,,चिड़िया,1
475424,1754269053,ai.elimu.filamu,{'video_playback_position_ms': 47940},,,चिड़िया,1
475425,1754269110,ai.elimu.filamu,,,,चिड़िया,1
475426,1754269142,ai.elimu.filamu,{'video_playback_position_ms': 29851},,,चिड़िया,1
475427,1754269212,ai.elimu.filamu,,,,चिड़िया,1
475428,1754269245,ai.elimu.filamu,{'video_playback_position_ms': 36867},,,चिड़िया,1
475429,1754269292,ai.elimu.filamu,,,,चिड़िया,1
475430,1754269301,ai.elimu.filamu,{'video_playback_position_ms': 47804},,,चिड़िया,1
475431,1754269375,ai.elimu.filamu,,,,चिड़िया,1
475432,1754269429,ai.elimu.filamu,{'video_playback_position_ms': 19645},,,चिड़िया,1
475433,1754269531,ai.elimu.filamu,,,,चिड़िया,1
475434,1754269572,ai.elimu.filamu,{'video_playback_position_ms': 1036},,,चिड़िया,1
475435,1754269658,ai.elimu.filamu,,,,चिड़िया,1
475436,1754269672,ai.elimu.filamu,{'video_playback_position_ms': 31122},,,चिड़िया,1
475437,1754269746,ai.elimu.filamu,,,,चिड़िया,1
475438,1754269781,ai.elimu.filamu,{'video_playback_position_ms': 12451},,,चिड़िया,1
475439,1754269830,ai.elimu.filamu,,,,चिड़िया,1
475440,1754269883,ai.elimu.filamu,{'video_playback_position_ms': 37493},,,चिड़िया,1
475467,1754440452,ai.elimu.filamu,,,,चिड़िया,1
475468,1754440458,ai.elimu.filamu,{'video_playback_position_ms': 42553},,,चिड़िया,1
475469,1754440550,ai.elimu.filamu,,,,चिड़िया,1
475470,1754440591,ai.elimu.filamu,{'video_playback_position_ms': 22429},,,चिड़िया,1
475471,1754440689,ai.elimu.filamu,,,,चिड़िया,1
475472,1754440743,ai.elimu.filamu,{'video_playback_position_ms': 20466},,,चिड़िया,1
475473,1754440837,ai.elimu.filamu,,,,चिड़िया,1
475474,1754440877,ai.elimu.filamu,{'video_playback_position_ms': 56228},,,चिड़िया,1
475475,1754440977,ai.elimu.filamu,,,,चिड़िया,1
475476,1754440992,ai.elimu.filamu,{'video_playback_position_ms': 7635},,,चिड़िया,1
475477,1754441103,ai.elimu.filamu,,,,चिड़िया,1
475478,1754441112,ai.elimu.filamu,{'video_playback_position_ms': 36959},,,चिड़िया,1
475479,1754441202,ai.elimu.filamu,,,,चिड़िया,1
475480,1754441225,ai.elimu.filamu,{'video_playback_position_ms': 32288},,,चिड़िया,1
475481,1754441270,ai.elimu.filamu,,,,चिड़िया,1
475482,1754441310,ai.elimu.filamu,{'video_playback_position_ms': 31455},,,चिड़िया,1
475483,1754441343,ai.elimu.filamu,,,,चिड़िया,1
475484,1754441383,ai.elimu.filamu,{'video_playback_position_ms': 48269},,,चिड़िया,1
475485,1754441434,ai.elimu.filamu,,,,चिड़िया,1
475486,1754441472,ai.elimu.filamu,{'video_playback_position_ms': 33603},,,चिड़िया,1
475487,1754441587,ai.elimu.filamu,,,,चिड़िया,1
475488,1754441645,ai.elimu.filamu,{'video_playback_position_ms': 55662},,,चिड़िया,1
475489,1754441712,ai.elimu.filamu,,,,चिड़िया,1
475490,1754441737,ai.elimu.filamu,{'video_playback_position_ms': 36347},,,चिड़िया,1
475491,1754441856,ai.elimu.filamu,,,,चिड़िया,1
475492,1754441897,ai.elimu.filamu,{'video_playback_position_ms': 41903},,,चिड़िया,1
475493,1754441966,ai.elimu.filamu,,,,चिड़िया,1
475494,1754441978,ai.elimu.filamu,{'video_playback_position_ms': 53102},,,चिड़िया,1
475495,1754442002,ai.elimu.filamu,,,,चिड़िया,1
475496,1754442019,ai.elimu.filamu,{'video_playback_position_ms': 35961},,,चिड़िया,1
475497,1754442071,ai.elimu.filamu,,,,चिड़िया,1
475498,1754442127,ai.elimu.filamu,{'video_playback_position_ms': 48082},,,चिड़िया,1
475499,1754442187,ai.elimu.filamu,,,,चिड़िया,1
475500,1754442194,ai.elimu.filamu,{'video_playback_position_ms': 1873},,,चिड़िया,1
475501,1754442305,ai.elimu.filamu,,,,चिड़िया,1
475502,1754442352,ai.elimu.filamu,{'video_playback_position_ms': 52938},,,चिड़िया,1
475503,1754442385,ai.elimu.filamu,,,,चिड़िया,1
475504,1754442436,ai.elimu.filamu,{'video_playback_position_ms': 15454},,,चिड़िया,1
475523,1754524207,ai.elimu.filamu,,,,चिड़िया,1
475524,1754524240,ai.elimu.filamu,{'video_playback_position_ms': 49307},,,चिड़िया,1
475553,1754612085,ai.elimu.filamu,,,,चिड़िया,1
475554,1754612137,ai.elimu.filamu,{'video_playback_position_ms': 49572},,,चिड़िया,1
475555,1754612183,ai.elimu.filamu,,,,चिड़िया,1
475556,1754612236,ai.elimu.filamu,{'video_playback_position_ms': 33976},,,चिड़िया,1
475557,1754612337,ai.elimu.filamu,,,,चिड़िया,1
475558,1754612377,ai.elimu.filamu,{'video_playback_position_ms': 43486},,,चिड़िया,1
475559,1754612490,ai.elimu.filamu,,,,चिड़िया,1
475560,1754612499,ai.elimu.filamu,{'video_playback_position_ms': 51168},,,चिड़िया,1
475561,1754612535,ai.elimu.filamu,,,,चिड़िया,1
475562,1754612581,ai.elimu.filamu,{'video_playback_position_ms': 25392},,,चिड़िया,1
475563,1754612599,ai.elimu.filamu,,,,चिड़िया,1
475564,1754612620,ai.elimu.filamu,{'video_playback_position_ms': 13384},,,चिड़िया,1
475565,1754612730,ai.elimu.filamu,,,,चिड़िया,1
475566,1754612771,ai.elimu.filamu,{'video_playback_position_ms': 23561},,,चिड़िया,1
475567,1754612854,ai.elimu.filamu,,,,चिड़िया,1
475568,1754612896,ai.elimu.filamu,{'video_playback_position_ms': 20953},,,चिड़िया,1
475569,1754612992,ai.elimu.filamu,,,,चिड़िया,1
475570,1754613050,ai.elimu.filamu,{'video_playback_position_ms': 41943},,,चिड़िया,1
475589,1754700086,ai.elimu.filamu,,,,चिड़िया,1
475590,1754700117,ai.elimu.filamu,{'video_playback_position_ms': 39624},,,चिड़िया,1
475591,1754700135,ai.elimu.filamu,,,,चिड़िया,1
475592,1754700179,ai.elimu.filamu,{'video_playback_position_ms': 25527},,,चिड़िया,1
475593,1754700264,ai.elimu.filamu,,,,चिड़िया,1
475594,1754700289,ai.elimu.filamu,{'video_playback_position_ms': 4140},,,चिड़िया,1
475595,1754700369,ai.elimu.filamu,,,,चिड़िया,1
475596,1754700387,ai.elimu.filamu,{'video_playback_position_ms': 37601},,,चिड़िया,1
475597,1754700468,ai.elimu.filamu,,,,चिड़िया,1
475598,1754700507,ai.elimu.filamu,{'video_playback_position_ms': 56762},,,चिड़िया,1
475599,1754700551,ai.elimu.filamu,,,,चिड़िया,1
475600,1754700603,ai.elimu.filamu,{'video_playback_position_ms': 22529},,,चिड़िया,1
475601,1754700677,ai.elimu.filamu,,,,चिड़िया,1
475602,1754700711,ai.elimu.filamu,{'video_playback_position_ms': 56449},,,चिड़िया,1
475603,1754700829,ai.elimu.filamu,,,,चिड़िया,1
475604,1754700888,ai.elimu.filamu,{'video_playback_position_ms': 41548},,,चिड़िया,1
475605,1754700923,ai.elimu.filamu,,,,चिड़िया,1
475606,1754700949,ai.elimu.filamu,{'video_playback_position_ms': 27654},,,चिड़िया,1
475607,1754700996,ai.elimu.filamu,,,,चिड़िया,1
475608,1754701033,ai.elimu.filamu,{'video_playback_position_ms': 13333},,,चिड़िया,1
475609,1754701103,ai.elimu.filamu,,,,चिड़िया,1
475610,1754701123,ai.elimu.filamu,{'video_playback_position_ms': 26842},,,चिड़िया,1
475611,1754701184,ai.elimu.filamu,,,,चिड़िया,1
475612,1754701212,ai.elimu.filamu,{'video_playback_position_ms': 8415},,,चिड़िया,1
475613,1754701256,ai.elimu.filamu,,,,चिड़िया,1
475614,1754701278,ai.elimu.filamu,{'video_playback_position_ms': 35773},,,चिड़िया,1
475615,1754701298,ai.elimu.filamu,,,,चिड़िया,1
475616,1754701351,ai.elimu.filamu,{'video_playback_position_ms': 3922},,,चिड़िया,1
475639,1754787398,ai.elimu.filamu,,,,चिड़िया,1
475640,1754787414,ai.elimu.filamu,{'video_playback_position_ms': 56918},,,चिड़िया,1
475641,1754787519,ai.elimu.filamu,,,,चिड़िया,1
475642,1754787573,ai.elimu.filamu,{'video_playback_position_ms': 36003},,,चिड़िया,1
475643,1754787671,ai.elimu.filamu,,,,चिड़िया,1
475644,1754787723,ai.elimu.filamu,{'video_playback_position_ms': 28738},,,चिड़िया,1
475645,1754787745,ai.elimu.filamu,,,,चिड़िया,1
475646,1754787752,ai.elimu.filamu,{'video_playback_position_ms': 43157},,,चिड़िया,1
475647,1754787860,ai.elimu.filamu,,,,चिड़िया,1
475648,1754787881,ai.elimu.filamu,{'video_playback_position_ms': 40453},,,चिड़िया,1
475649,1754787940,ai.elimu.filamu,,,,चिड़िया,1
475650,1754787990,ai.elimu.filamu,{'video_playback_position_ms': 11308},,,चिड़िया,1
475651,1754788028,ai.elimu.filamu,,,,चिड़िया,1
475652,1754788048,ai.elimu.filamu,{'video_playback_position_ms': 30639},,,चिड़िया,1
475667,1754869121,ai.elimu.filamu,,,,चिड़िया,1
475668,1754869142,ai.elimu.filamu,{'video_playback_position_ms': 19610},,,चिड़िया,1
475669,1754869229,ai.elimu.filamu,,,,चिड़िया,1
475670,1754869269,ai.elimu.filamu,{'video_playback_position_ms': 6937},,,चिड़िया,1
475671,1754869360,ai.elimu.filamu,,,,चिड़िया,1
475672,1754869366,ai.elimu.filamu,{'video_playback_position_ms': 30442},,,चिड़िया,1
475673,1754869398,ai.elimu.filamu,,,,चिड़िया,1
475674,1754869420,ai.elimu.filamu,{'video_playback_position_ms': 6456},,,चिड़िया,1
475675,1754869534,ai.elimu.filamu,,,,चिड़िया,1
475676,1754869574,ai.elimu.filamu,{'video_playback_position_ms': 51731},,,चिड़िया,1
475681,1754957855,ai.elimu.filamu,,,,चिड़िया,1
475682,1754957887,ai.elimu.filamu,{'video_playback_position_ms': 36138},,,चिड़िया,1
475683,1754958001,ai.elimu.filamu,,,,चिड़िया,1
475684,1754958020,ai.elimu.filamu,{'video_playback_position_ms': 57340},,,चिड़िया,1
475685,1754958050,ai.elimu.filamu,,,,चिड़िया,1
475686,1754958101,ai.elimu.filamu,{'video_playback_position_ms': 47092},,,चिड़िया,1
475687,1754958121,ai.elimu.filamu,,,,चिड़िया,1
475688,1754958156,ai.elimu.filamu,{'video_playback_position_ms': 57601},,,चिड़िया,1
475689,1754958236,ai.elimu.filamu,,,,चिड़िया,1
475690,1754958256,ai.elimu.filamu,{'video_playback_position_ms': 55714},,,चिड़िया,1
475691,1754958360,ai.elimu.filamu,,,,चिड़िया,1
475692,1754958417,ai.elimu.filamu,{'video_playback_position_ms': 35166},,,चिड़िया,1
475693,1754958443,ai.elimu.filamu,,,,चिड़िया,1
475694,1754958450,ai.elimu.filamu,{'video_playback_position_ms': 49075},,,चिड़िया,1
475695,1754958466,ai.elimu.filamu,,,,चिड़िया,1
475696,1754958484,ai.elimu.filamu,{'video_playback_position_ms': 31664},,,चिड़िया,1
475719,1755044636,ai.elimu.filamu,,,,चिड़िया,1
475720,1755044645,ai.elimu.filamu,{'video_playback_position_ms': 39799},,,चिड़िया,1
475721,1755044699,ai.elimu.filamu,,,,चिड़िया,1
475722,1755044730,ai.elimu.filamu,{'video_playback_position_ms': 56914},,,चिड़िया,1
475723,1755044833,ai.elimu.filamu,,,,चिड़िया,1
475724,1755044842,ai.elimu.filamu,{'video_playback_position_ms': 23548},,,चिड़िया,1
475725,1755044935,ai.elimu.filamu,,,,चिड़िया,1
475726,1755044948,ai.elimu.filamu,{'video_playback_position_ms': 15690},,,चिड़िया,1
475727,1755045015,ai.elimu.filamu,,,,चिड़िया,1
475728,1755045036,ai.elimu.filamu,{'video_playback_position_ms': 2959},,,चिड़िया,1
475729,1755045126,ai.elimu.filamu,,,,चिड़िया,1
475730,1755045159,ai.elimu.filamu,{'video_playback_position_ms': 48792},,,चिड़िया,1
475731,1755045270,ai.elimu.filamu,,,,चिड़िया,1
475732,1755045296,ai.elimu.filamu,{'video_playback_position_ms': 20381},,,चिड़िया,1
475733,1755045329,ai.elimu.filamu,,,,चिड़िया,1
475734,1755045339,ai.elimu.filamu,{'video_playback_position_ms': 53553},,,चिड़िया,1
475735,1755045425,ai.elimu.filamu,,,,चिड़िया,1
475736,1755045442,ai.elimu.filamu,{'video_playback_position_ms': 22937},,,चिड़िया,1
475737,1755045458,ai.elimu.filamu,,,,चिड़िया,1
475738,1755045508,ai.elimu.filamu,{'video_playback_position_ms': 51521},,,चिड़िया,1
475781,1755130608,ai.elimu.filamu,,,,चिड़िया,1
475782,1755130665,ai.elimu.filamu,{'video_playback_position_ms': 48407},,,चिड़िया,1
475783,1755130704,ai.elimu.filamu,,,,चिड़िया,1
475784,1755130707,ai.elimu.filamu,{'video_playback_position_ms': 8215},,,चिड़िया,1
475785,1755130779,ai.elimu.filamu,,,,चिड़िया,1
475786,1755130788,ai.elimu.filamu,{'video_playback_position_ms': 39340},,,चिड़िया,1
475787,1755130859,ai.elimu.filamu,,,,चिड़िया,1
475788,1755130884,ai.elimu.filamu,{'video_playback_position_ms': 5649},,,चिड़िया,1
475789,1755130902,ai.elimu.filamu,,,,चिड़िया,1
475790,1755130962,ai.elimu.filamu,{'video_playback_position_ms': 15218},,,चिड़िया,1
475791,1755131025,ai.elimu.filamu,,,,चिड़िया,1
475792,1755131037,ai.elimu.filamu,{'video_playback_position_ms': 8826},,,चिड़िया,1
475793,1755131116,ai.elimu.filamu,,,,चिड़िया,1
475794,1755131142,ai.elimu.filamu,{'video_playback_position_ms': 7349},,,चिड़िया,1
475795,1755131204,ai.elimu.filamu,,,,चिड़िया,1
475796,1755131218,ai.elimu.filamu,{'video_playback_position_ms': 13855},,,चिड़िया,1
475797,1755131299,ai.elimu.filamu,,,,चिड़िया,1
475798,1755131353,ai.elimu.filamu,{'video_playback_position_ms': 53416},,,चिड़िया,1
475799,1755131394,ai.elimu.filamu,,,,चिड़िया,1
475800,1755131403,ai.elimu.filamu,{'video_playback_position_ms': 35867},,,चिड़िया,1
475801,1755131424,ai.elimu.filamu,,,,चिड़िया,1
475802,1755131460,ai.elimu.filamu,{'video_playback_position_ms': 23873},,,चिड़िया,1
475803,1755131547,ai.elimu.filamu,,,,चिड़िया,1
475804,1755131567,ai.elimu.filamu,{'video_playback_position_ms': 1397},,,चिड़िया,1
475805,1755131616,ai.elimu.filamu,,,,चिड़िया,1
475806,1755131630,ai.elimu.filamu,{'video_playback_position_ms': 21865},,,चिड़िया,1
475807,1755131649,ai.elimu.filamu,,,,चिड़िया,1
475808,1755131660,ai.elimu.filamu,{'video_playback_position_ms': 7336},,,चिड़िया,1
475809,1755131742,ai.elimu.filamu,,,,चिड़िया,1
475810,1755131759,ai.elimu.filamu,{'video_playback_position_ms': 38826},,,चिड़िया,1
475811,1755131837,ai.elimu.filamu,,,,चिड़िया,1
475812,1755131882,ai.elimu.filamu,{'video_playback_position_ms': 11107},,,चिड़िया,1
475813,1755131991,ai.elimu.filamu,,,,चिड़िया,1
475814,1755132019,ai.elimu.filamu,{'video_playback_position_ms': 24001},,,चिड़िया,1
475815,1755132118,ai.elimu.filamu,,,,चिड़िया,1
475816,1755132144,ai.elimu.filamu,{'video_playback_position_ms': 30820},,,चिड़िया,1
475833,1755216783,ai.elimu.filamu,,,,चिड़िया,1
475834,1755216785,ai.elimu.filamu,{'video_playback_position_ms': 7906},,,चिड़िया,1
475835,1755216837,ai.elimu.filamu,,,,चिड़िया,1
475836,1755216852,ai.elimu.filamu,{'video_playback_position_ms': 48438},,,चिड़िया,1
475837,1755216919,ai.elimu.filamu,,,,चिड़िया,1
475838,1755216947,ai.elimu.filamu,{'video_playback_position_ms': 40860},,,चिड़िया,1
475839,1755217051,ai.elimu.filamu,,,,चिड़िया,1
475840,1755217058,ai.elimu.filamu,{'video_playback_position_ms': 37350},,,चिड़िया,1
475895,1755303082,ai.elimu.filamu,,,,चिड़िया,1
475896,1755303099,ai.elimu.filamu,{'video_playback_position_ms': 42091},,,चिड़िया,1
475897,1755303144,ai.elimu.filamu,,,,चिड़िया,1
475898,1755303150,ai.elimu.filamu,{'video_playback_position_ms': 52581},,,चिड़िया,1
475899,1755303253,ai.elimu.filamu,,,,चिड़िया,1
475900,1755303304,ai.elimu.filamu,{'video_playback_position_ms': 51401},,,चिड़िया,1
475901,1755303369,ai.elimu.filamu,,,,चिड़िया,1
475902,1755303401,ai.elimu.filamu,{'video_playback_position_ms': 29661},,,चिड़िया,1
475903,1755303494,ai.elimu.filamu,,,,चिड़िया,1
475904,1755303550,ai.elimu.filamu,{'video_playback_position_ms': 15969},,,चिड़िया,1
475905,1755303615,ai.elimu.filamu,,,,चिड़िया,1
475906,1755303642,ai.elimu.filamu,{'video_playback_position_ms': 30246},,,चिड़िया,1
475907,1755303698,ai.elimu.filamu,,,,चिड़िया,1
475908,1755303754,ai.elimu.filamu,{'video_playback_position_ms': 12937},,,चिड़िया,1
475909,1755389686,ai.elimu.filamu,,,,चिड़िया,1
475910,1755389718,ai.elimu.filamu,{'video_playback_position_ms': 27228},,,चिड़िया,1
475911,1755389806,ai.elimu.filamu,,,,चिड़िया,1
475912,1755389853,ai.elimu.filamu,{'video_playback_position_ms': 28433},,,चिड़िया,1
475913,1755389931,ai.elimu.filamu,,,,चिड़िया,1
475914,1755389958,ai.elimu.filamu,{'video_playback_position_ms': 29561},,,चिड़िया,1
475915,1755390020,ai.elimu.filamu,,,,चिड़िया,1
475916,1755390052,ai.elimu.filamu,{'video_playback_position_ms': 58349},,,चिड़िया,1
475917,1755390092,ai.elimu.filamu,,,,चिड़िया,1
475918,1755390135,ai.elimu.filamu,{'video_playback_position_ms': 43953},,,चिड़िया,1
475919,1755390174,ai.elimu.filamu,,,,चिड़िया,1
475920,1755390194,ai.elimu.filamu,{'video_playback_position_ms': 2849},,,चिड़िया,1
475921,1755390290,ai.elimu.filamu,,,,चिड़िया,1
475922,1755390301,ai.elimu.filamu,{'video_playback_position_ms': 59296},,,चिड़िया,1
475923,1755390386,ai.elimu.filamu,,,,चिड़िया,1
475924,1755390440,ai.elimu.filamu,{'video_playback_position_ms': 17664},,,चिड़िया,1
475925,1755390542,ai.elimu.filamu,,,,चिड़िया,1
475926,1755390568,ai.elimu.filamu,{'video_playback_position_ms': 45846},,,चिड़िया,1
475927,1755390639,ai.elimu.filamu,,,,चिड़िया,1
475928,1755390689,ai.elimu.filamu,{'video_playback_position_ms': 46729},,,चिड़िया,1
475929,1755473250,ai.elimu.filamu,,,,चिड़िया,1
475930,1755473295,ai.elimu.filamu,{'video_playback_position_ms': 13752},,,चिड़िया,1
475931,1755473312,ai.elimu.filamu,,,,चिड़िया,1
475932,1755473319,ai.elimu.filamu,{'video_playback_position_ms': 22655},,,चिड़िया,1
475933,1755473358,ai.elimu.filamu,,,,चिड़िया,1
475934,1755473391,ai.elimu.filamu,{'video_playback_position_ms': 26082},,,चिड़िया,1
475935,1755473455,ai.elimu.filamu,,,,चिड़िया,1
475936,1755473485,ai.elimu.filamu,{'video_playback_position_ms': 27747},,,चिड़िया,1
475937,1755473503,ai.elimu.filamu,,,,चिड़िया,1
475938,1755473512,ai.elimu.filamu,{'video_playback_position_ms': 4928},,,चिड़िया,1
475939,1755473628,ai.elimu.filamu,,,,चिड़िया,1
475940,1755473672,ai.elimu.filamu,{'video_playback_position_ms': 38534},,,चिड़िया,1
475941,1755473761,ai.elimu.filamu,,,,चिड़िया,1
475942,1755473804,ai.elimu.filamu,{'video_playback_position_ms': 38661},,,चिड़िया,1
475943,1755473919,ai.elimu.filamu,,,,चिड़िया,1
475944,1755473931,ai.elimu.filamu,{'video_playback_position_ms': 42030},,,चिड़िया,1
475945,1755473988,ai.elimu.filamu,,,,चिड़िया,1
475946,1755474002,ai.elimu.filamu,{'video_playback_position_ms': 53949},,,चिड़िया,1
475947,1755474039,ai.elimu.filamu,,,,चिड़िया,1
475948,1755474082,ai.elimu.filamu,{'video_playback_position_ms': 11057},,,चिड़िया,1
475949,1755474116,ai.elimu.filamu,,,,चिड़िया,1
475950,1755474160,ai.elimu.filamu,{'video_playback_position_ms': 8722},,,चिड़िया,1
475951,1755474219,ai.elimu.filamu,,,,चिड़िया,1
475952,1755474246,ai.elimu.filamu,{'video_playback_position_ms': 48554},,,चिड़िया,1
475953,1755474287,ai.elimu.filamu,,,,चिड़िया,1
475954,1755474301,ai.elimu.filamu,{'video_playback_position_ms': 29732},,,चिड़िया,1
475955,1755474344,ai.elimu.filamu,,,,चिड़िया,1
475956,1755474377,ai.elimu.filamu,{'video_playback_position_ms': 43335},,,चिड़िया,1
475957,1755474478,ai.elimu.filamu,,,,चिड़िया,1
475958,1755474483,ai.elimu.filamu,{'video_playback_position_ms': 1178},,,चिड़िया,1
475959,1755474528,ai.elimu.filamu,,,,चिड़िया,1
475960,1755474562,ai.elimu.filamu,{'video_playback_position_ms': 37251},,,चिड़िया,1
475961,1755474603,ai.elimu.filamu,,,,चिड़िया,1
475962,1755474621,ai.elimu.filamu,{'video_playback_position_ms': 55024},,,चिड़िया,1
476031,1755598283,ai.elimu.filamu,,,,चिड़िया,1
476032,1755598318,ai.elimu.filamu,{'video_playback_position_ms': 25449},,,चिड़िया,1
476033,1755598344,ai.elimu.filamu,,,,चिड़िया,1
476034,1755598391,ai.elimu.filamu,{'video_playback_position_ms': 19542},,,चिड़िया,1
476035,1755598420,ai.elimu.filamu,,,,चिड़िया,1
476036,1755598478,ai.elimu.filamu,{'video_playback_position_ms': 14512},,,चिड़िया,1
476109,1757201585,ai.elimu.filamu,,,,चिड़िया,1
476110,1757201595,ai.elimu.filamu,{'video_playback_position_ms': 7541},,,चिड़िया,1
476111,1757201630,ai.elimu.filamu,,,,चिड़िया,1
476112,1757201668,ai.elimu.filamu,{'video_playback_position_ms': 39562},,,चिड़िया,1
476113,1757201754,ai.elimu.filamu,,,,चिड़िया,1
476114,1757201794,ai.elimu.filamu,{'video_playback_position_ms': 3809},,,चिड़िया,1
476115,1757201825,ai.elimu.filamu,,,,चिड़िया,1
476116,1757201866,ai.elimu.filamu,{'video_playback_position_ms': 19631},,,चिड़िया,1
476117,1757201882,ai.elimu.filamu,,,,चिड़िया,1
476118,1757201895,ai.elimu.filamu,{'video_playback_position_ms': 26729},,,चिड़िया,1
476119,1757201928,ai.elimu.filamu,,,,चिड़िया,1
476120,1757201932,ai.elimu.filamu,{'video_playback_position_ms': 3252},,,चिड़िया,1
476121,1757201949,ai.elimu.filamu,,,,चिड़िया,1
476122,1757201964,ai.elimu.filamu,{'video_playback_position_ms': 49983},,,चिड़िया,1
476123,1757202075,ai.elimu.filamu,,,,चिड़िया,1
476124,1757202095,ai.elimu.filamu,{'video_playback_position_ms': 29917},,,चिड़िया,1
476125,1757202206,ai.elimu.filamu,,,,चिड़िया,1
476126,1757202247,ai.elimu.filamu,{'video_playback_position_ms': 38457},,,चिड़िया,1
476127,1757202300,ai.elimu.filamu,,,,चिड़िया,1
476128,1757202355,ai.elimu.filamu,{'video_playback_position_ms': 29174},,,चिड़िया,1
476129,1757202387,ai.elimu.filamu,,,,चिड़िया,1
476130,1757202427,ai.elimu.filamu,{'video_playback_position_ms': 4470},,,चिड़िया,1
476131,1757202504,ai.elimu.filamu,,,,चिड़िया,1
476132,1757202552,ai.elimu.filamu,{'video_playback_position_ms': 38163},,,चिड़िया,1
476133,1757202589,ai.elimu.filamu,,,,चिड़िया,1
476134,1757202635,ai.elimu.filamu,{'video_playback_position_ms': 31767},,,चिड़िया,1
476167,1757292207,ai.elimu.filamu,,,,चिड़िया,1
476168,1757292227,ai.elimu.filamu,{'video_playback_position_ms': 54127},,,चिड़िया,1
476169,1757292296,ai.elimu.filamu,,,,चिड़िया,1
476170,1757292302,ai.elimu.filamu,{'video_playback_position_ms': 3164},,,चिड़िया,1
476263,1757465002,ai.elimu.filamu,,,,चिड़िया,1
476264,1757465021,ai.elimu.filamu,{'video_playback_position_ms': 47920},,,चिड़िया,1
476265,1757465134,ai.elimu.filamu,,,,चिड़िया,1
476266,1757465177,ai.elimu.filamu,{'video_playback_position_ms': 30763},,,चिड़िया,1
476267,1757465276,ai.elimu.filamu,,,,चिड़िया,1
476268,1757465333,ai.elimu.filamu,{'video_playback_position_ms': 38059},,,चिड़िया,1
476337,1757636100,ai.elimu.filamu,,,,चिड़िया,1
476338,1757636108,ai.elimu.filamu,{'video_playback_position_ms': 56506},,,चिड़िया,1
476339,1757636218,ai.elimu.filamu,,,,चिड़िया,1
476340,1757636268,ai.elimu.filamu,{'video_playback_position_ms': 58729},,,चिड़िया,1
476341,1757636305,ai.elimu.filamu,,,,चिड़िया,1
476342,1757636309,ai.elimu.filamu,{'video_playback_position_ms': 51346},,,चिड़िया,1
476343,1757636371,ai.elimu.filamu,,,,चिड़िया,1
476344,1757636407,ai.elimu.filamu,{'video_playback_position_ms': 21604},,,चिड़िया,1
476345,1757636517,ai.elimu.filamu,,,,चिड़िया,1
476346,1757636526,ai.elimu.filamu,{'video_playback_position_ms': 8807},,,चिड़िया,1
476347,1757636570,ai.elimu.filamu,,,,चिड़िया,1
476348,1757636597,ai.elimu.filamu,{'video_playback_position_ms': 43850},,,चिड़िया,1
476349,1757636679,ai.elimu.filamu,,,,चिड़िया,1
476350,1757636712,ai.elimu.filamu,{'video_playback_position_ms': 4056},,,चिड़िया,1
476351,1757636812,ai.elimu.filamu,,,,चिड़िया,1
476352,1757636867,ai.elimu.filamu,{'video_playback_position_ms': 10581},,,चिड़िया,1
476353,1757636895,ai.elimu.filamu,,,,चिड़िया,1
476354,1757636906,ai.elimu.filamu,{'video_playback_position_ms': 9320},,,चिड़िया,1
476355,1757637013,ai.elimu.filamu,,,,चिड़िया,1
476356,1757637053,ai.elimu.filamu,{'video_playback_position_ms': 27249},,,चिड़िया,1
476357,1757637104,ai.elimu.filamu,,,,चिड़िया,1
476358,1757637126,ai.elimu.filamu,{'video_playback_position_ms': 35662},,,चिड़िया,1
476359,1757637159,ai.elimu.filamu,,,,चिड़िया,1
476360,1757637181,ai.elimu.filamu,{'video_playback_position_ms': 35121},,,चिड़िया,1
476361,1757637239,ai.elimu.filamu,,,,चिड़िया,1
476362,1757637273,ai.elimu.filamu,{'video_playback_position_ms': 13555},,,चिड़िया,1
476363,1757637328,ai.elimu.filamu,,,,चिड़िया,1
476364,1757637373,ai.elimu.filamu,{'video_playback_position_ms': 2790},,,चिड़िया,1
476365,1757637418,ai.elimu.filamu,,,,चिड़िया,1
476366,1757637421,ai.elimu.filamu,{'video_playback_position_ms': 26025},,,चिड़िया,1
476367,1757637518,ai.elimu.filamu,,,,चिड़िया,1
476368,1757637553,ai.elimu.filamu,{'video_playback_position_ms': 25965},,,चिड़िया,1
476369,1757637630,ai.elimu.filamu,,,,चिड़िया,1
476370,1757637638,ai.elimu.filamu,{'video_playback_position_ms': 27436},,,चिड़िया,1
476371,1757723393,ai.elimu.filamu,,,,चिड़िया,1
476372,1757723430,ai.elimu.filamu,{'video_playback_position_ms': 57054},,,चिड़िया,1
476373,1757723522,ai.elimu.filamu,,,,चिड़िया,1
476374,1757723540,ai.elimu.filamu,{'video_playback_position_ms': 25904},,,चिड़िया,1
476375,1757723615,ai.elimu.filamu,,,,चिड़िया,1
476376,1757723647,ai.elimu.filamu,{'video_playback_position_ms': 35002},,,चिड़िया,1
476377,1757723720,ai.elimu.filamu,,,,चिड़िया,1
476378,1757723761,ai.elimu.filamu,{'video_playback_position_ms': 57044},,,चिड़िया,1
476379,1757723851,ai.elimu.filamu,,,,चिड़िया,1
476380,1757723878,ai.elimu.filamu,{'video_playback_position_ms': 7685},,,चिड़िया,1
476381,1757723947,ai.elimu.filamu,,,,चिड़िया,1
476382,1757723968,ai.elimu.filamu,{'video_playback_position_ms': 25614},,,चिड़िया,1
476383,1757724000,ai.elimu.filamu,,,,चिड़िया,1
476384,1757724010,ai.elimu.filamu,{'video_playback_position_ms': 27116},,,चिड़िया,1
476385,1757724056,ai.elimu.filamu,,,,चिड़िया,1
476386,1757724116,ai.elimu.filamu,{'video_playback_position_ms': 16486},,,चिड़िया,1
476387,1757724162,ai.elimu.filamu,,,,चिड़िया,1
476388,1757724209,ai.elimu.filamu,{'video_playback_position_ms': 17762},,,चिड़िया,1
476389,1757724225,ai.elimu.filamu,,,,चिड़िया,1
476390,1757724282,ai.elimu.filamu,{'video_playback_position_ms': 37207},,,चिड़िया,1
476419,1757808167,ai.elimu.filamu,,,,चिड़िया,1
476420,1757808203,ai.elimu.filamu,{'video_playback_position_ms': 50987},,,चिड़िया,1
476421,1757808294,ai.elimu.filamu,,,,चिड़िया,1
476422,1757808329,ai.elimu.filamu,{'video_playback_position_ms': 22334},,,चिड़िया,1
476423,1757808348,ai.elimu.filamu,,,,चिड़िया,1
476424,1757808357,ai.elimu.filamu,{'video_playback_position_ms': 35708},,,चिड़िया,1
476425,1757808415,ai.elimu.filamu,,,,चिड़िया,1
476426,1757808448,ai.elimu.filamu,{'video_playback_position_ms': 40131},,,चिड़िया,1
476427,1757808473,ai.elimu.filamu,,,,चिड़िया,1
476428,1757808526,ai.elimu.filamu,{'video_playback_position_ms': 4834},,,चिड़िया,1
476429,1757808545,ai.elimu.filamu,,,,चिड़िया,1
476430,1757808556,ai.elimu.filamu,{'video_playback_position_ms': 1215},,,चिड़िया,1
476431,1757808587,ai.elimu.filamu,,,,चिड़िया,1
476432,1757808611,ai.elimu.filamu,{'video_playback_position_ms': 48728},,,चिड़िया,1
476433,1757808723,ai.elimu.filamu,,,,चिड़िया,1
476434,1757808765,ai.elimu.filamu,{'video_playback_position_ms': 19651},,,चिड़िया,1
476435,1757808876,ai.elimu.filamu,,,,चिड़िया,1
476436,1757808933,ai.elimu.filamu,{'video_playback_position_ms': 25312},,,चिड़िया,1
476437,1757809047,ai.elimu.filamu,,,,चिड़िया,1
476438,1757809106,ai.elimu.filamu,{'video_playback_position_ms': 59737},,,चिड़िया,1
476439,1757809194,ai.elimu.filamu,,,,चिड़िया,1
476440,1757809236,ai.elimu.filamu,{'video_playback_position_ms': 25306},,,चिड़िया,1
476441,1757809283,ai.elimu.filamu,,,,चिड़िया,1
476442,1757809339,ai.elimu.filamu,{'video_playback_position_ms': 55204},,,चिड़िया,1
476443,1757809457,ai.elimu.filamu,,,,चिड़िया,1
476444,1757809490,ai.elimu.filamu,{'video_playback_position_ms': 27174},,,चिड़िया,1
476445,1757809535,ai.elimu.filamu,,,,चिड़िया,1
476446,1757809566,ai.elimu.filamu,{'video_playback_position_ms': 18144},,,चिड़िया,1
476447,1757809634,ai.elimu.filamu,,,,चिड़िया,1
476448,1757809678,ai.elimu.filamu,{'video_playback_position_ms': 22872},,,चिड़िया,1
476449,1757809763,ai.elimu.filamu,,,,चिड़िया,1
476450,1757809807,ai.elimu.filamu,{'video_playback_position_ms': 32494},,,चिड़िया,1
476451,1757809900,ai.elimu.filamu,,,,चिड़िया,1
476452,1757809905,ai.elimu.filamu,{'video_playback_position_ms': 24797},,,चिड़िया,1
476471,1757895331,ai.elimu.filamu,,,,चिड़िया,1
476472,1757895353,ai.elimu.filamu,{'video_playback_position_ms': 33898},,,चिड़िया,1
476473,1757895380,ai.elimu.filamu,,,,चिड़िया,1
476474,1757895395,ai.elimu.filamu,{'video_playback_position_ms': 25335},,,चिड़िया,1
476475,1757895446,ai.elimu.filamu,,,,चिड़िया,1
476476,1757895485,ai.elimu.filamu,{'video_playback_position_ms': 29115},,,चिड़िया,1
476477,1757895541,ai.elimu.filamu,,,,चिड़िया,1
476478,1757895582,ai.elimu.filamu,{'video_playback_position_ms': 35963},,,चिड़िया,1
476479,1757895621,ai.elimu.filamu,,,,चिड़िया,1
476480,1757895633,ai.elimu.filamu,{'video_playback_position_ms': 52188},,,चिड़िया,1
476481,1757895747,ai.elimu.filamu,,,,चिड़िया,1
476482,1757895796,ai.elimu.filamu,{'video_playback_position_ms': 25822},,,चिड़िया,1
476483,1757895867,ai.elimu.filamu,,,,चिड़िया,1
476484,1757895893,ai.elimu.filamu,{'video_playback_position_ms': 13364},,,चिड़िया,1
476485,1757895968,ai.elimu.filamu,,,,चिड़िया,1
476486,1757895990,ai.elimu.filamu,{'video_playback_position_ms': 54392},,,चिड़िया,1
476487,1757896005,ai.elimu.filamu,,,,चिड़िया,1
476488,1757896034,ai.elimu.filamu,{'video_playback_position_ms': 41626},,,चिड़िया,1
476489,1757896115,ai.elimu.filamu,,,,चिड़िया,1
476490,1757896129,ai.elimu.filamu,{'video_playback_position_ms': 44373},,,चिड़िया,1
476529,1757979724,ai.elimu.filamu,,,,चिड़िया,1
476530,1757979728,ai.elimu.filamu,{'video_playback_position_ms': 23460},,,चिड़िया,1
476531,1757979833,ai.elimu.filamu,,,,चिड़िया,1
476532,1757979864,ai.elimu.filamu,{'video_playback_position_ms': 1334},,,चिड़िया,1
476533,1757979886,ai.elimu.filamu,,,,चिड़िया,1
476534,1757979941,ai.elimu.filamu,{'video_playback_position_ms': 20766},,,चिड़िया,1
476535,1757979990,ai.elimu.filamu,,,,चिड़िया,1
476536,1757980016,ai.elimu.filamu,{'video_playback_position_ms': 33565},,,चिड़िया,1
476537,1757980085,ai.elimu.filamu,,,,चिड़िया,1
476538,1757980123,ai.elimu.filamu,{'video_playback_position_ms': 5532},,,चिड़िया,1
476539,1758065929,ai.elimu.filamu,,,,चिड़िया,1
476540,1758065967,ai.elimu.filamu,{'video_playback_position_ms': 38624},,,चिड़िया,1
476541,1758066019,ai.elimu.filamu,,,,चिड़िया,1
476542,1758066044,ai.elimu.filamu,{'video_playback_position_ms': 22354},,,चिड़िया,1
476543,1758066105,ai.elimu.filamu,,,,चिड़िया,1
476544,1758066150,ai.elimu.filamu,{'video_playback_position_ms': 43786},,,चिड़िया,1
476545,1758066256,ai.elimu.filamu,,,,चिड़िया,1
476546,1758066277,ai.elimu.filamu,{'video_playback_position_ms': 33580},,,चिड़िया,1
476547,1758066362,ai.elimu.filamu,,,,चिड़िया,1
476548,1758066394,ai.elimu.filamu,{'video_playback_position_ms': 9721},,,चिड़िया,1
476549,1758066420,ai.elimu.filamu,,,,चिड़िया,1
476550,1758066431,ai.elimu.filamu,{'video_playback_position_ms': 25449},,,चिड़िया,1
476551,1758066546,ai.elimu.filamu,,,,चिड़िया,1
476552,1758066603,ai.elimu.filamu,{'video_playback_position_ms': 22621},,,चिड़िया,1
476561,1758498228,ai.elimu.filamu,,,,चिड़िया,1
476562,1758498284,ai.elimu.filamu,{'video_playback_position_ms': 41885},,,चिड़िया,1
476563,1758498327,ai.elimu.filamu,,,,चिड़िया,1
476564,1758498341,ai.elimu.filamu,{'video_playback_position_ms': 40396},,,चिड़िया,1
476619,1758672588,ai.elimu.filamu,,,,चिड़िया,1
476620,1758672640,ai.elimu.filamu,{'video_playback_position_ms': 18915},,,चिड़िया,1
476621,1758672751,ai.elimu.filamu,,,,चिड़िया,1
476622,1758672784,ai.elimu.filamu,{'video_playback_position_ms': 21138},,,चिड़िया,1
476623,1758672857,ai.elimu.filamu,,,,चिड़िया,1
476624,1758672908,ai.elimu.filamu,{'video_playback_position_ms': 27519},,,चिड़िया,1
476625,1758673020,ai.elimu.filamu,,,,चिड़िया,1
476626,1758673038,ai.elimu.filamu,{'video_playback_position_ms': 14394},,,चिड़िया,1
476627,1758673066,ai.elimu.filamu,,,,चिड़िया,1
476628,1758673087,ai.elimu.filamu,{'video_playback_position_ms': 9621},,,चिड़िया,1
476629,1758673200,ai.elimu.filamu,,,,चिड़िया,1
476630,1758673237,ai.elimu.filamu,{'video_playback_position_ms': 22185},,,चिड़िया,1
476651,1758761612,ai.elimu.filamu,,,,चिड़िया,1
476652,1758761664,ai.elimu.filamu,{'video_playback_position_ms': 38592},,,चिड़िया,1
476653,1758761779,ai.elimu.filamu,,,,चिड़िया,1
476654,1758761824,ai.elimu.filamu,{'video_playback_position_ms': 37718},,,चिड़िया,1
476655,1758761925,ai.elimu.filamu,,,,चिड़िया,1
476656,1758761959,ai.elimu.filamu,{'video_playback_position_ms': 21791},,,चिड़िया,1
476657,1758761981,ai.elimu.filamu,,,,चिड़िया,1
476658,1758762004,ai.elimu.filamu,{'video_playback_position_ms': 10667},,,चिड़िया,1
476659,1758762031,ai.elimu.filamu,,,,चिड़िया,1
476660,1758762046,ai.elimu.filamu,{'video_playback_position_ms': 4577},,,चिड़िया,1
476661,1758762121,ai.elimu.filamu,,,,चिड़िया,1
476662,1758762127,ai.elimu.filamu,{'video_playback_position_ms': 57537},,,चिड़िया,1
476663,1758762238,ai.elimu.filamu,,,,चिड़िया,1
476664,1758762285,ai.elimu.filamu,{'video_playback_position_ms': 9515},,,चिड़िया,1
476665,1758762339,ai.elimu.filamu,,,,चिड़िया,1
476666,1758762359,ai.elimu.filamu,{'video_playback_position_ms': 10112},,,चिड़िया,1
476667,1758762425,ai.elimu.filamu,,,,चिड़िया,1
476668,1758762471,ai.elimu.filamu,{'video_playback_position_ms': 55999},,,चिड़िया,1
476669,1758762580,ai.elimu.filamu,,,,चिड़िया,1
476670,1758762620,ai.elimu.filamu,{'video_playback_position_ms': 6380},,,चिड़िया,1
476671,1758762661,ai.elimu.filamu,,,,चिड़िया,1
476672,1758762720,ai.elimu.filamu,{'video_playback_position_ms': 31460},,,चिड़िया,1
476673,1758762808,ai.elimu.filamu,,,,चिड़िया,1
476674,1758762855,ai.elimu.filamu,{'video_playback_position_ms': 50168},,,चिड़िया,1
476675,1758762971,ai.elimu.filamu,,,,चिड़िया,1
476676,1758763030,ai.elimu.filamu,{'video_playback_position_ms': 22762},,,चिड़िया,1
476677,1758763115,ai.elimu.filamu,,,,चिड़िया,1
476678,1758763148,ai.elimu.filamu,{'video_playback_position_ms': 39723},,,चिड़िया,1
476679,1758763194,ai.elimu.filamu,,,,चिड़िया,1
476680,1758763225,ai.elimu.filamu,{'video_playback_position_ms': 11988},,,चिड़िया,1
476681,1758763291,ai.elimu.filamu,,,,चिड़िया,1
476682,1758763300,ai.elimu.filamu,{'video_playback_position_ms': 28669},,,चिड़िया,1
476751,1758845338,ai.elimu.filamu,,,,चिड़िया,1
476752,1758845352,ai.elimu.filamu,{'video_playback_position_ms': 36398},,,चिड़िया,1
476753,1758845448,ai.elimu.filamu,,,,चिड़िया,1
476754,1758845457,ai.elimu.filamu,{'video_playback_position_ms': 8579},,,चिड़िया,1
476755,1758845494,ai.elimu.filamu,,,,चिड़िया,1
476756,1758845499,ai.elimu.filamu,{'video_playback_position_ms': 8344},,,चिड़िया,1
476757,1758845537,ai.elimu.filamu,,,,चिड़िया,1
476758,1758845589,ai.elimu.filamu,{'video_playback_position_ms': 43744},,,चिड़िया,1
476759,1758845669,ai.elimu.filamu,,,,चिड़िया,1
476760,1758845695,ai.elimu.filamu,{'video_playback_position_ms': 20428},,,चिड़िया,1
476799,1758929335,ai.elimu.filamu,,,,चिड़िया,1
476800,1758929350,ai.elimu.filamu,{'video_playback_position_ms': 30306},,,चिड़िया,1
476801,1758929430,ai.elimu.filamu,,,,चिड़िया,1
476802,1758929443,ai.elimu.filamu,{'video_playback_position_ms': 38135},,,चिड़िया,1
476803,1758929514,ai.elimu.filamu,,,,चिड़िया,1
476804,1758929572,ai.elimu.filamu,{'video_playback_position_ms': 1216},,,चिड़िया,1
476805,1758929687,ai.elimu.filamu,,,,चिड़िया,1
476806,1758929737,ai.elimu.filamu,{'video_playback_position_ms': 12704},,,चिड़िया,1
476807,1758929806,ai.elimu.filamu,,,,चिड़िया,1
476808,1758929852,ai.elimu.filamu,{'video_playback_position_ms': 3700},,,चिड़िया,1
476809,1758929959,ai.elimu.filamu,,,,चिड़िया,1
476810,1758929980,ai.elimu.filamu,{'video_playback_position_ms': 53341},,,चिड़िया,1
476811,1758930033,ai.elimu.filamu,,,,चिड़िया,1
476812,1758930044,ai.elimu.filamu,{'video_playback_position_ms': 59110},,,चिड़िया,1
476813,1758930071,ai.elimu.filamu,,,,चिड़िया,1
476814,1758930095,ai.elimu.filamu,{'video_playback_position_ms': 11154},,,चिड़िया,1
476815,1758930184,ai.elimu.filamu,,,,चिड़िया,1
476816,1758930219,ai.elimu.filamu,{'video_playback_position_ms': 49757},,,चिड़िया,1
476817,1758930311,ai.elimu.filamu,,,,चिड़िया,1
476818,1758930321,ai.elimu.filamu,{'video_playback_position_ms': 37957},,,चिड़िया,1
476819,1758930346,ai.elimu.filamu,,,,चिड़िया,1
476820,1758930361,ai.elimu.filamu,{'video_playback_position_ms': 9247},,,चिड़िया,1
476821,1758930402,ai.elimu.filamu,,,,चिड़िया,1
476822,1758930430,ai.elimu.filamu,{'video_playback_position_ms': 35396},,,चिड़िया,1
476823,1758930466,ai.elimu.filamu,,,,चिड़िया,1
476824,1758930505,ai.elimu.filamu,{'video_playback_position_ms': 15043},,,चिड़िया,1
476825,1758930533,ai.elimu.filamu,,,,चिड़िया,1
476826,1758930590,ai.elimu.filamu,{'video_playback_position_ms': 43776},,,चिड़िया,1
476827,1758930630,ai.elimu.filamu,,,,चिड़िया,1
476828,1758930678,ai.elimu.filamu,{'video_playback_position_ms': 18456},,,चिड़िया,1
476829,1758930725,ai.elimu.filamu,,,,चिड़िया,1
476830,1758930774,ai.elimu.filamu,{'video_playback_position_ms': 10595},,,चिड़िया,1
476831,1758930893,ai.elimu.filamu,,,,चिड़िया,1
476832,1758930922,ai.elimu.filamu,{'video_playback_position_ms': 52951},,,चिड़िया,1
476845,1759017614,ai.elimu.filamu,,,,चिड़िया,1
476846,1759017641,ai.elimu.filamu,{'video_playback_position_ms': 52270},,,चिड़िया,1
476847,1759017749,ai.elimu.filamu,,,,चिड़िया,1
476848,1759017800,ai.elimu.filamu,{'video_playback_position_ms': 34560},,,चिड़िया,1
476849,1759017856,ai.elimu.filamu,,,,चिड़िया,1
476850,1759017860,ai.elimu.filamu,{'video_playback_position_ms': 47568},,,चिड़िया,1
476851,1759017886,ai.elimu.filamu,,,,चिड़िया,1
476852,1759017907,ai.elimu.filamu,{'video_playback_position_ms': 18335},,,चिड़िया,1
476853,1759018022,ai.elimu.filamu,,,,चिड़िया,1
476854,1759018082,ai.elimu.filamu,{'video_playback_position_ms': 52236},,,चिड़िया,1
476855,1759018171,ai.elimu.filamu,,,,चिड़िया,1
476856,1759018182,ai.elimu.filamu,{'video_playback_position_ms': 12522},,,चिड़िया,1
476857,1759018203,ai.elimu.filamu,,,,चिड़िया,1
476858,1759018237,ai.elimu.filamu,{'video_playback_position_ms': 27081},,,चिड़िया,1
476875,1759106162,ai.elimu.filamu,,,,चिड़िया,1
476876,1759106183,ai.elimu.filamu,{'video_playback_position_ms': 49902},,,चिड़िया,1
476877,1759106219,ai.elimu.filamu,,,,चिड़िया,1
476878,1759106237,ai.elimu.filamu,{'video_playback_position_ms': 54987},,,चिड़िया,1
476879,1759106314,ai.elimu.filamu,,,,चिड़िया,1
476880,1759106352,ai.elimu.filamu,{'video_playback_position_ms': 44998},,,चिड़िया,1
476881,1759106399,ai.elimu.filamu,,,,चिड़िया,1
476882,1759106432,ai.elimu.filamu,{'video_playback_position_ms': 13560},,,चिड़िया,1
476883,1759106525,ai.elimu.filamu,,,,चिड़िया,1
476884,1759106576,ai.elimu.filamu,{'video_playback_position_ms': 49665},,,चिड़िया,1
476885,1759106670,ai.elimu.filamu,,,,चिड़िया,1
476886,1759106721,ai.elimu.filamu,{'video_playback_position_ms': 47577},,,चिड़िया,1
476887,1759106774,ai.elimu.filamu,,,,चिड़िया,1
476888,1759106808,ai.elimu.filamu,{'video_playback_position_ms': 37451},,,चिड़िया,1
476943,1759268561,ai.elimu.filamu,,,,चिड़िया,1
476944,1759268597,ai.elimu.filamu,{'video_playback_position_ms': 13003},,,चिड़िया,1
476945,1759268652,ai.elimu.filamu,,,,चिड़िया,1
476946,1759268663,ai.elimu.filamu,{'video_playback_position_ms': 10864},,,चिड़िया,1
476947,1759268767,ai.elimu.filamu,,,,चिड़िया,1
476948,1759268821,ai.elimu.filamu,{'video_playback_position_ms': 35294},,,चिड़िया,1
476949,1759268872,ai.elimu.filamu,,,,चिड़िया,1
476950,1759268910,ai.elimu.filamu,{'video_playback_position_ms': 12815},,,चिड़िया,1
476951,1759268950,ai.elimu.filamu,,,,चिड़िया,1
476952,1759268985,ai.elimu.filamu,{'video_playback_position_ms': 26759},,,चिड़िया,1
476953,1759269006,ai.elimu.filamu,,,,चिड़िया,1
476954,1759269011,ai.elimu.filamu,{'video_playback_position_ms': 54329},,,चिड़िया,1
476955,1759269074,ai.elimu.filamu,,,,चिड़िया,1
476956,1759269094,ai.elimu.filamu,{'video_playback_position_ms': 56890},,,चिड़िया,1
477033,1759452649,ai.elimu.filamu,,,,चिड़िया,1
477034,1759452664,ai.elimu.filamu,{'video_playback_position_ms': 44581},,,चिड़िया,1
477035,1759452684,ai.elimu.filamu,,,,चिड़िया,1
477036,1759452735,ai.elimu.filamu,{'video_playback_position_ms': 45947},,,चिड़िया,1
477037,1759452823,ai.elimu.filamu,,,,चिड़िया,1
477038,1759452832,ai.elimu.filamu,{'video_playback_position_ms': 36807},,,चिड़िया,1
477039,1759452856,ai.elimu.filamu,,,,चिड़िया,1
477040,1759452860,ai.elimu.filamu,{'video_playback_position_ms': 39049},,,चिड़िया,1
477041,1759452922,ai.elimu.filamu,,,,चिड़िया,1
477042,1759452937,ai.elimu.filamu,{'video_playback_position_ms': 9840},,,चिड़िया,1
477043,1759453041,ai.elimu.filamu,,,,चिड़िया,1
477044,1759453097,ai.elimu.filamu,{'video_playback_position_ms': 4606},,,चिड़िया,1
477045,1759453176,ai.elimu.filamu,,,,चिड़िया,1
477046,1759453222,ai.elimu.filamu,{'video_playback_position_ms': 57679},,,चिड़िया,1
477047,1759453320,ai.elimu.filamu,,,,चिड़िया,1
477048,1759453357,ai.elimu.filamu,{'video_playback_position_ms': 40715},,,चिड़िया,1
477049,1759453377,ai.elimu.filamu,,,,चिड़िया,1
477050,1759453382,ai.elimu.filamu,{'video_playback_position_ms': 39428},,,चिड़िया,1
477147,1759623179,ai.elimu.filamu,,,,चिड़िया,1
477148,1759623230,ai.elimu.filamu,{'video_playback_position_ms': 41541},,,चिड़िया,1
477149,1759623300,ai.elimu.filamu,,,,चिड़िया,1
477150,1759623342,ai.elimu.filamu,{'video_playback_position_ms': 9460},,,चिड़िया,1
477151,1759623380,ai.elimu.filamu,,,,चिड़िया,1
477152,1759623403,ai.elimu.filamu,{'video_playback_position_ms': 32405},,,चिड़िया,1
477153,1759623440,ai.elimu.filamu,,,,चिड़िया,1
477154,1759623472,ai.elimu.filamu,{'video_playback_position_ms': 40197},,,चिड़िया,1
477155,1759623574,ai.elimu.filamu,,,,चिड़िया,1
477156,1759623611,ai.elimu.filamu,{'video_playback_position_ms': 39339},,,चिड़िया,1
477157,1759623725,ai.elimu.filamu,,,,चिड़िया,1
477158,1759623767,ai.elimu.filamu,{'video_playback_position_ms': 31296},,,चिड़िया,1
477159,1759623845,ai.elimu.filamu,,,,चिड़िया,1
477160,1759623857,ai.elimu.filamu,{'video_playback_position_ms': 30472},,,चिड़िया,1
477161,1759623948,ai.elimu.filamu,,,,चिड़िया,1
477162,1759623957,ai.elimu.filamu,{'video_playback_position_ms': 34082},,,चिड़िया,1
477163,1759624076,ai.elimu.filamu,,,,चिड़िया,1
477164,1759624126,ai.elimu.filamu,{'video_playback_position_ms': 8247},,,चिड़िया,1
477165,1759624162,ai.elimu.filamu,,,,चिड़िया,1
477166,1759624200,ai.elimu.filamu,{'video_playback_position_ms': 2820},,,चिड़िया,1
477167,1759624271,ai.elimu.filamu,,,,चिड़िया,1
477168,1759624284,ai.elimu.filamu,{'video_playback_position_ms': 24246},,,चिड़िया,1
477223,1759709189,ai.elimu.filamu,,,,चिड़िया,1
477224,1759709232,ai.elimu.filamu,{'video_playback_position_ms': 20340},,,चिड़िया,1
477225,1759709346,ai.elimu.filamu,,,,चिड़िया,1
477226,1759709348,ai.elimu.filamu,{'video_playback_position_ms': 6174},,,चिड़िया,1
477227,1759709409,ai.elimu.filamu,,,,चिड़िया,1
477228,1759709431,ai.elimu.filamu,{'video_playback_position_ms': 40660},,,चिड़िया,1
477229,1759709449,ai.elimu.filamu,,,,चिड़िया,1
477230,1759709482,ai.elimu.filamu,{'video_playback_position_ms': 42194},,,चिड़िया,1
477231,1759709591,ai.elimu.filamu,,,,चिड़िया,1
477232,1759709631,ai.elimu.filamu,{'video_playback_position_ms': 57740},,,चिड़िया,1
477233,1759709730,ai.elimu.filamu,,,,चिड़िया,1
477234,1759709782,ai.elimu.filamu,{'video_playback_position_ms': 44218},,,चिड़िया,1
477235,1759709873,ai.elimu.filamu,,,,चिड़िया,1
477236,1759709909,ai.elimu.filamu,{'video_playback_position_ms': 11535},,,चिड़िया,1
477237,1759709969,ai.elimu.filamu,,,,चिड़िया,1
477238,1759709974,ai.elimu.filamu,{'video_playback_position_ms': 42861},,,चिड़िया,1
477239,1759710002,ai.elimu.filamu,,,,चिड़िया,1
477240,1759710020,ai.elimu.filamu,{'video_playback_position_ms': 55401},,,चिड़िया,1
477241,1759710037,ai.elimu.filamu,,,,चिड़िया,1
477242,1759710082,ai.elimu.filamu,{'video_playback_position_ms': 1963},,,चिड़िया,1
477243,1759710107,ai.elimu.filamu,,,,चिड़िया,1
477244,1759710151,ai.elimu.filamu,{'video_playback_position_ms': 7384},,,चिड़िया,1
477245,1759710194,ai.elimu.filamu,,,,चिड़िया,1
477246,1759710198,ai.elimu.filamu,{'video_playback_position_ms': 18626},,,चिड़िया,1
477247,1759710259,ai.elimu.filamu,,,,चिड़िया,1
477248,1759710287,ai.elimu.filamu,{'video_playback_position_ms': 18736},,,चिड़िया,1
477249,1759710391,ai.elimu.filamu,,,,चिड़िया,1
477250,1759710398,ai.elimu.filamu,{'video_playback_position_ms': 35928},,,चिड़िया,1
477251,1759710420,ai.elimu.filamu,,,,चिड़िया,1
477252,1759710437,ai.elimu.filamu,{'video_playback_position_ms': 26310},,,चिड़िया,1
477253,1759710527,ai.elimu.filamu,,,,चिड़िया,1
477254,1759710538,ai.elimu.filamu,{'video_playback_position_ms': 34973},,,चिड़िया,1
477255,1759710653,ai.elimu.filamu,,,,चिड़िया,1
477256,1759710674,ai.elimu.filamu,{'video_playback_position_ms': 39580},,,चिड़िया,1
477257,1759710732,ai.elimu.filamu,,,,चिड़िया,1
477258,1759710754,ai.elimu.filamu,{'video_playback_position_ms': 56977},,,चिड़िया,1
477325,1759797495,ai.elimu.filamu,,,,चिड़िया,1
477326,1759797525,ai.elimu.filamu,{'video_playback_position_ms': 52878},,,चिड़िया,1
477327,1759797543,ai.elimu.filamu,,,,चिड़िया,1
477328,1759797550,ai.elimu.filamu,{'video_playback_position_ms': 7722},,,चिड़िया,1
477329,1759797600,ai.elimu.filamu,,,,चिड़िया,1
477330,1759797655,ai.elimu.filamu,{'video_playback_position_ms': 19894},,,चिड़िया,1
477331,1759797696,ai.elimu.filamu,,,,चिड़िया,1
477332,1759797736,ai.elimu.filamu,{'video_playback_position_ms': 9188},,,चिड़िया,1
477333,1759797846,ai.elimu.filamu,,,,चिड़िया,1
477334,1759797905,ai.elimu.filamu,{'video_playback_position_ms': 12375},,,चिड़िया,1
477335,1759797924,ai.elimu.filamu,,,,चिड़िया,1
477336,1759797959,ai.elimu.filamu,{'video_playback_position_ms': 6516},,,चिड़िया,1
477337,1759797979,ai.elimu.filamu,,,,चिड़िया,1
477338,1759797998,ai.elimu.filamu,{'video_playback_position_ms': 27804},,,चिड़िया,1
477339,1759798107,ai.elimu.filamu,,,,चिड़िया,1
477340,1759798150,ai.elimu.filamu,{'video_playback_position_ms': 14773},,,चिड़िया,1
477387,1759967013,ai.elimu.filamu,,,,चिड़िया,1
477388,1759967069,ai.elimu.filamu,{'video_playback_position_ms': 14666},,,चिड़िया,1
477389,1759967188,ai.elimu.filamu,,,,चिड़िया,1
477390,1759967191,ai.elimu.filamu,{'video_playback_position_ms': 59387},,,चिड़िया,1
477391,1759967266,ai.elimu.filamu,,,,चिड़िया,1
477392,1759967282,ai.elimu.filamu,{'video_playback_position_ms': 9153},,,चिड़िया,1
477393,1759967340,ai.elimu.filamu,,,,चिड़िया,1
477394,1759967357,ai.elimu.filamu,{'video_playback_position_ms': 55761},,,चिड़िया,1
477395,1759967386,ai.elimu.filamu,,,,चिड़िया,1
477396,1759967414,ai.elimu.filamu,{'video_playback_position_ms': 32247},,,चिड़िया,1
477397,1759967435,ai.elimu.filamu,,,,चिड़िया,1
477398,1759967471,ai.elimu.filamu,{'video_playback_position_ms': 38893},,,चिड़िया,1
477399,1759967513,ai.elimu.filamu,,,,चिड़िया,1
477400,1759967559,ai.elimu.filamu,{'video_playback_position_ms': 33345},,,चिड़िया,1
477401,1759967651,ai.elimu.filamu,,,,चिड़िया,1
477402,1759967710,ai.elimu.filamu,{'video_playback_position_ms': 12892},,,चिड़िया,1
477403,1759967743,ai.elimu.filamu,,,,चिड़िया,1
477404,1759967763,ai.elimu.filamu,{'video_playback_position_ms': 38314},,,चिड़िया,1
477405,1759967788,ai.elimu.filamu,,,,चिड़िया,1
477406,1759967793,ai.elimu.filamu,{'video_playback_position_ms': 18803},,,चिड़िया,1
477407,1759967832,ai.elimu.filamu,,,,चिड़िया,1
477408,1759967856,ai.elimu.filamu,{'video_playback_position_ms': 55871},,,चिड़िया,1
477461,1760055112,ai.elimu.filamu,,,,चिड़िया,1
477462,1760055139,ai.elimu.filamu,{'video_playback_position_ms': 7213},,,चिड़िया,1
477463,1760055212,ai.elimu.filamu,,,,चिड़िया,1
477464,1760055226,ai.elimu.filamu,{'video_playback_position_ms': 39182},,,चिड़िया,1
477465,1760055311,ai.elimu.filamu,,,,चिड़िया,1
477466,1760055335,ai.elimu.filamu,{'video_playback_position_ms': 15923},,,चिड़िया,1
477467,1760055440,ai.elimu.filamu,,,,चिड़िया,1
477468,1760055470,ai.elimu.filamu,{'video_playback_position_ms': 37981},,,चिड़िया,1
477469,1760055577,ai.elimu.filamu,,,,चिड़िया,1
477470,1760055611,ai.elimu.filamu,{'video_playback_position_ms': 39270},,,चिड़िया,1
477471,1760055710,ai.elimu.filamu,,,,चिड़िया,1
477472,1760055743,ai.elimu.filamu,{'video_playback_position_ms': 15025},,,चिड़िया,1
477503,1760140402,ai.elimu.filamu,,,,चिड़िया,1
477504,1760140421,ai.elimu.filamu,{'video_playback_position_ms': 36387},,,चिड़िया,1
477525,1760226847,ai.elimu.filamu,,,,चिड़िया,1
477526,1760226897,ai.elimu.filamu,{'video_playback_position_ms': 49509},,,चिड़िया,1
477527,1760226984,ai.elimu.filamu,,,,चिड़िया,1
477528,1760227028,ai.elimu.filamu,{'video_playback_position_ms': 30546},,,चिड़िया,1
477529,1760227075,ai.elimu.filamu,,,,चिड़िया,1
477530,1760227110,ai.elimu.filamu,{'video_playback_position_ms': 56569},,,चिड़िया,1
477531,1760227178,ai.elimu.filamu,,,,चिड़िया,1
477532,1760227228,ai.elimu.filamu,{'video_playback_position_ms': 2973},,,चिड़िया,1
477533,1760227319,ai.elimu.filamu,,,,चिड़िया,1
477534,1760227324,ai.elimu.filamu,{'video_playback_position_ms': 7373},,,चिड़िया,1
477535,1760227405,ai.elimu.filamu,,,,चिड़िया,1
477536,1760227413,ai.elimu.filamu,{'video_playback_position_ms': 50824},,,चिड़िया,1
477577,1760317649,ai.elimu.filamu,,,,चिड़िया,1
477578,1760317683,ai.elimu.filamu,{'video_playback_position_ms': 6518},,,चिड़िया,1
477579,1760317749,ai.elimu.filamu,,,,चिड़िया,1
477580,1760317755,ai.elimu.filamu,{'video_playback_position_ms': 59523},,,चिड़िया,1
477581,1760317806,ai.elimu.filamu,,,,चिड़िया,1
477582,1760317831,ai.elimu.filamu,{'video_playback_position_ms': 37412},,,चिड़िया,1
477583,1760317939,ai.elimu.filamu,,,,चिड़िया,1
477584,1760317987,ai.elimu.filamu,{'video_playback_position_ms': 17181},,,चिड़िया,1
477585,1760318003,ai.elimu.filamu,,,,चिड़िया,1
477586,1760318060,ai.elimu.filamu,{'video_playback_position_ms': 12646},,,चिड़िया,1
477587,1760318088,ai.elimu.filamu,,,,चिड़िया,1
477588,1760318135,ai.elimu.filamu,{'video_playback_position_ms': 11572},,,चिड़िया,1
477589,1760318153,ai.elimu.filamu,,,,चिड़िया,1
477590,1760318201,ai.elimu.filamu,{'video_playback_position_ms': 23091},,,चिड़िया,1
477591,1760318317,ai.elimu.filamu,,,,चिड़िया,1
477592,1760318360,ai.elimu.filamu,{'video_playback_position_ms': 55379},,,चिड़िया,1
477593,1760318445,ai.elimu.filamu,,,,चिड़िया,1
477594,1760318479,ai.elimu.filamu,{'video_playback_position_ms': 55469},,,चिड़िया,1
477625,1760401423,ai.elimu.filamu,,,,चिड़िया,1
477626,1760401444,ai.elimu.filamu,{'video_playback_position_ms': 54459},,,चिड़िया,1
477627,1760401525,ai.elimu.filamu,,,,चिड़िया,1
477628,1760401553,ai.elimu.filamu,{'video_playback_position_ms': 57927},,,चिड़िया,1
477629,1760401606,ai.elimu.filamu,,,,चिड़िया,1
477630,1760401647,ai.elimu.filamu,{'video_playback_position_ms': 36063},,,चिड़िया,1
477631,1760401691,ai.elimu.filamu,,,,चिड़िया,1
477632,1760401723,ai.elimu.filamu,{'video_playback_position_ms': 8540},,,चिड़िया,1
477633,1760401821,ai.elimu.filamu,,,,चिड़िया,1
477634,1760401851,ai.elimu.filamu,{'video_playback_position_ms': 53258},,,चिड़िया,1
477635,1760401941,ai.elimu.filamu,,,,चिड़िया,1
477636,1760401969,ai.elimu.filamu,{'video_playback_position_ms': 32944},,,चिड़िया,1
477795,1760658856,ai.elimu.filamu,,,,चिड़िया,1
477796,1760658889,ai.elimu.filamu,{'video_playback_position_ms': 23646},,,चिड़िया,1
477797,1760658971,ai.elimu.filamu,,,,चिड़िया,1
477798,1760658995,ai.elimu.filamu,{'video_playback_position_ms': 53261},,,चिड़िया,1
477799,1760659040,ai.elimu.filamu,,,,चिड़िया,1
477800,1760659059,ai.elimu.filamu,{'video_playback_position_ms': 2595},,,चिड़िया,1
477801,1760659174,ai.elimu.filamu,,,,चिड़िया,1
477802,1760659185,ai.elimu.filamu,{'video_playback_position_ms': 27511},,,चिड़िया,1
477803,1760659212,ai.elimu.filamu,,,,चिड़िया,1
477804,1760659257,ai.elimu.filamu,{'video_playback_position_ms': 36516},,,चिड़िया,1
477805,1760659366,ai.elimu.filamu,,,,चिड़िया,1
477806,1760659375,ai.elimu.filamu,{'video_playback_position_ms': 27010},,,चिड़िया,1
477807,1760659472,ai.elimu.filamu,,,,चिड़िया,1
477808,1760659479,ai.elimu.filamu,{'video_playback_position_ms': 18868},,,चिड़िया,1
477809,1760659551,ai.elimu.filamu,,,,चिड़िया,1
477810,1760659603,ai.elimu.filamu,{'video_playback_position_ms': 47702},,,चिड़िया,1
477811,1760659639,ai.elimu.filamu,,,,चिड़िया,1
477812,1760659691,ai.elimu.filamu,{'video_playback_position_ms': 57551},,,चिड़िया,1
477813,1760659768,ai.elimu.filamu,,,,चिड़िया,1
477814,1760659807,ai.elimu.filamu,{'video_playback_position_ms': 44280},,,चिड़िया,1
477815,1760659883,ai.elimu.filamu,,,,चिड़िया,1
477816,1760659942,ai.elimu.filamu,{'video_playback_position_ms': 11278},,,चिड़िया,1
477817,1760744787,ai.elimu.filamu,,,,चिड़िया,1
477818,1760744816,ai.elimu.filamu,{'video_playback_position_ms': 16437},,,चिड़िया,1
477819,1760744906,ai.elimu.filamu,,,,चिड़िया,1
477820,1760744965,ai.elimu.filamu,{'video_playback_position_ms': 48453},,,चिड़िया,1
477821,1760745005,ai.elimu.filamu,,,,चिड़िया,1
477822,1760745050,ai.elimu.filamu,{'video_playback_position_ms': 57152},,,चिड़िया,1
477823,1760745066,ai.elimu.filamu,,,,चिड़िया,1
477824,1760745073,ai.elimu.filamu,{'video_playback_position_ms': 41709},,,चिड़िया,1
477825,1760745101,ai.elimu.filamu,,,,चिड़िया,1
477826,1760745112,ai.elimu.filamu,{'video_playback_position_ms': 6919},,,चिड़िया,1
477827,1760745231,ai.elimu.filamu,,,,चिड़िया,1
477828,1760745254,ai.elimu.filamu,{'video_playback_position_ms': 37281},,,चिड़िया,1
477829,1760745317,ai.elimu.filamu,,,,चिड़िया,1
477830,1760745328,ai.elimu.filamu,{'video_playback_position_ms': 12468},,,चिड़िया,1
477831,1760745353,ai.elimu.filamu,,,,चिड़िया,1
477832,1760745367,ai.elimu.filamu,{'video_playback_position_ms': 52593},,,चिड़िया,1
477833,1760745421,ai.elimu.filamu,,,,चिड़िया,1
477834,1760745446,ai.elimu.filamu,{'video_playback_position_ms': 3992},,,चिड़िया,1
477835,1760745465,ai.elimu.filamu,,,,चिड़िया,1
477836,1760745514,ai.elimu.filamu,{'video_playback_position_ms': 3589},,,चिड़िया,1
477837,1760745532,ai.elimu.filamu,,,,चिड़िया,1
477838,1760745581,ai.elimu.filamu,{'video_playback_position_ms': 59681},,,चिड़िया,1
477839,1760745629,ai.elimu.filamu,,,,चिड़िया,1
477840,1760745687,ai.elimu.filamu,{'video_playback_position_ms': 24798},,,चिड़िया,1
477841,1760745758,ai.elimu.filamu,,,,चिड़िया,1
477842,1760745768,ai.elimu.filamu,{'video_playback_position_ms': 53429},,,चिड़िया,1
477843,1760745830,ai.elimu.filamu,,,,चिड़िया,1
477844,1760745879,ai.elimu.filamu,{'video_playback_position_ms': 23185},,,चिड़िया,1
477845,1760745913,ai.elimu.filamu,,,,चिड़िया,1
477846,1760745947,ai.elimu.filamu,{'video_playback_position_ms': 53968},,,चिड़िया,1
477883,1760832984,ai.elimu.filamu,,,,चिड़िया,1
477884,1760833024,ai.elimu.filamu,{'video_playback_position_ms': 19076},,,चिड़िया,1
477885,1760833106,ai.elimu.filamu,,,,चिड़िया,1
477886,1760833114,ai.elimu.filamu,{'video_playback_position_ms': 42429},,,चिड़िया,1
477887,1760833165,ai.elimu.filamu,,,,चिड़िया,1
477888,1760833207,ai.elimu.filamu,{'video_playback_position_ms': 31212},,,चिड़िया,1
477889,1760833309,ai.elimu.filamu,,,,चिड़िया,1
477890,1760833326,ai.elimu.filamu,{'video_playback_position_ms': 23489},,,चिड़िया,1
477891,1760833434,ai.elimu.filamu,,,,चिड़िया,1
477892,1760833479,ai.elimu.filamu,{'video_playback_position_ms': 57706},,,चिड़िया,1
477917,1761005986,ai.elimu.filamu,,,,चिड़िया,1
477918,1761006038,ai.elimu.filamu,{'video_playback_position_ms': 19810},,,चिड़िया,1
477919,1761006057,ai.elimu.filamu,,,,चिड़िया,1
477920,1761006112,ai.elimu.filamu,{'video_playback_position_ms': 37917},,,चिड़िया,1
477921,1761006176,ai.elimu.filamu,,,,चिड़िया,1
477922,1761006197,ai.elimu.filamu,{'video_playback_position_ms': 22519},,,चिड़िया,1
477923,1761006240,ai.elimu.filamu,,,,चिड़िया,1
477924,1761006265,ai.elimu.filamu,{'video_playback_position_ms': 7471},,,चिड़िया,1
477925,1761006343,ai.elimu.filamu,,,,चिड़िया,1
477926,1761006347,ai.elimu.filamu,{'video_playback_position_ms': 28345},,,चिड़िया,1
477927,1761006387,ai.elimu.filamu,,,,चिड़िया,1
477928,1761006420,ai.elimu.filamu,{'video_playback_position_ms': 46593},,,चिड़िया,1
477929,1761006522,ai.elimu.filamu,,,,चिड़िया,1
477930,1761006569,ai.elimu.filamu,{'video_playback_position_ms': 30152},,,चिड़िया,1
477963,1761091839,ai.elimu.filamu,,,,चिड़िया,1
477964,1761091892,ai.elimu.filamu,{'video_playback_position_ms': 16738},,,चिड़िया,1
477965,1761091927,ai.elimu.filamu,,,,चिड़िया,1
477966,1761091979,ai.elimu.filamu,{'video_playback_position_ms': 13946},,,चिड़िया,1
477967,1761092018,ai.elimu.filamu,,,,चिड़िया,1
477968,1761092044,ai.elimu.filamu,{'video_playback_position_ms': 33184},,,चिड़िया,1
477969,1761092118,ai.elimu.filamu,,,,चिड़िया,1
477970,1761092130,ai.elimu.filamu,{'video_playback_position_ms': 25640},,,चिड़िया,1
477971,1761092151,ai.elimu.filamu,,,,चिड़िया,1
477972,1761092197,ai.elimu.filamu,{'video_playback_position_ms': 3674},,,चिड़िया,1
478037,1761179469,ai.elimu.filamu,,,,चिड़िया,1
478038,1761179524,ai.elimu.filamu,{'video_playback_position_ms': 4072},,,चिड़िया,1
478039,1761179636,ai.elimu.filamu,,,,चिड़िया,1
478040,1761179688,ai.elimu.filamu,{'video_playback_position_ms': 9837},,,चिड़िया,1
478041,1761179714,ai.elimu.filamu,,,,चिड़िया,1
478042,1761179744,ai.elimu.filamu,{'video_playback_position_ms': 30519},,,चिड़िया,1
478043,1761179838,ai.elimu.filamu,,,,चिड़िया,1
478044,1761179862,ai.elimu.filamu,{'video_playback_position_ms': 19707},,,चिड़िया,1
478045,1761179951,ai.elimu.filamu,,,,चिड़िया,1
478046,1761179974,ai.elimu.filamu,{'video_playback_position_ms': 21906},,,चिड़िया,1
478047,1761180001,ai.elimu.filamu,,,,चिड़िया,1
478048,1761180020,ai.elimu.filamu,{'video_playback_position_ms': 20371},,,चिड़िया,1
478049,1761180135,ai.elimu.filamu,,,,चिड़िया,1
478050,1761180159,ai.elimu.filamu,{'video_playback_position_ms': 57873},,,चिड़िया,1
478051,1761180201,ai.elimu.filamu,,,,चिड़िया,1
478052,1761180219,ai.elimu.filamu,{'video_playback_position_ms': 8535},,,चिड़िया,1
478053,1761180240,ai.elimu.filamu,,,,चिड़िया,1
478054,1761180266,ai.elimu.filamu,{'video_playback_position_ms': 6432},,,चिड़िया,1
478055,1761180369,ai.elimu.filamu,,,,चिड़िया,1
478056,1761180392,ai.elimu.filamu,{'video_playback_position_ms': 4070},,,चिड़िया,1
478057,1761180508,ai.elimu.filamu,,,,चिड़िया,1
478058,1761180552,ai.elimu.filamu,{'video_playback_position_ms': 41074},,,चिड़िया,1
478059,1761180604,ai.elimu.filamu,,,,चिड़िया,1
478060,1761180635,ai.elimu.filamu,{'video_playback_position_ms': 50161},,,चिड़िया,1
478061,1761180662,ai.elimu.filamu,,,,चिड़िया,1
478062,1761180688,ai.elimu.filamu,{'video_playback_position_ms': 52146},,,चिड़िया,1
478063,1761180782,ai.elimu.filamu,,,,चिड़िया,1
478064,1761180790,ai.elimu.filamu,{'video_playback_position_ms': 40176},,,चिड़िया,1
478065,1761180832,ai.elimu.filamu,,,,चिड़िया,1
478066,1761180838,ai.elimu.filamu,{'video_playback_position_ms': 53869},,,चिड़िया,1
478067,1761180858,ai.elimu.filamu,,,,चिड़िया,1
478068,1761180911,ai.elimu.filamu,{'video_playback_position_ms': 29198},,,चिड़िया,1
478069,1761181005,ai.elimu.filamu,,,,चिड़िया,1
478070,1761181060,ai.elimu.filamu,{'video_playback_position_ms': 54958},,,चिड़िया,1
478071,1761181138,ai.elimu.filamu,,,,चिड़िया,1
478072,1761181151,ai.elimu.filamu,{'video_playback_position_ms': 24525},,,चिड़िया,1
478073,1761181168,ai.elimu.filamu,,,,चिड़िया,1
478074,1761181218,ai.elimu.filamu,{'video_playback_position_ms': 13934},,,चिड़िया,1
478137,1761523983,ai.elimu.filamu,,,,चिड़िया,1
478138,1761524043,ai.elimu.filamu,{'video_playback_position_ms': 53563},,,चिड़िया,1
478139,1761524159,ai.elimu.filamu,,,,चिड़िया,1
478140,1761524204,ai.elimu.filamu,{'video_playback_position_ms': 52813},,,चिड़िया,1
478141,1761524272,ai.elimu.filamu,,,,चिड़िया,1
478142,1761524325,ai.elimu.filamu,{'video_playback_position_ms': 42086},,,चिड़िया,1
478143,1761524356,ai.elimu.filamu,,,,चिड़िया,1
478144,1761524377,ai.elimu.filamu,{'video_playback_position_ms': 59884},,,चिड़िया,1
478145,1761524471,ai.elimu.filamu,,,,चिड़िया,1
478146,1761524488,ai.elimu.filamu,{'video_playback_position_ms': 6340},,,चिड़िया,1
478193,1761611910,ai.elimu.filamu,,,,चिड़िया,1
478194,1761611922,ai.elimu.filamu,{'video_playback_position_ms': 57543},,,चिड़िया,1
478195,1761612018,ai.elimu.filamu,,,,चिड़िया,1
478196,1761612042,ai.elimu.filamu,{'video_playback_position_ms': 58727},,,चिड़िया,1
478197,1761612080,ai.elimu.filamu,,,,चिड़िया,1
478198,1761612136,ai.elimu.filamu,{'video_playback_position_ms': 43577},,,चिड़िया,1
478199,1761612218,ai.elimu.filamu,,,,चिड़िया,1
478200,1761612249,ai.elimu.filamu,{'video_playback_position_ms': 12657},,,चिड़िया,1
478201,1761612316,ai.elimu.filamu,,,,चिड़िया,1
478202,1761612372,ai.elimu.filamu,{'video_playback_position_ms': 35196},,,चिड़िया,1
478203,1761612416,ai.elimu.filamu,,,,चिड़िया,1
478204,1761612462,ai.elimu.filamu,{'video_playback_position_ms': 42240},,,चिड़िया,1
478205,1761612579,ai.elimu.filamu,,,,चिड़िया,1
478206,1761612587,ai.elimu.filamu,{'video_playback_position_ms': 5071},,,चिड़िया,1
478207,1761612617,ai.elimu.filamu,,,,चिड़िया,1
478208,1761612634,ai.elimu.filamu,{'video_playback_position_ms': 30409},,,चिड़िया,1
478209,1761612728,ai.elimu.filamu,,,,चिड़िया,1
478210,1761612731,ai.elimu.filamu,{'video_playback_position_ms': 41004},,,चिड़िया,1
478211,1761612848,ai.elimu.filamu,,,,चिड़िया,1
478212,1761612899,ai.elimu.filamu,{'video_playback_position_ms': 1428},,,चिड़िया,1
478213,1761613015,ai.elimu.filamu,,,,चिड़िया,1
478214,1761613058,ai.elimu.filamu,{'video_playback_position_ms': 30898},,,चिड़िया,1
478215,1761613175,ai.elimu.filamu,,,,चिड़िया,1
478216,1761613214,ai.elimu.filamu,{'video_playback_position_ms': 30098},,,चिड़िया,1
478251,1761868304,ai.elimu.filamu,,,,चिड़िया,1
478252,1761868345,ai.elimu.filamu,{'video_playback_position_ms': 56922},,,चिड़िया,1
478253,1761868427,ai.elimu.filamu,,,,चिड़िया,1
478254,1761868462,ai.elimu.filamu,{'video_playback_position_ms': 11821},,,चिड़िया,1
478255,1762386415,ai.elimu.filamu,,,,चिड़िया,1
478256,1762386438,ai.elimu.filamu,{'video_playback_position_ms': 19887},,,चिड़िया,1
478257,1762386459,ai.elimu.filamu,,,,चिड़िया,1
478258,1762386490,ai.elimu.filamu,{'video_playback_position_ms': 44415},,,चिड़िया,1
478259,1762386565,ai.elimu.filamu,,,,चिड़िया,1
478260,1762386607,ai.elimu.filamu,{'video_playback_position_ms': 47880},,,चिड़िया,1
478261,1762386690,ai.elimu.filamu,,,,चिड़िया,1
478262,1762386696,ai.elimu.filamu,{'video_playback_position_ms': 21102},,,चिड़िया,1
478263,1762386738,ai.elimu.filamu,,,,चिड़िया,1
478264,1762386747,ai.elimu.filamu,{'video_playback_position_ms': 3554},,,चिड़िया,1
478265,1762386770,ai.elimu.filamu,,,,चिड़िया,1
478266,1762386812,ai.elimu.filamu,{'video_playback_position_ms': 13388},,,चिड़िया,1
478267,1762386903,ai.elimu.filamu,,,,चिड़िया,1
478268,1762386940,ai.elimu.filamu,{'video_playback_position_ms': 14023},,,चिड़िया,1
478269,1762387022,ai.elimu.filamu,,,,चिड़िया,1
478270,1762387047,ai.elimu.filamu,{'video_playback_position_ms': 38229},,,चिड़िया,1
478271,1762387079,ai.elimu.filamu,,,,चिड़िया,1
478272,1762387136,ai.elimu.filamu,{'video_playback_position_ms': 42051},,,चिड़िया,1
478273,1762387237,ai.elimu.filamu,,,,चिड़िया,1
478274,1762387259,ai.elimu.filamu,{'video_playback_position_ms': 44467},,,चिड़िया,1
478275,1762387363,ai.elimu.filamu,,,,चिड़िया,1
478276,1762387389,ai.elimu.filamu,{'video_playback_position_ms': 58794},,,चिड़िया,1
478277,1762387410,ai.elimu.filamu,,,,चिड़िया,1
478278,1762387441,ai.elimu.filamu,{'video_playback_position_ms': 2800},,,चिड़िया,1
478279,1762387456,ai.elimu.filamu,,,,चिड़िया,1
478280,1762387477,ai.elimu.filamu,{'video_playback_position_ms': 11913},,,चिड़िया,1
478299,1762474635,ai.elimu.filamu,,,,चिड़िया,1
478300,1762474651,ai.elimu.filamu,{'video_playback_position_ms': 1436},,,चिड़िया,1
478301,1762474682,ai.elimu.filamu,,,,चिड़िया,1
478302,1762474714,ai.elimu.filamu,{'video_playback_position_ms': 54212},,,चिड़िया,1
478359,1763078902,ai.elimu.filamu,,,,चिड़िया,1
478360,1763078950,ai.elimu.filamu,{'video_playback_position_ms': 41687},,,चिड़िया,1
478361,1763079034,ai.elimu.filamu,,,,चिड़िया,1
478362,1763079081,ai.elimu.filamu,{'video_playback_position_ms': 48022},,,चिड़िया,1
478363,1763079135,ai.elimu.filamu,,,,चिड़िया,1
478364,1763079175,ai.elimu.filamu,{'video_playback_position_ms': 22522},,,चिड़िया,1
478365,1763079209,ai.elimu.filamu,,,,चिड़िया,1
478366,1763079220,ai.elimu.filamu,{'video_playback_position_ms': 46530},,,चिड़िया,1
478367,1763079293,ai.elimu.filamu,,,,चिड़िया,1
478368,1763079328,ai.elimu.filamu,{'video_playback_position_ms': 14293},,,चिड़िया,1
478369,1763079445,ai.elimu.filamu,,,,चिड़िया,1
478370,1763079489,ai.elimu.filamu,{'video_playback_position_ms': 47323},,,चिड़िया,1
478429,1763511245,ai.elimu.filamu,,,,चिड़िया,1
478430,1763511299,ai.elimu.filamu,{'video_playback_position_ms': 14544},,,चिड़िया,1
478431,1763511400,ai.elimu.filamu,,,,चिड़िया,1
478432,1763511430,ai.elimu.filamu,{'video_playback_position_ms': 13366},,,चिड़िया,1
478433,1763511462,ai.elimu.filamu,,,,चिड़िया,1
478434,1763511518,ai.elimu.filamu,{'video_playback_position_ms': 8962},,,चिड़िया,1
478435,1763511609,ai.elimu.filamu,,,,चिड़िया,1
478436,1763511624,ai.elimu.filamu,{'video_playback_position_ms': 21642},,,चिड़िया,1
478437,1763511705,ai.elimu.filamu,,,,चिड़िया,1
478438,1763511757,ai.elimu.filamu,{'video_playback_position_ms': 57601},,,चिड़िया,1
478439,1763511849,ai.elimu.filamu,,,,चिड़िया,1
478440,1763511895,ai.elimu.filamu,{'video_playback_position_ms': 6051},,,चिड़िया,1
478441,1763511982,ai.elimu.filamu,,,,चिड़िया,1
478442,1763512007,ai.elimu.filamu,{'video_playback_position_ms': 48940},,,चिड़िया,1
478443,1763512104,ai.elimu.filamu,,,,चिड़िया,1
478444,1763512161,ai.elimu.filamu,{'video_playback_position_ms': 46741},,,चिड़िया,1
478445,1763512182,ai.elimu.filamu,,,,चिड़िया,1
478446,1763512215,ai.elimu.filamu,{'video_playback_position_ms': 31172},,,चिड़िया,1
478447,1763512236,ai.elimu.filamu,,,,चिड़िया,1
478448,1763512256,ai.elimu.filamu,{'video_playback_position_ms': 50326},,,चिड़िया,1
478449,1763512357,ai.elimu.filamu,,,,चिड़िया,1
478450,1763512403,ai.elimu.filamu,{'video_playback_position_ms': 44650},,,चिड़िया,1
478451,1763512422,ai.elimu.filamu,,,,चिड़िया,1
478452,1763512428,ai.elimu.filamu,{'video_playback_position_ms': 36649},,,चिड़िया,1
478453,1763512471,ai.elimu.filamu,,,,चिड़िया,1
478454,1763512522,ai.elimu.filamu,{'video_playback_position_ms': 6357},,,चिड़िया,1
478455,1763512570,ai.elimu.filamu,,,,चिड़िया,1
478456,1763512622,ai.elimu.filamu,{'video_playback_position_ms': 17292},,,चिड़िया,1
478493,1763942890,ai.elimu.filamu,,,,चिड़िया,1
478494,1763942899,ai.elimu.filamu,{'video_playback_position_ms': 27947},,,चिड़िया,1
478495,1763942948,ai.elimu.filamu,,,,चिड़िया,1
478496,1763943001,ai.elimu.filamu,{'video_playback_position_ms': 21072},,,चिड़िया,1
478497,1763943108,ai.elimu.filamu,,,,चिड़िया,1
478498,1763943166,ai.elimu.filamu,{'video_playback_position_ms': 34168},,,चिड़िया,1
478499,1763943183,ai.elimu.filamu,,,,चिड़िया,1
478500,1763943202,ai.elimu.filamu,{'video_playback_position_ms': 48374},,,चिड़िया,1
478501,1763943293,ai.elimu.filamu,,,,चिड़िया,1
478502,1763943299,ai.elimu.filamu,{'video_playback_position_ms': 17299},,,चिड़िया,1
478503,1763943369,ai.elimu.filamu,,,,चिड़िया,1
478504,1763943375,ai.elimu.filamu,{'video_playback_position_ms': 26667},,,चिड़िया,1
478505,1763943441,ai.elimu.filamu,,,,चिड़िया,1
478506,1763943479,ai.elimu.filamu,{'video_playback_position_ms': 14680},,,चिड़िया,1
478507,1763943501,ai.elimu.filamu,,,,चिड़िया,1
478508,1763943524,ai.elimu.filamu,{'video_playback_position_ms': 49828},,,चिड़िया,1
478509,1763943595,ai.elimu.filamu,,,,चिड़िया,1
478510,1763943653,ai.elimu.filamu,{'video_playback_position_ms': 46007},,,चिड़िया,1
478511,1763943745,ai.elimu.filamu,,,,चिड़िया,1
478512,1763943771,ai.elimu.filamu,{'video_playback_position_ms': 19504},,,चिड़िया,1
478513,1763943839,ai.elimu.filamu,,,,चिड़िया,1
478514,1763943891,ai.elimu.filamu,{'video_playback_position_ms': 8791},,,चिड़िया,1
478567,1764548217,ai.elimu.filamu,,,,चिड़िया,1
478568,1764548238,ai.elimu.filamu,{'video_playback_position_ms': 26086},,,चिड़िया,1
478569,1764548330,ai.elimu.filamu,,,,चिड़िया,1
478570,1764548364,ai.elimu.filamu,{'video_playback_position_ms': 38028},,,चिड़िया,1
478571,1764548404,ai.elimu.filamu,,,,चिड़िया,1
478572,1764548460,ai.elimu.filamu,{'video_playback_position_ms': 40061},,,चिड़िया,1
478573,1764548557,ai.elimu.filamu,,,,चिड़िया,1
478574,1764548610,ai.elimu.filamu,{'video_playback_position_ms': 7028},,,चिड़िया,1
478579,1765498817,ai.elimu.filamu,,,,चिड़िया,1
478580,1765498857,ai.elimu.filamu,{'video_playback_position_ms': 21349},,,चिड़िया,1
478581,1765498917,ai.elimu.filamu,,,,चिड़िया,1
478582,1765498956,ai.elimu.filamu,{'video_playback_position_ms': 4967},,,चिड़िया,1
478583,1765499053,ai.elimu.filamu,,,,चिड़िया,1
478584,1765499065,ai.elimu.filamu,{'video_playback_position_ms': 19745},,,चिड़िया,1
478585,1765499130,ai.elimu.filamu,,,,चिड़िया,1
478586,1765499172,ai.elimu.filamu,{'video_playback_position_ms': 2720},,,चिड़िया,1
478587,1765499246,ai.elimu.filamu,,,,चिड़िया,1
478588,1765499277,ai.elimu.filamu,{'video_playback_position_ms': 16911},,,चिड़िया,1
478589,1765499325,ai.elimu.filamu,,,,चिड़िया,1
478590,1765499359,ai.elimu.filamu,{'video_playback_position_ms': 35346},,,चिड़िया,1
478591,1765499446,ai.elimu.filamu,,,,चिड़िया,1
478592,1765499483,ai.elimu.filamu,{'video_playback_position_ms': 3163},,,चिड़िया,1
478593,1765499580,ai.elimu.filamu,,,,चिड़िया,1
478594,1765499604,ai.elimu.filamu,{'video_playback_position_ms': 59209},,,चिड़िया,1
478595,1765499700,ai.elimu.filamu,,,,चिड़िया,1
478596,1765499722,ai.elimu.filamu,{'video_playback_position_ms': 32072},,,चिड़िया,1
478597,1765499771,ai.elimu.filamu,,,,चिड़िया,1
478598,1765499802,ai.elimu.filamu,{'video_playback_position_ms': 5835},,,चिड़िया,1
478599,1765499894,ai.elimu.filamu,,,,चिड़िया,1
478600,1765499905,ai.elimu.filamu,{'video_playback_position_ms': 59142},,,चिड़िया,1
478601,1765500015,ai.elimu.filamu,,,,चिड़िया,1
478602,1765500023,ai.elimu.filamu,{'video_playback_position_ms': 38697},,,चिड़िया,1
478603,1765500082,ai.elimu.filamu,,,,चिड़िया,1
478604,1765500094,ai.elimu.filamu,{'video_playback_position_ms': 39287},,,चिड़िया,1
478605,1765500178,ai.elimu.filamu,,,,चिड़िया,1
478606,1765500199,ai.elimu.filamu,{'video_playback_position_ms': 36011},,,चिड़िया,1
478607,1765500246,ai.elimu.filamu,,,,चिड़िया,1
478608,1765500299,ai.elimu.filamu,{'video_playback_position_ms': 23527},,,चिड़िया,1
478609,1765500324,ai.elimu.filamu,,,,चिड़िया,1
478610,1765500379,ai.elimu.filamu,{'video_playback_position_ms': 51554},,,चिड़िया,1
478611,1765500401,ai.elimu.filamu,,,,चिड़िया,1
478612,1765500404,ai.elimu.filamu,{'video_playback_position_ms': 45121},,,चिड़िया,1
478649,1765586507,ai.elimu.filamu,,,,चिड़िया,1
478650,1765586512,ai.elimu.filamu,{'video_playback_position_ms': 6878},,,चिड़िया,1
478651,1765586591,ai.elimu.filamu,,,,चिड़िया,1
478652,1765586609,ai.elimu.filamu,{'video_playback_position_ms': 22543},,,चिड़िया,1
478653,1765586676,ai.elimu.filamu,,,,चिड़िया,1
478654,1765586718,ai.elimu.filamu,{'video_playback_position_ms': 26092},,,चिड़िया,1
478655,1765586774,ai.elimu.filamu,,,,चिड़िया,1
478656,1765586831,ai.elimu.filamu,{'video_playback_position_ms': 8731},,,चिड़िया,1
478657,1765586923,ai.elimu.filamu,,,,चिड़िया,1
478658,1765586967,ai.elimu.filamu,{'video_playback_position_ms': 37336},,,चिड़िया,1
478659,1765586983,ai.elimu.filamu,,,,चिड़िया,1
478660,1765587019,ai.elimu.filamu,{'video_playback_position_ms': 28093},,,चिड़िया,1
478661,1765587102,ai.elimu.filamu,,,,चिड़िया,1
478662,1765587120,ai.elimu.filamu,{'video_playback_position_ms': 53949},,,चिड़िया,1
478663,1765587239,ai.elimu.filamu,,,,चिड़िया,1
478664,1765587246,ai.elimu.filamu,{'video_playback_position_ms': 4378},,,चिड़िया,1
478665,1765587290,ai.elimu.filamu,,,,चिड़िया,1
478666,1765587331,ai.elimu.filamu,{'video_playback_position_ms': 30287},,,चिड़िया,1
478667,1765587441,ai.elimu.filamu,,,,चिड़िया,1
478668,1765587498,ai.elimu.filamu,{'video_playback_position_ms': 10414},,,चिड़िया,1
478669,1765587555,ai.elimu.filamu,,,,चिड़िया,1
478670,1765587600,ai.elimu.filamu,{'video_playback_position_ms': 12597},,,चिड़िया,1
478671,1765842025,ai.elimu.filamu,,,,चिड़िया,1
478672,1765842078,ai.elimu.filamu,{'video_playback_position_ms': 27623},,,चिड़िया,1
478673,1765842110,ai.elimu.filamu,,,,चिड़िया,1
478674,1765842116,ai.elimu.filamu,{'video_playback_position_ms': 37206},,,चिड़िया,1
478675,1765842143,ai.elimu.filamu,,,,चिड़िया,1
478676,1765842175,ai.elimu.filamu,{'video_playback_position_ms': 58047},,,चिड़िया,1
478677,1765842208,ai.elimu.filamu,,,,चिड़िया,1
478678,1765842215,ai.elimu.filamu,{'video_playback_position_ms': 56048},,,चिड़िया,1
478679,1765842237,ai.elimu.filamu,,,,चिड़िया,1
478680,1765842274,ai.elimu.filamu,{'video_playback_position_ms': 37073},,,चिड़िया,1
478681,1765842376,ai.elimu.filamu,,,,चिड़िया,1
478682,1765842419,ai.elimu.filamu,{'video_playback_position_ms': 39222},,,चिड़िया,1
478683,1765842453,ai.elimu.filamu,,,,चिड़िया,1
478684,1765842492,ai.elimu.filamu,{'video_playback_position_ms': 34865},,,चिड़िया,1
478685,1765842587,ai.elimu.filamu,,,,चिड़िया,1
478686,1765842619,ai.elimu.filamu,{'video_playback_position_ms': 8251},,,चिड़िया,1
478687,1765842708,ai.elimu.filamu,,,,चिड़िया,1
478688,1765842718,ai.elimu.filamu,{'video_playback_position_ms': 19816},,,चिड़िया,1
478689,1765842742,ai.elimu.filamu,,,,चिड़िया,1
478690,1765842799,ai.elimu.filamu,{'video_playback_position_ms': 51631},,,चिड़िया,1
478691,1765842867,ai.elimu.filamu,,,,चिड़िया,1
478692,1765842907,ai.elimu.filamu,{'video_playback_position_ms': 52998},,,चिड़िया,1
478693,1765842927,ai.elimu.filamu,,,,चिड़िया,1
478694,1765842945,ai.elimu.filamu,{'video_playback_position_ms': 33721},,,चिड़िया,1
478695,1765843063,ai.elimu.filamu,,,,चिड़िया,1
478696,1765843107,ai.elimu.filamu,{'video_playback_position_ms': 10793},,,चिड़िया,1
478697,1765843159,ai.elimu.filamu,,,,चिड़िया,1
478698,1765843177,ai.elimu.filamu,{'video_playback_position_ms': 34367},,,चिड़िया,1
478699,1765843265,ai.elimu.filamu,,,,चिड़िया,1
478700,1765843284,ai.elimu.filamu,{'video_playback_position_ms': 47128},,,चिड़िया,1
478701,1765843366,ai.elimu.filamu,,,,चिड़िया,1
478702,1765843405,ai.elimu.filamu,{'video_playback_position_ms': 30963},,,चिड़िया,1
478775,1766103371,ai.elimu.filamu,,,,चिड़िया,1
478776,1766103385,ai.elimu.filamu,{'video_playback_position_ms': 26808},,,चिड़िया,1
478777,1766103448,ai.elimu.filamu,,,,चिड़िया,1
478778,1766103497,ai.elimu.filamu,{'video_playback_position_ms': 7515},,,चिड़िया,1
478779,1766103598,ai.elimu.filamu,,,,चिड़िया,1
478780,1766103644,ai.elimu.filamu,{'video_playback_position_ms': 11810},,,चिड़िया,1
478781,1766103680,ai.elimu.filamu,,,,चिड़िया,1
478782,1766103709,ai.elimu.filamu,{'video_playback_position_ms': 18999},,,चिड़िया,1
478783,1766103748,ai.elimu.filamu,,,,चिड़िया,1
478784,1766103771,ai.elimu.filamu,{'video_playback_position_ms': 1262},,,चिड़िया,1
478785,1766103816,ai.elimu.filamu,,,,चिड़िया,1
478786,1766103832,ai.elimu.filamu,{'video_playback_position_ms': 45341},,,चिड़िया,1
478787,1766103881,ai.elimu.filamu,,,,चिड़िया,1
478788,1766103929,ai.elimu.filamu,{'video_playback_position_ms': 48869},,,चिड़िया,1
478843,1766190250,ai.elimu.filamu,,,,चिड़िया,1
478844,1766190300,ai.elimu.filamu,{'video_playback_position_ms': 20443},,,चिड़िया,1
478845,1766190330,ai.elimu.filamu,,,,चिड़िया,1
478846,1766190370,ai.elimu.filamu,{'video_playback_position_ms': 26976},,,चिड़िया,1
478847,1766190426,ai.elimu.filamu,,,,चिड़िया,1
478848,1766190447,ai.elimu.filamu,{'video_playback_position_ms': 46255},,,चिड़िया,1
478849,1766190541,ai.elimu.filamu,,,,चिड़िया,1
478850,1766190572,ai.elimu.filamu,{'video_playback_position_ms': 9897},,,चिड़िया,1
478851,1766190617,ai.elimu.filamu,,,,चिड़िया,1
478852,1766190671,ai.elimu.filamu,{'video_playback_position_ms': 58148},,,चिड़िया,1
478853,1766190763,ai.elimu.filamu,,,,चिड़िया,1
478854,1766190800,ai.elimu.filamu,{'video_playback_position_ms': 42069},,,चिड़िया,1
478855,1766190907,ai.elimu.filamu,,,,चिड़िया,1
478856,1766190925,ai.elimu.filamu,{'video_playback_position_ms': 20713},,,चिड़िया,1
478857,1766190950,ai.elimu.filamu,,,,चिड़िया,1
478858,1766190984,ai.elimu.filamu,{'video_playback_position_ms': 16996},,,चिड़िया,1
478877,1766274272,ai.elimu.filamu,,,,चिड़िया,1
478878,1766274301,ai.elimu.filamu,{'video_playback_position_ms': 40010},,,चिड़िया,1
478879,1766274414,ai.elimu.filamu,,,,चिड़िया,1
478880,1766274463,ai.elimu.filamu,{'video_playback_position_ms': 45881},,,चिड़िया,1
478881,1766274494,ai.elimu.filamu,,,,चिड़िया,1
478882,1766274553,ai.elimu.filamu,{'video_playback_position_ms': 59452},,,चिड़िया,1
478883,1766274576,ai.elimu.filamu,,,,चिड़िया,1
478884,1766274634,ai.elimu.filamu,{'video_playback_position_ms': 5818},,,चिड़िया,1
478885,1766274725,ai.elimu.filamu,,,,चिड़िया,1
478886,1766274773,ai.elimu.filamu,{'video_playback_position_ms': 43532},,,चिड़िया,1
478887,1766274892,ai.elimu.filamu,,,,चिड़िया,1
478888,1766274942,ai.elimu.filamu,{'video_playback_position_ms': 29087},,,चिड़िया,1
478889,1766275052,ai.elimu.filamu,,,,चिड़िया,1
478890,1766275082,ai.elimu.filamu,{'video_playback_position_ms': 33256},,,चिड़िया,1
478891,1766275198,ai.elimu.filamu,,,,चिड़िया,1
478892,1766275224,ai.elimu.filamu,{'video_playback_position_ms': 51612},,,चिड़िया,1
478893,1766275317,ai.elimu.filamu,,,,चिड़िया,1
478894,1766275326,ai.elimu.filamu,{'video_playback_position_ms': 38147},,,चिड़िया,1
478895,1766275353,ai.elimu.filamu,,,,चिड़िया,1
478896,1766275408,ai.elimu.filamu,{'video_playback_position_ms': 38431},,,चिड़िया,1
478897,1766275518,ai.elimu.filamu,,,,चिड़िया,1
478898,1766275572,ai.elimu.filamu,{'video_playback_position_ms': 46512},,,चिड़िया,1
478899,1766275632,ai.elimu.filamu,,,,चिड़िया,1
478900,1766275685,ai.elimu.filamu,{'video_playback_position_ms': 13289},,,चिड़िया,1
478901,1766796306,ai.elimu.filamu,,,,चिड़िया,1
478902,1766796336,ai.elimu.filamu,{'video_playback_position_ms': 47337},,,चिड़िया,1
478903,1766796379,ai.elimu.filamu,,,,चिड़िया,1
478904,1766796391,ai.elimu.filamu,{'video_playback_position_ms': 47176},,,चिड़िया,1
478905,1766796435,ai.elimu.filamu,,,,चिड़िया,1
478906,1766796485,ai.elimu.filamu,{'video_playback_position_ms': 58903},,,चिड़िया,1
478907,1766796589,ai.elimu.filamu,,,,चिड़िया,1
478908,1766796622,ai.elimu.filamu,{'video_playback_position_ms': 51298},,,चिड़िया,1
478909,1766796668,ai.elimu.filamu,,,,चिड़िया,1
478910,1766796712,ai.elimu.filamu,{'video_playback_position_ms': 3194},,,चिड़िया,1
478911,1766796775,ai.elimu.filamu,,,,चिड़िया,1
478912,1766796829,ai.elimu.filamu,{'video_playback_position_ms': 20442},,,चिड़िया,1
478913,1766796901,ai.elimu.filamu,,,,चिड़िया,1
478914,1766796924,ai.elimu.filamu,{'video_playback_position_ms': 30028},,,चिड़िया,1
478915,1766797010,ai.elimu.filamu,,,,चिड़िया,1
478916,1766797024,ai.elimu.filamu,{'video_playback_position_ms': 28448},,,चिड़िया,1
478917,1766797080,ai.elimu.filamu,,,,चिड़िया,1
478918,1766797128,ai.elimu.filamu,{'video_playback_position_ms': 56551},,,चिड़िया,1
478919,1766797176,ai.elimu.filamu,,,,चिड़िया,1
478920,1766797209,ai.elimu.filamu,{'video_playback_position_ms': 21825},,,चिड़िया,1
478921,1766797248,ai.elimu.filamu,,,,चिड़िया,1
478922,1766797258,ai.elimu.filamu,{'video_playback_position_ms': 4638},,,चिड़िया,1
478923,1766797354,ai.elimu.filamu,,,,चिड़िया,1
478924,1766797406,ai.elimu.filamu,{'video_playback_position_ms': 41199},,,चिड़िया,1
478925,1766797488,ai.elimu.filamu,,,,चिड़िया,1
478926,1766797502,ai.elimu.filamu,{'video_playback_position_ms': 35022},,,चिड़िया,1
478957,1766879856,ai.elimu.filamu,,,,चिड़िया,1
478958,1766879913,ai.elimu.filamu,{'video_playback_position_ms': 44923},,,चिड़िया,1
478959,1766879945,ai.elimu.filamu,,,,चिड़िया,1
478960,1766880004,ai.elimu.filamu,{'video_playback_position_ms': 52648},,,चिड़िया,1
478961,1766880119,ai.elimu.filamu,,,,चिड़िया,1
478962,1766880168,ai.elimu.filamu,{'video_playback_position_ms': 44529},,,चिड़िया,1
479009,1768003289,ai.elimu.filamu,,,,चिड़िया,1
479010,1768003345,ai.elimu.filamu,{'video_playback_position_ms': 26734},,,चिड़िया,1
479011,1768003391,ai.elimu.filamu,,,,चिड़िया,1
479012,1768003427,ai.elimu.filamu,{'video_playback_position_ms': 35230},,,चिड़िया,1
479013,1768003492,ai.elimu.filamu,,,,चिड़िया,1
479014,1768003552,ai.elimu.filamu,{'video_playback_position_ms': 46122},,,चिड़िया,1
479015,1768003607,ai.elimu.filamu,,,,चिड़िया,1
479016,1768003620,ai.elimu.filamu,{'video_playback_position_ms': 18504},,,चिड़िया,1
479017,1768003711,ai.elimu.filamu,,,,चिड़िया,1
479018,1768003728,ai.elimu.filamu,{'video_playback_position_ms': 33202},,,चिड़िया,1
479019,1768003815,ai.elimu.filamu,,,,चिड़िया,1
479020,1768003833,ai.elimu.filamu,{'video_playback_position_ms': 41129},,,चिड़िया,1
479021,1768003930,ai.elimu.filamu,,,,चिड़िया,1
479022,1768003987,ai.elimu.filamu,{'video_playback_position_ms': 56387},,,चिड़िया,1
479023,1768004019,ai.elimu.filamu,,,,चिड़िया,1
479024,1768004025,ai.elimu.filamu,{'video_playback_position_ms': 30169},,,चिड़िया,1
479025,1768004129,ai.elimu.filamu,,,,चिड़िया,1
479026,1768004146,ai.elimu.filamu,{'video_playback_position_ms': 27293},,,चिड़िया,1
479027,1768004264,ai.elimu.filamu,,,,चिड़िया,1
479028,1768004282,ai.elimu.filamu,{'video_playback_position_ms': 12538},,,चिड़िया,1
479029,1768004300,ai.elimu.filamu,,,,चिड़िया,1
479030,1768004334,ai.elimu.filamu,{'video_playback_position_ms': 36619},,,चिड़िया,1
479075,1770683073,ai.elimu.filamu,,,,चिड़िया,1
479076,1770683109,ai.elimu.filamu,{'video_playback_position_ms': 22130},,,चिड़िया,1
479077,1770683174,ai.elimu.filamu,,,,चिड़िया,1
479078,1770683202,ai.elimu.filamu,{'video_playback_position_ms': 32830},,,चिड़िया,1
479079,1770683237,ai.elimu.filamu,,,,चिड़िया,1
479080,1770683245,ai.elimu.filamu,{'video_playback_position_ms': 4475},,,चिड़िया,1
479081,1770683317,ai.elimu.filamu,,,,चिड़िया,1
479082,1770683346,ai.elimu.filamu,{'video_playback_position_ms': 53532},,,चिड़िया,1
479083,1770683404,ai.elimu.filamu,,,,चिड़िया,1
479084,1770683426,ai.elimu.filamu,{'video_playback_position_ms': 2660},,,चिड़िया,1
479085,1770683546,ai.elimu.filamu,,,,चिड़िया,1
479086,1770683589,ai.elimu.filamu,{'video_playback_position_ms': 1492},,,चिड़िया,1
479087,1770683698,ai.elimu.filamu,,,,चिड़िया,1
479088,1770683727,ai.elimu.filamu,{'video_playback_position_ms': 2688},,,चिड़िया,1
479141,1770829179,ai.elimu.filamu,,,,चिड़िया,1
479142,1770829195,ai.elimu.filamu,{'video_playback_position_ms': 10082},,,चिड़िया,1
479143,1770829305,ai.elimu.filamu,,,,चिड़िया,1
479144,1770829324,ai.elimu.filamu,{'video_playback_position_ms': 12799},,,चिड़िया,1
479145,1770829386,ai.elimu.filamu,,,,चिड़िया,1
479146,1770829405,ai.elimu.filamu,{'video_playback_position_ms': 29234},,,चिड़िया,1
479147,1770829449,ai.elimu.filamu,,,,चिड़िया,1
479148,1770829471,ai.elimu.filamu,{'video_playback_position_ms': 50145},,,चिड़िया,1
479149,1770829520,ai.elimu.filamu,,,,चिड़िया,1
479150,1770829564,ai.elimu.filamu,{'video_playback_position_ms': 45727},,,चिड़िया,1
479151,1770829671,ai.elimu.filamu,,,,चिड़िया,1
479152,1770829675,ai.elimu.filamu,{'video_playback_position_ms': 24759},,,चिड़िया,1
479153,1770829794,ai.elimu.filamu,,,,चिड़िया,1
479154,1770829823,ai.elimu.filamu,{'video_playback_position_ms': 59369},,,चिड़िया,1
479241,1776635665,ai.elimu.filamu,,,,चिड़िया,1
479242,1776635689,ai.elimu.filamu,{'video_playback_position_ms': 32225},,,चिड़िया,1
479243,1776635717,ai.elimu.filamu,,,,चिड़िया,1
479244,1776635719,ai.elimu.filamu,{'video_playback_position_ms': 10608},,,चिड़िया,1
479245,1776635778,ai.elimu.filamu,,,,चिड़िया,1
479246,1776635781,ai.elimu.filamu,{'video_playback_position_ms': 27467},,,चिड़िया,1
479247,1776635804,ai.elimu.filamu,,,,चिड़िया,1
479248,1776635844,ai.elimu.filamu,{'video_playback_position_ms': 47333},,,चिड़िया,1
479249,1776635867,ai.elimu.filamu,,,,चिड़िया,1
479250,1776635875,ai.elimu.filamu,{'video_playback_position_ms': 23161},,,चिड़िया,1
479251,1776635946,ai.elimu.filamu,,,,चिड़िया,1
479252,1776635973,ai.elimu.filamu,{'video_playback_position_ms': 8045},,,चिड़िया,1
479253,1776636044,ai.elimu.filamu,,,,चिड़िया,1
479254,1776636065,ai.elimu.filamu,{'video_playback_position_ms': 56431},,,चिड़िया,1
479255,1776636102,ai.elimu.filamu,,,,चिड़िया,1
479256,1776636143,ai.elimu.filamu,{'video_playback_position_ms': 46688},,,चिड़िया,1
479257,1776636199,ai.elimu.filamu,,,,चिड़िया,1
479258,1776636243,ai.elimu.filamu,{'video_playback_position_ms': 58117},,,चिड़िया,1
479293,1776731816,ai.elimu.filamu,,,,चिड़िया,1
479294,1776731833,ai.elimu.filamu,{'video_playback_position_ms': 18094},,,चिड़िया,1
479295,1776731871,ai.elimu.filamu,,,,चिड़िया,1
479296,1776731930,ai.elimu.filamu,{'video_playback_position_ms': 12018},,,चिड़िया,1
479297,1776731980,ai.elimu.filamu,,,,चिड़िया,1
479298,1776732022,ai.elimu.filamu,{'video_playback_position_ms': 8075},,,चिड़िया,1
479299,1776732044,ai.elimu.filamu,,,,चिड़िया,1
479300,1776732050,ai.elimu.filamu,{'video_playback_position_ms': 23218},,,चिड़िया,1
479301,1776732156,ai.elimu.filamu,,,,चिड़िया,1
479302,1776732195,ai.elimu.filamu,{'video_playback_position_ms': 28030},,,चिड़िया,1
479303,1776732215,ai.elimu.filamu,,,,चिड़िया,1
479304,1776732261,ai.elimu.filamu,{'video_playback_position_ms': 9854},,,चिड़िया,1
479305,1776732324,ai.elimu.filamu,,,,चिड़िया,1
479306,1776732341,ai.elimu.filamu,{'video_playback_position_ms': 33411},,,चिड़िया,1
479307,1776732397,ai.elimu.filamu,,,,चिड़िया,1
479308,1776732419,ai.elimu.filamu,{'video_playback_position_ms': 33948},,,चिड़िया,1
479339,1776820518,ai.elimu.filamu,,,,चिड़िया,1
479340,1776820546,ai.elimu.filamu,{'video_playback_position_ms': 14480},,,चिड़िया,1
479341,1776820609,ai.elimu.filamu,,,,चिड़िया,1
479342,1776820665,ai.elimu.filamu,{'video_playback_position_ms': 39393},,,चिड़िया,1
479343,1776820727,ai.elimu.filamu,,,,चिड़िया,1
479344,1776820729,ai.elimu.filamu,{'video_playback_position_ms': 57006},,,चिड़िया,1
479345,1776820813,ai.elimu.filamu,,,,चिड़िया,1
479346,1776820869,ai.elimu.filamu,{'video_playback_position_ms': 26067},,,चिड़िया,1
479347,1776820901,ai.elimu.filamu,,,,चिड़िया,1
479348,1776820910,ai.elimu.filamu,{'video_playback_position_ms': 34085},,,चिड़िया,1
479349,1776820984,ai.elimu.filamu,,,,चिड़िया,1
479350,1776821030,ai.elimu.filamu,{'video_playback_position_ms': 29301},,,चिड़िया,1
479351,1776821141,ai.elimu.filamu,,,,चिड़िया,1
479352,1776821158,ai.elimu.filamu,{'video_playback_position_ms': 4142},,,चिड़िया,1
479353,1776821274,ai.elimu.filamu,,,,चिड़िया,1
479354,1776821310,ai.elimu.filamu,{'video_playback_position_ms': 19061},,,चिड़िया,1
479355,1776821427,ai.elimu.filamu,,,,चिड़िया,1
479356,1776821463,ai.elimu.filamu,{'video_playback_position_ms': 47885},,,चिड़िया,1
479357,1776821538,ai.elimu.filamu,,,,चिड़िया,1
479358,1776821593,ai.elimu.filamu,{'video_playback_position_ms': 11917},,,चिड़िया,1
479359,1776821610,ai.elimu.filamu,,,,चिड़िया,1
479360,1776821666,ai.elimu.filamu,{'video_playback_position_ms': 17559},,,चिड़िया,1
479361,1776821725,ai.elimu.filamu,,,,चिड़िया,1
479362,1776821765,ai.elimu.filamu,{'video_playback_position_ms': 3283},,,चिड़िया,1
479363,1776821809,ai.elimu.filamu,,,,चिड़िया,1
479364,1776821862,ai.elimu.filamu,{'video_playback_position_ms': 25140},,,चिड़िया,1
479401,1776905373,ai.elimu.filamu,,,,चिड़िया,1
479402,1776905422,ai.elimu.filamu,{'video_playback_position_ms': 47322},,,चिड़िया,1
479403,1776905486,ai.elimu.filamu,,,,चिड़िया,1
479404,1776905544,ai.elimu.filamu,{'video_playback_position_ms': 30223},,,चिड़िया,1
479405,1776905579,ai.elimu.filamu,,,,चिड़िया,1
479406,1776905619,ai.elimu.filamu,{'video_playback_position_ms': 42268},,,चिड़िया,1
479407,1776905713,ai.elimu.filamu,,,,चिड़िया,1
479408,1776905756,ai.elimu.filamu,{'video_playback_position_ms': 43227},,,चिड़िया,1
479409,1776905790,ai.elimu.filamu,,,,चिड़िया,1
479410,1776905829,ai.elimu.filamu,{'video_playback_position_ms': 38959},,,चिड़िया,1
479411,1776905850,ai.elimu.filamu,,,,चिड़िया,1
479412,1776905876,ai.elimu.filamu,{'video_playback_position_ms': 20564},,,चिड़िया,1
479413,1776905961,ai.elimu.filamu,,,,चिड़िया,1
479414,1776906001,ai.elimu.filamu,{'video_playback_position_ms': 21287},,,चिड़िया,1
479415,1776906112,ai.elimu.filamu,,,,चिड़िया,1
479416,1776906159,ai.elimu.filamu,{'video_playback_position_ms': 21652},,,चिड़िया,1
479417,1776906241,ai.elimu.filamu,,,,चिड़िया,1
479418,1776906269,ai.elimu.filamu,{'video_playback_position_ms': 44637},,,चिड़िया,1
479419,1776906303,ai.elimu.filamu,,,,चिड़िया,1
479420,1776906315,ai.elimu.filamu,{'video_playback_position_ms': 8523},,,चिड़िया,1
479421,1776906418,ai.elimu.filamu,,,,चिड़िया,1
479422,1776906461,ai.elimu.filamu,{'video_playback_position_ms': 51952},,,चिड़िया,1
479469,1776981028,ai.elimu.filamu,,,,चिड़िया,1
479470,1776981064,ai.elimu.filamu,{'video_playback_position_ms': 8129},,,चिड़िया,1
479471,1776981102,ai.elimu.filamu,,,,चिड़िया,1
479472,1776981129,ai.elimu.filamu,{'video_playback_position_ms': 42567},,,चिड़िया,1
479473,1776981221,ai.elimu.filamu,,,,चिड़िया,1
479474,1776981233,ai.elimu.filamu,{'video_playback_position_ms': 43234},,,चिड़िया,1
479475,1776981305,ai.elimu.filamu,,,,चिड़िया,1
479476,1776981357,ai.elimu.filamu,{'video_playback_position_ms': 56835},,,चिड़िया,1
479477,1776981408,ai.elimu.filamu,,,,चिड़िया,1
479478,1776981423,ai.elimu.filamu,{'video_playback_position_ms': 14914},,,चिड़िया,1
479479,1776981508,ai.elimu.filamu,,,,चिड़िया,1
479480,1776981519,ai.elimu.filamu,{'video_playback_position_ms': 30475},,,चिड़िया,1
479481,1776981596,ai.elimu.filamu,,,,चिड़िया,1
479482,1776981610,ai.elimu.filamu,{'video_playback_position_ms': 37109},,,चिड़िया,1
479483,1776981663,ai.elimu.filamu,,,,चिड़िया,1
479484,1776981681,ai.elimu.filamu,{'video_playback_position_ms': 52950},,,चिड़िया,1
479485,1776981780,ai.elimu.filamu,,,,चिड़िया,1
479486,1776981833,ai.elimu.filamu,{'video_playback_position_ms': 37062},,,चिड़िया,1
479487,1776981936,ai.elimu.filamu,,,,चिड़िया,1
479488,1776981962,ai.elimu.filamu,{'video_playback_position_ms': 28608},,,चिड़िया,1
479489,1776982073,ai.elimu.filamu,,,,चिड़िया,1
479490,1776982115,ai.elimu.filamu,{'video_playback_position_ms': 23387},,,चिड़िया,1
479491,1776982153,ai.elimu.filamu,,,,चिड़िया,1
479492,1776982188,ai.elimu.filamu,{'video_playback_position_ms': 42098},,,चिड़िया,1
479493,1776982215,ai.elimu.filamu,,,,चिड़िया,1
479494,1776982264,ai.elimu.filamu,{'video_playback_position_ms': 14292},,,चिड़िया,1
479495,1776982302,ai.elimu.filamu,,,,चिड़िया,1
479496,1776982310,ai.elimu.filamu,{'video_playback_position_ms': 38695},,,चिड़िया,1
479497,1776982343,ai.elimu.filamu,,,,चिड़िया,1
479498,1776982355,ai.elimu.filamu,{'video_playback_position_ms': 32551},,,चिड़िया,1
479499,1776982443,ai.elimu.filamu,,,,चिड़िया,1
479500,1776982491,ai.elimu.filamu,{'video_playback_position_ms': 3119},,,चिड़िया,1
479501,1776982603,ai.elimu.filamu,,,,चिड़िया,1
479502,1776982645,ai.elimu.filamu,{'video_playback_position_ms': 13464},,,चिड़िया,1
479559,1776995044,ai.elimu.filamu,,,,चिड़िया,1
479560,1776995067,ai.elimu.filamu,{'video_playback_position_ms': 14714},,,चिड़िया,1
479587,1777037884,ai.elimu.filamu,,,,चिड़िया,1
479588,1777037887,ai.elimu.filamu,{'video_playback_position_ms': 47039},,,चिड़िया,1
479589,1777037982,ai.elimu.filamu,,,,चिड़िया,1
479590,1777038038,ai.elimu.filamu,{'video_playback_position_ms': 30496},,,चिड़िया,1
479591,1777038126,ai.elimu.filamu,,,,चिड़िया,1
479592,1777038155,ai.elimu.filamu,{'video_playback_position_ms': 15025},,,चिड़िया,1
479593,1777038220,ai.elimu.filamu,,,,चिड़िया,1
479594,1777038250,ai.elimu.filamu,{'video_playback_position_ms': 18053},,,चिड़िया,1
479595,1777038359,ai.elimu.filamu,,,,चिड़िया,1
479596,1777038361,ai.elimu.filamu,{'video_playback_position_ms': 42799},,,चिड़िया,1
479597,1777038471,ai.elimu.filamu,,,,चिड़िया,1
479598,1777038523,ai.elimu.filamu,{'video_playback_position_ms': 48151},,,चिड़िया,1
479599,1777038559,ai.elimu.filamu,,,,चिड़िया,1
479600,1777038609,ai.elimu.filamu,{'video_playback_position_ms': 30937},,,चिड़िया,1
479601,1777038686,ai.elimu.filamu,,,,चिड़िया,1
479602,1777038706,ai.elimu.filamu,{'video_playback_position_ms': 18421},,,चिड़िया,1
479603,1777038812,ai.elimu.filamu,,,,चिड़िया,1
479604,1777038847,ai.elimu.filamu,{'video_playback_position_ms': 41194},,,चिड़िया,1
479673,1777164348,ai.elimu.filamu,,,,चिड़िया,1
479674,1777164359,ai.elimu.filamu,{'video_playback_position_ms': 29754},,,चिड़िया,1
479675,1777164423,ai.elimu.filamu,,,,चिड़िया,1
479676,1777164434,ai.elimu.filamu,{'video_playback_position_ms': 50493},,,चिड़िया,1
479677,1777164465,ai.elimu.filamu,,,,चिड़िया,1
479678,1777164510,ai.elimu.filamu,{'video_playback_position_ms': 49176},,,चिड़िया,1
479679,1777164610,ai.elimu.filamu,,,,चिड़िया,1
479680,1777164626,ai.elimu.filamu,{'video_playback_position_ms': 20771},,,चिड़िया,1
479681,1777164688,ai.elimu.filamu,,,,चिड़िया,1
479682,1777164745,ai.elimu.filamu,{'video_playback_position_ms': 19811},,,चिड़िया,1
479683,1777164790,ai.elimu.filamu,,,,चिड़िया,1
479684,1777164836,ai.elimu.filamu,{'video_playback_position_ms': 4305},,,चिड़िया,1
479685,1777164941,ai.elimu.filamu,,,,चिड़िया,1
479686,1777164960,ai.elimu.filamu,{'video_playback_position_ms': 47677},,,चिड़िया,1
479687,1777164989,ai.elimu.filamu,,,,चिड़िया,1
479688,1777165038,ai.elimu.filamu,{'video_playback_position_ms': 25525},,,चिड़िया,1
479689,1777165142,ai.elimu.filamu,,,,चिड़िया,1
479690,1777165151,ai.elimu.filamu,{'video_playback_position_ms': 13458},,,चिड़िया,1
479691,1777165236,ai.elimu.filamu,,,,चिड़िया,1
479692,1777165242,ai.elimu.filamu,{'video_playback_position_ms': 31750},,,चिड़िया,1
479693,1777165325,ai.elimu.filamu,,,,चिड़िया,1
479694,1777165383,ai.elimu.filamu,{'video_playback_position_ms': 31455},,,चिड़िया,1
479695,1777165439,ai.elimu.filamu,,,,चिड़िया,1
479696,1777165475,ai.elimu.filamu,{'video_playback_position_ms': 59755},,,चिड़िया,1
479697,1777165522,ai.elimu.filamu,,,,चिड़िया,1
479698,1777165531,ai.elimu.filamu,{'video_playback_position_ms': 20516},,,चिड़िया,1
479699,1777165548,ai.elimu.filamu,,,,चिड़िया,1
479700,1777165577,ai.elimu.filamu,{'video_playback_position_ms': 33512},,,चिड़िया,1
479701,1777165667,ai.elimu.filamu,,,,चिड़िया,1
479702,1777165675,ai.elimu.filamu,{'video_playback_position_ms': 35616},,,चिड़िया,1
479703,1777165759,ai.elimu.filamu,,,,चिड़िया,1
479704,1777165768,ai.elimu.filamu,{'video_playback_position_ms': 8062},,,चिड़िया,1
479731,1777251972,ai.elimu.filamu,,,,चिड़िया,1
479732,1777252005,ai.elimu.filamu,{'video_playback_position_ms': 54915},,,चिड़िया,1
479733,1777252027,ai.elimu.filamu,,,,चिड़िया,1
479734,1777252050,ai.elimu.filamu,{'video_playback_position_ms': 21447},,,चिड़िया,1
479735,1777252136,ai.elimu.filamu,,,,चिड़िया,1
479736,1777252152,ai.elimu.filamu,{'video_playback_position_ms': 45469},,,चिड़िया,1
479737,1777252270,ai.elimu.filamu,,,,चिड़िया,1
479738,1777252295,ai.elimu.filamu,{'video_playback_position_ms': 51950},,,चिड़िया,1
479739,1777252401,ai.elimu.filamu,,,,चिड़िया,1
479740,1777252410,ai.elimu.filamu,{'video_playback_position_ms': 19017},,,चिड़िया,1
479741,1777252432,ai.elimu.filamu,,,,चिड़िया,1
479742,1777252462,ai.elimu.filamu,{'video_playback_position_ms': 16218},,,चिड़िया,1
479743,1777252504,ai.elimu.filamu,,,,चिड़िया,1
479744,1777252540,ai.elimu.filamu,{'video_playback_position_ms': 5779},,,चिड़िया,1
479745,1777252636,ai.elimu.filamu,,,,चिड़िया,1
479746,1777252653,ai.elimu.filamu,{'video_playback_position_ms': 16389},,,चिड़िया,1
479811,1777509207,ai.elimu.filamu,,,,चिड़िया,1
479812,1777509214,ai.elimu.filamu,{'video_playback_position_ms': 51074},,,चिड़िया,1
479813,1777509241,ai.elimu.filamu,,,,चिड़िया,1
479814,1777509244,ai.elimu.filamu,{'video_playback_position_ms': 42740},,,चिड़िया,1
479815,1777509355,ai.elimu.filamu,,,,चिड़िया,1
479816,1777509376,ai.elimu.filamu,{'video_playback_position_ms': 27996},,,चिड़िया,1
479817,1777509435,ai.elimu.filamu,,,,चिड़िया,1
479818,1777509463,ai.elimu.filamu,{'video_playback_position_ms': 35995},,,चिड़िया,1
479819,1777509528,ai.elimu.filamu,,,,चिड़िया,1
479820,1777509534,ai.elimu.filamu,{'video_playback_position_ms': 3751},,,चिड़िया,1
479923,1777770293,ai.elimu.filamu,,,,चिड़िया,1
479924,1777770330,ai.elimu.filamu,{'video_playback_position_ms': 24098},,,चिड़िया,1
479925,1777770383,ai.elimu.filamu,,,,चिड़िया,1
479926,1777770418,ai.elimu.filamu,{'video_playback_position_ms': 1169},,,चिड़िया,1
479927,1777770490,ai.elimu.filamu,,,,चिड़िया,1
479928,1777770528,ai.elimu.filamu,{'video_playback_position_ms': 28129},,,चिड़िया,1
479929,1777770626,ai.elimu.filamu,,,,चिड़िया,1
479930,1777770645,ai.elimu.filamu,{'video_playback_position_ms': 21505},,,चिड़िया,1
479931,1777770674,ai.elimu.filamu,,,,चिड़िया,1
479932,1777770687,ai.elimu.filamu,{'video_playback_position_ms': 21527},,,चिड़िया,1
479933,1777770710,ai.elimu.filamu,,,,चिड़िया,1
479934,1777770757,ai.elimu.filamu,{'video_playback_position_ms': 34721},,,चिड़िया,1
479935,1777770790,ai.elimu.filamu,,,,चिड़िया,1
479936,1777770804,ai.elimu.filamu,{'video_playback_position_ms': 22319},,,चिड़िया,1
479937,1777770834,ai.elimu.filamu,,,,चिड़िया,1
479938,1777770849,ai.elimu.filamu,{'video_playback_position_ms': 55634},,,चिड़िया,1
479939,1777770908,ai.elimu.filamu,,,,चिड़िया,1
479940,1777770956,ai.elimu.filamu,{'video_playback_position_ms': 13450},,,चिड़िया,1
479941,1777771064,ai.elimu.filamu,,,,चिड़िया,1
479942,1777771082,ai.elimu.filamu,{'video_playback_position_ms': 21346},,,चिड़िया,1
480151,1777905325,ai.elimu.filamu,,,,चिड़िया,1
480152,1777905357,ai.elimu.filamu,{'video_playback_position_ms': 30555},,,चिड़िया,1
480153,1777905373,ai.elimu.filamu,,,,चिड़िया,1
480154,1777905412,ai.elimu.filamu,{'video_playback_position_ms': 5869},,,चिड़िया,1
480155,1777905503,ai.elimu.filamu,,,,चिड़िया,1
480156,1777905536,ai.elimu.filamu,{'video_playback_position_ms': 48581},,,चिड़िया,1
480157,1777905577,ai.elimu.filamu,,,,चिड़िया,1
480158,1777905583,ai.elimu.filamu,{'video_playback_position_ms': 26067},,,चिड़िया,1
480159,1777905624,ai.elimu.filamu,,,,चिड़िया,1
480160,1777905672,ai.elimu.filamu,{'video_playback_position_ms': 20375},,,चिड़िया,1
480243,1778116732,ai.elimu.filamu,,,,चिड़िया,1
480244,1778116740,ai.elimu.filamu,{'video_playback_position_ms': 10595},,,चिड़िया,1
480245,1778116829,ai.elimu.filamu,,,,चिड़िया,1
480246,1778116866,ai.elimu.filamu,{'video_playback_position_ms': 26724},,,चिड़िया,1
480247,1778116984,ai.elimu.filamu,,,,चिड़िया,1
480248,1778116987,ai.elimu.filamu,{'video_playback_position_ms': 38873},,,चिड़िया,1
480249,1778117009,ai.elimu.filamu,,,,चिड़िया,1
480250,1778117026,ai.elimu.filamu,{'video_playback_position_ms': 52565},,,चिड़िया,1
480251,1778117106,ai.elimu.filamu,,,,चिड़िया,1
480252,1778117165,ai.elimu.filamu,{'video_playback_position_ms': 5787},,,चिड़िया,1
480253,1778117227,ai.elimu.filamu,,,,चिड़िया,1
480254,1778117259,ai.elimu.filamu,{'video_playback_position_ms': 16682},,,चिड़िया,1
480255,1778117338,ai.elimu.filamu,,,,चिड़िया,1
480256,1778117390,ai.elimu.filamu,{'video_playback_position_ms': 12710},,,चिड़िया,1
480257,1778117482,ai.elimu.filamu,,,,चिड़िया,1
480258,1778117498,ai.elimu.filamu,{'video_playback_position_ms': 4112},,,चिड़िया,1
480259,1778117595,ai.elimu.filamu,,,,चिड़िया,1
480260,1778117617,ai.elimu.filamu,{'video_playback_position_ms': 21292},,,चिड़िया,1
480261,1778117675,ai.elimu.filamu,,,,चिड़िया,1
480262,1778117720,ai.elimu.filamu,{'video_playback_position_ms': 17815},,,चिड़िया,1
480263,1778117769,ai.elimu.filamu,,,,चिड़िया,1
480264,1778117825,ai.elimu.filamu,{'video_playback_position_ms': 12101},,,चिड़िया,1
480265,1778117899,ai.elimu.filamu,,,,चिड़िया,1
480266,1778117922,ai.elimu.filamu,{'video_playback_position_ms': 42829},,,चिड़िया,1
480267,1778117980,ai.elimu.filamu,,,,चिड़िया,1
480268,1778118005,ai.elimu.filamu,{'video_playback_position_ms': 39500},,,चिड़िया,1
480269,1778118023,ai.elimu.filamu,,,,चिड़िया,1
480270,1778118056,ai.elimu.filamu,{'video_playback_position_ms': 50778},,,चिड़िया,1
480271,1778118139,ai.elimu.filamu,,,,चिड़िया,1
480272,1778118176,ai.elimu.filamu,{'video_playback_position_ms': 33442},,,चिड़िया,1
480273,1778118195,ai.elimu.filamu,,,,चिड़िया,1
480274,1778118209,ai.elimu.filamu,{'video_playback_position_ms': 5823},,,चिड़िया,1
480275,1778118295,ai.elimu.filamu,,,,चिड़िया,1
480276,1778118344,ai.elimu.filamu,{'video_playback_position_ms': 10859},,,चिड़िया,1
480277,1778118407,ai.elimu.filamu,,,,चिड़िया,1
480278,1778118452,ai.elimu.filamu,{'video_playback_position_ms': 11898},,,चिड़िया,1
480279,1778118500,ai.elimu.filamu,,,,चिड़िया,1
480280,1778118519,ai.elimu.filamu,{'video_playback_position_ms': 44717},,,चिड़िया,1
480285,1778198977,ai.elimu.filamu,,,,चिड़िया,1
480286,1778199004,ai.elimu.filamu,{'video_playback_position_ms': 8941},,,चिड़िया,1
480287,1778199119,ai.elimu.filamu,,,,चिड़िया,1
480288,1778199126,ai.elimu.filamu,{'video_playback_position_ms': 49858},,,चिड़िया,1
480289,1778199143,ai.elimu.filamu,,,,चिड़िया,1
480290,1778199197,ai.elimu.filamu,{'video_playback_position_ms': 27057},,,चिड़िया,1
480291,1778199303,ai.elimu.filamu,,,,चिड़िया,1
480292,1778199341,ai.elimu.filamu,{'video_playback_position_ms': 21728},,,चिड़िया,1
480293,1778199364,ai.elimu.filamu,,,,चिड़िया,1
480294,1778199378,ai.elimu.filamu,{'video_playback_position_ms': 35448},,,चिड़िया,1
480295,1778199433,ai.elimu.filamu,,,,चिड़िया,1
480296,1778199468,ai.elimu.filamu,{'video_playback_position_ms': 2023},,,चिड़िया,1
480297,1778199562,ai.elimu.filamu,,,,चिड़िया,1
480298,1778199608,ai.elimu.filamu,{'video_playback_position_ms': 42786},,,चिड़िया,1
480299,1778199686,ai.elimu.filamu,,,,चिड़िया,1
480300,1778199697,ai.elimu.filamu,{'video_playback_position_ms': 16610},,,चिड़िया,1
480301,1778199773,ai.elimu.filamu,,,,चिड़िया,1
480302,1778199789,ai.elimu.filamu,{'video_playback_position_ms': 31619},,,चिड़िया,1
480303,1778199826,ai.elimu.filamu,,,,चिड़िया,1
480304,1778199853,ai.elimu.filamu,{'video_playback_position_ms': 32985},,,चिड़िया,1
480305,1778199943,ai.elimu.filamu,,,,चिड़िया,1
480306,1778199955,ai.elimu.filamu,{'video_playback_position_ms': 10839},,,चिड़िया,1
480333,1778287079,ai.elimu.filamu,,,,चिड़िया,1
480334,1778287107,ai.elimu.filamu,{'video_playback_position_ms': 51668},,,चिड़िया,1
480335,1778287139,ai.elimu.filamu,,,,चिड़िया,1
480336,1778287193,ai.elimu.filamu,{'video_playback_position_ms': 46109},,,चिड़िया,1
480337,1778287281,ai.elimu.filamu,,,,चिड़िया,1
480338,1778287314,ai.elimu.filamu,{'video_playback_position_ms': 20686},,,चिड़िया,1
480339,1778287346,ai.elimu.filamu,,,,चिड़िया,1
480340,1778287395,ai.elimu.filamu,{'video_playback_position_ms': 22833},,,चिड़िया,1
480341,1778287440,ai.elimu.filamu,,,,चिड़िया,1
480342,1778287496,ai.elimu.filamu,{'video_playback_position_ms': 56676},,,चिड़िया,1
480343,1778287541,ai.elimu.filamu,,,,चिड़िया,1
480344,1778287595,ai.elimu.filamu,{'video_playback_position_ms': 35121},,,चिड़िया,1
480345,1778287689,ai.elimu.filamu,,,,चिड़िया,1
480346,1778287749,ai.elimu.filamu,{'video_playback_position_ms': 29923},,,चिड़िया,1
480347,1778287867,ai.elimu.filamu,,,,चिड़िया,1
480348,1778287904,ai.elimu.filamu,{'video_playback_position_ms': 26477},,,चिड़िया,1
480349,1778287923,ai.elimu.filamu,,,,चिड़िया,1
480350,1778287947,ai.elimu.filamu,{'video_playback_position_ms': 36235},,,चिड़िया,1
480351,1778288042,ai.elimu.filamu,,,,चिड़िया,1
480352,1778288048,ai.elimu.filamu,{'video_playback_position_ms': 36497},,,चिड़िया,1
480353,1778288162,ai.elimu.filamu,,,,चिड़िया,1
480354,1778288181,ai.elimu.filamu,{'video_playback_position_ms': 12378},,,चिड़िया,1
480355,1778288289,ai.elimu.filamu,,,,चिड़िया,1
480356,1778288304,ai.elimu.filamu,{'video_playback_position_ms': 14063},,,चिड़िया,1
480357,1778288398,ai.elimu.filamu,,,,चिड़िया,1
480358,1778288430,ai.elimu.filamu,{'video_playback_position_ms': 55226},,,चिड़िया,1
480359,1778288501,ai.elimu.filamu,,,,चिड़िया,1
480360,1778288516,ai.elimu.filamu,{'video_playback_position_ms': 26649},,,चिड़िया,1
480361,1778288597,ai.elimu.filamu,,,,चिड़िया,1
480362,1778288621,ai.elimu.filamu,{'video_playback_position_ms': 26193},,,चिड़िया,1
480363,1778288653,ai.elimu.filamu,,,,चिड़िया,1
480364,1778288670,ai.elimu.filamu,{'video_playback_position_ms': 34804},,,चिड़िया,1
480365,1778288690,ai.elimu.filamu,,,,चिड़िया,1
480366,1778288738,ai.elimu.filamu,{'video_playback_position_ms': 27645},,,चिड़िया,1
480407,1778561194,ai.elimu.filamu,,,,चिड़िया,1
480408,1778561225,ai.elimu.filamu,{'video_playback_position_ms': 46978},,,चिड़िया,1
480409,1778561341,ai.elimu.filamu,,,,चिड़िया,1
480410,1778561387,ai.elimu.filamu,{'video_playback_position_ms': 4899},,,चिड़िया,1
480411,1778561496,ai.elimu.filamu,,,,चिड़िया,1
480412,1778561507,ai.elimu.filamu,{'video_playback_position_ms': 17503},,,चिड़िया,1
480413,1778561625,ai.elimu.filamu,,,,चिड़िया,1
480414,1778561634,ai.elimu.filamu,{'video_playback_position_ms': 57707},,,चिड़िया,1
480415,1778561731,ai.elimu.filamu,,,,चिड़िया,1
480416,1778561747,ai.elimu.filamu,{'video_playback_position_ms': 7410},,,चिड़िया,1
480417,1778561784,ai.elimu.filamu,,,,चिड़िया,1
480418,1778561809,ai.elimu.filamu,{'video_playback_position_ms': 58856},,,चिड़िया,1
480419,1778561828,ai.elimu.filamu,,,,चिड़िया,1
480420,1778561830,ai.elimu.filamu,{'video_playback_position_ms': 37714},,,चिड़िया,1
480421,1778561921,ai.elimu.filamu,,,,चिड़िया,1
480422,1778561962,ai.elimu.filamu,{'video_playback_position_ms': 26856},,,चिड़िया,1
480423,1778562010,ai.elimu.filamu,,,,चिड़िया,1
480424,1778562048,ai.elimu.filamu,{'video_playback_position_ms': 53432},,,चिड़िया,1
480425,1778562144,ai.elimu.filamu,,,,चिड़िया,1
480426,1778562187,ai.elimu.filamu,{'video_playback_position_ms': 5134},,,चिड़िया,1
480427,1778562300,ai.elimu.filamu,,,,चिड़िया,1
480428,1778562311,ai.elimu.filamu,{'video_playback_position_ms': 39610},,,चिड़िया,1
480429,1778562358,ai.elimu.filamu,,,,चिड़िया,1
480430,1778562369,ai.elimu.filamu,{'video_playback_position_ms': 38806},,,चिड़िया,1
480431,1778562439,ai.elimu.filamu,,,,चिड़िया,1
480432,1778562464,ai.elimu.filamu,{'video_playback_position_ms': 27049},,,चिड़िया,1
480505,1778721625,ai.elimu.filamu,,,,चिड़िया,1
480506,1778721631,ai.elimu.filamu,{'video_playback_position_ms': 35268},,,चिड़िया,1
480507,1778721713,ai.elimu.filamu,,,,चिड़िया,1
480508,1778721725,ai.elimu.filamu,{'video_playback_position_ms': 44169},,,चिड़िया,1
480509,1778721817,ai.elimu.filamu,,,,चिड़िया,1
480510,1778721830,ai.elimu.filamu,{'video_playback_position_ms': 26459},,,चिड़िया,1
480511,1778721883,ai.elimu.filamu,,,,चिड़िया,1
480512,1778721929,ai.elimu.filamu,{'video_playback_position_ms': 32514},,,चिड़िया,1
480513,1778722021,ai.elimu.filamu,,,,चिड़िया,1
480514,1778722047,ai.elimu.filamu,{'video_playback_position_ms': 37664},,,चिड़िया,1
480515,1778722091,ai.elimu.filamu,,,,चिड़िया,1
480516,1778722144,ai.elimu.filamu,{'video_playback_position_ms': 32677},,,चिड़िया,1
480517,1778722208,ai.elimu.filamu,,,,चिड़िया,1
480518,1778722227,ai.elimu.filamu,{'video_playback_position_ms': 47454},,,चिड़िया,1
480519,1778722334,ai.elimu.filamu,,,,चिड़िया,1
480520,1778722362,ai.elimu.filamu,{'video_playback_position_ms': 34382},,,चिड़िया,1
480521,1778722433,ai.elimu.filamu,,,,चिड़िया,1
480522,1778722438,ai.elimu.filamu,{'video_playback_position_ms': 16616},,,चिड़िया,1
480523,1778722471,ai.elimu.filamu,,,,चिड़िया,1
480524,1778722487,ai.elimu.filamu,{'video_playback_position_ms': 15376},,,चिड़िया,1
480525,1778722527,ai.elimu.filamu,,,,चिड़िया,1
480526,1778722582,ai.elimu.filamu,{'video_playback_position_ms': 22074},,,चिड़िया,1
480527,1778722604,ai.elimu.filamu,,,,चिड़िया,1
480528,1778722660,ai.elimu.filamu,{'video_playback_position_ms': 31407},,,चिड़िया,1
480529,1778722764,ai.elimu.filamu,,,,चिड़िया,1
480530,1778722808,ai.elimu.filamu,{'video_playback_position_ms': 42933},,,चिड़िया,1
480531,1778722905,ai.elimu.filamu,,,,चिड़िया,1
480532,1778722949,ai.elimu.filamu,{'video_playback_position_ms': 26483},,,चिड़िया,1
480593,1778808465,ai.elimu.filamu,,,,चिड़िया,1
480594,1778808509,ai.elimu.filamu,{'video_playback_position_ms': 14586},,,चिड़िया,1
480595,1778808626,ai.elimu.filamu,,,,चिड़िया,1
480596,1778808656,ai.elimu.filamu,{'video_playback_position_ms': 20978},,,चिड़िया,1
480597,1778808690,ai.elimu.filamu,,,,चिड़िया,1
480598,1778808719,ai.elimu.filamu,{'video_playback_position_ms': 43309},,,चिड़िया,1
480599,1778808745,ai.elimu.filamu,,,,चिड़िया,1
480600,1778808788,ai.elimu.filamu,{'video_playback_position_ms': 7880},,,चिड़िया,1
480601,1778808851,ai.elimu.filamu,,,,चिड़िया,1
480602,1778808880,ai.elimu.filamu,{'video_playback_position_ms': 23131},,,चिड़िया,1
480617,1778890867,ai.elimu.filamu,,,,चिड़िया,1
480618,1778890876,ai.elimu.filamu,{'video_playback_position_ms': 50614},,,चिड़िया,1
480619,1778890994,ai.elimu.filamu,,,,चिड़िया,1
480620,1778891010,ai.elimu.filamu,{'video_playback_position_ms': 35364},,,चिड़िया,1
480621,1778891101,ai.elimu.filamu,,,,चिड़िया,1
480622,1778891152,ai.elimu.filamu,{'video_playback_position_ms': 45306},,,चिड़िया,1
480623,1778891223,ai.elimu.filamu,,,,चिड़िया,1
480624,1778891282,ai.elimu.filamu,{'video_playback_position_ms': 5018},,,चिड़िया,1
480625,1778891323,ai.elimu.filamu,,,,चिड़िया,1
480626,1778891374,ai.elimu.filamu,{'video_playback_position_ms': 21724},,,चिड़िया,1
480627,1778891477,ai.elimu.filamu,,,,चिड़िया,1
480628,1778891483,ai.elimu.filamu,{'video_playback_position_ms': 57259},,,चिड़िया,1
480629,1778891503,ai.elimu.filamu,,,,चिड़िया,1
480630,1778891512,ai.elimu.filamu,{'video_playback_position_ms': 38790},,,चिड़िया,1
480631,1778891572,ai.elimu.filamu,,,,चिड़िया,1
480632,1778891602,ai.elimu.filamu,{'video_playback_position_ms': 20517},,,चिड़िया,1
480633,1778891618,ai.elimu.filamu,,,,चिड़िया,1
480634,1778891677,ai.elimu.filamu,{'video_playback_position_ms': 21095},,,चिड़िया,1
480635,1778891709,ai.elimu.filamu,,,,चिड़िया,1
480636,1778891734,ai.elimu.filamu,{'video_playback_position_ms': 17222},,,चिड़िया,1
480637,1778891848,ai.elimu.filamu,,,,चिड़िया,1
480638,1778891856,ai.elimu.filamu,{'video_playback_position_ms': 59429},,,चिड़िया,1
480713,1779064525,ai.elimu.filamu,,,,चिड़िया,1
480714,1779064548,ai.elimu.filamu,{'video_playback_position_ms': 39520},,,चिड़िया,1
480715,1779064637,ai.elimu.filamu,,,,चिड़िया,1
480716,1779064689,ai.elimu.filamu,{'video_playback_position_ms': 35784},,,चिड़िया,1
480717,1779064802,ai.elimu.filamu,,,,चिड़िया,1
480718,1779064843,ai.elimu.filamu,{'video_playback_position_ms': 45133},,,चिड़िया,1
480719,1779064926,ai.elimu.filamu,,,,चिड़िया,1
480720,1779064985,ai.elimu.filamu,{'video_playback_position_ms': 16552},,,चिड़िया,1
480721,1779065032,ai.elimu.filamu,,,,चिड़िया,1
480722,1779065081,ai.elimu.filamu,{'video_playback_position_ms': 29721},,,चिड़िया,1
480723,1779065174,ai.elimu.filamu,,,,चिड़िया,1
480724,1779065196,ai.elimu.filamu,{'video_playback_position_ms': 4354},,,चिड़िया,1
480725,1779065307,ai.elimu.filamu,,,,चिड़िया,1
480726,1779065345,ai.elimu.filamu,{'video_playback_position_ms': 38706},,,चिड़िया,1
480727,1779065425,ai.elimu.filamu,,,,चिड़िया,1
480728,1779065468,ai.elimu.filamu,{'video_playback_position_ms': 12374},,,चिड़िया,1
480729,1779065586,ai.elimu.filamu,,,,चिड़िया,1
480730,1779065620,ai.elimu.filamu,{'video_playback_position_ms': 32376},,,चिड़िया,1
480731,1779065672,ai.elimu.filamu,,,,चिड़िया,1
480732,1779065700,ai.elimu.filamu,{'video_playback_position_ms': 24650},,,चिड़िया,1
480733,1779065715,ai.elimu.filamu,,,,चिड़िया,1
480734,1779065720,ai.elimu.filamu,{'video_playback_position_ms': 15788},,,चिड़िया,1
480735,1779065768,ai.elimu.filamu,,,,चिड़िया,1
480736,1779065772,ai.elimu.filamu,{'video_playback_position_ms': 30260},,,चिड़िया,1
480737,1779065796,ai.elimu.filamu,,,,चिड़िया,1
480738,1779065823,ai.elimu.filamu,{'video_playback_position_ms': 4786},,,चिड़िया,1
480739,1779065932,ai.elimu.filamu,,,,चिड़िया,1
480740,1779065991,ai.elimu.filamu,{'video_playback_position_ms': 4987},,,चिड़िया,1
480741,1779066088,ai.elimu.filamu,,,,चिड़िया,1
480742,1779066117,ai.elimu.filamu,{'video_playback_position_ms': 38601},,,चिड़िया,1
480743,1779066198,ai.elimu.filamu,,,,चिड़िया,1
480744,1779066212,ai.elimu.filamu,{'video_playback_position_ms': 3767},,,चिड़िया,1
480745,1779066244,ai.elimu.filamu,,,,चिड़िया,1
480746,1779066280,ai.elimu.filamu,{'video_playback_position_ms': 12691},,,चिड़िया,1
480747,1779066345,ai.elimu.filamu,,,,चिड़िया,1
480748,1779066359,ai.elimu.filamu,{'video_playback_position_ms': 50032},,,चिड़िया,1
480759,1779151784,ai.elimu.filamu,,,,चिड़िया,1
480760,1779151831,ai.elimu.filamu,{'video_playback_position_ms': 32769},,,चिड़िया,1
480761,1779151943,ai.elimu.filamu,,,,चिड़िया,1
480762,1779151966,ai.elimu.filamu,{'video_playback_position_ms': 44326},,,चिड़िया,1
480763,1779152004,ai.elimu.filamu,,,,चिड़िया,1
480764,1779152035,ai.elimu.filamu,{'video_playback_position_ms': 27683},,,चिड़िया,1
480765,1779152129,ai.elimu.filamu,,,,चिड़िया,1
480766,1779152143,ai.elimu.filamu,{'video_playback_position_ms': 1128},,,चिड़िया,1
480767,1779152256,ai.elimu.filamu,,,,चिड़िया,1
480768,1779152279,ai.elimu.filamu,{'video_playback_position_ms': 35951},,,चिड़िया,1
480769,1779152374,ai.elimu.filamu,,,,चिड़िया,1
480770,1779152379,ai.elimu.filamu,{'video_playback_position_ms': 14570},,,चिड़िया,1
480771,1779152453,ai.elimu.filamu,,,,चिड़िया,1
480772,1779152457,ai.elimu.filamu,{'video_playback_position_ms': 1539},,,चिड़िया,1
480773,1779152532,ai.elimu.filamu,,,,चिड़िया,1
480774,1779152539,ai.elimu.filamu,{'video_playback_position_ms': 25450},,,चिड़िया,1
480831,1779326439,ai.elimu.filamu,,,,चिड़िया,1
480832,1779326469,ai.elimu.filamu,{'video_playback_position_ms': 35631},,,चिड़िया,1
480833,1779326512,ai.elimu.filamu,,,,चिड़िया,1
480834,1779326568,ai.elimu.filamu,{'video_playback_position_ms': 49595},,,चिड़िया,1
480835,1779326664,ai.elimu.filamu,,,,चिड़िया,1
480836,1779326683,ai.elimu.filamu,{'video_playback_position_ms': 14849},,,चिड़िया,1
480837,1779326717,ai.elimu.filamu,,,,चिड़िया,1
480838,1779326735,ai.elimu.filamu,{'video_playback_position_ms': 18989},,,चिड़िया,1
480839,1779326777,ai.elimu.filamu,,,,चिड़िया,1
480840,1779326814,ai.elimu.filamu,{'video_playback_position_ms': 52501},,,चिड़िया,1
480841,1779326869,ai.elimu.filamu,,,,चिड़िया,1
480842,1779326916,ai.elimu.filamu,{'video_playback_position_ms': 25040},,,चिड़िया,1
480843,1779326978,ai.elimu.filamu,,,,चिड़िया,1
480844,1779327011,ai.elimu.filamu,{'video_playback_position_ms': 54550},,,चिड़िया,1
480845,1779327125,ai.elimu.filamu,,,,चिड़िया,1
480846,1779327157,ai.elimu.filamu,{'video_playback_position_ms': 37442},,,चिड़िया,1
480847,1779327242,ai.elimu.filamu,,,,चिड़िया,1
480848,1779327289,ai.elimu.filamu,{'video_playback_position_ms': 10082},,,चिड़िया,1
480849,1779327353,ai.elimu.filamu,,,,चिड़िया,1
480850,1779327375,ai.elimu.filamu,{'video_playback_position_ms': 47253},,,चिड़िया,1
480851,1779327465,ai.elimu.filamu,,,,चिड़िया,1
480852,1779327481,ai.elimu.filamu,{'video_playback_position_ms': 15936},,,चिड़िया,1
480853,1779327569,ai.elimu.filamu,,,,चिड़िया,1
480854,1779327629,ai.elimu.filamu,{'video_playback_position_ms': 59608},,,चिड़िया,1
480855,1779327721,ai.elimu.filamu,,,,चिड़िया,1
480856,1779327733,ai.elimu.filamu,{'video_playback_position_ms': 8719},,,चिड़िया,1
480857,1779327837,ai.elimu.filamu,,,,चिड़िया,1
480858,1779327844,ai.elimu.filamu,{'video_playback_position_ms': 53401},,,चिड़िया,1
480865,1779409951,ai.elimu.filamu,,,,चिड़िया,1
480866,1779409973,ai.elimu.filamu,{'video_playback_position_ms': 38610},,,चिड़िया,1
480867,1779410040,ai.elimu.filamu,,,,चिड़िया,1
480868,1779410043,ai.elimu.filamu,{'video_playback_position_ms': 34961},,,चिड़िया,1
480869,1779410083,ai.elimu.filamu,,,,चिड़िया,1
480870,1779410122,ai.elimu.filamu,{'video_playback_position_ms': 51608},,,चिड़िया,1
480871,1779410234,ai.elimu.filamu,,,,चिड़िया,1
480872,1779410247,ai.elimu.filamu,{'video_playback_position_ms': 10621},,,चिड़िया,1
480873,1779410353,ai.elimu.filamu,,,,चिड़िया,1
480874,1779410403,ai.elimu.filamu,{'video_playback_position_ms': 51483},,,चिड़िया,1
480875,1779410464,ai.elimu.filamu,,,,चिड़िया,1
480876,1779410523,ai.elimu.filamu,{'video_playback_position_ms': 3928},,,चिड़िया,1
480903,1779669106,ai.elimu.filamu,,,,चिड़िया,1
480904,1779669156,ai.elimu.filamu,{'video_playback_position_ms': 11471},,,चिड़िया,1
480905,1779669214,ai.elimu.filamu,,,,चिड़िया,1
480906,1779669261,ai.elimu.filamu,{'video_playback_position_ms': 30092},,,चिड़िया,1
480907,1779669324,ai.elimu.filamu,,,,चिड़िया,1
480908,1779669372,ai.elimu.filamu,{'video_playback_position_ms': 15261},,,चिड़िया,1
480909,1779669399,ai.elimu.filamu,,,,चिड़िया,1
480910,1779669431,ai.elimu.filamu,{'video_playback_position_ms': 54956},,,चिड़िया,1
480911,1779669454,ai.elimu.filamu,,,,चिड़िया,1
480912,1779669464,ai.elimu.filamu,{'video_playback_position_ms': 59133},,,चिड़िया,1
480913,1779669516,ai.elimu.filamu,,,,चिड़िया,1
480914,1779669553,ai.elimu.filamu,{'video_playback_position_ms': 23447},,,चिड़िया,1
480915,1779669671,ai.elimu.filamu,,,,चिड़िया,1
480916,1779669719,ai.elimu.filamu,{'video_playback_position_ms': 34539},,,चिड़िया,1
480917,1779669807,ai.elimu.filamu,,,,चिड़िया,1
480918,1779669848,ai.elimu.filamu,{'video_playback_position_ms': 4941},,,चिड़िया,1
480919,1779669906,ai.elimu.filamu,,,,चिड़िया,1
480920,1779669939,ai.elimu.filamu,{'video_playback_position_ms': 47585},,,चिड़िया,1
480921,1779669957,ai.elimu.filamu,,,,चिड़िया,1
480922,1779669999,ai.elimu.filamu,{'video_playback_position_ms': 20917},,,चिड़िया,1
480923,1779670037,ai.elimu.filamu,,,,चिड़िया,1
480924,1779670087,ai.elimu.filamu,{'video_playback_position_ms': 26123},,,चिड़िया,1
480925,1779670113,ai.elimu.filamu,,,,चिड़िया,1
480926,1779670173,ai.elimu.filamu,{'video_playback_position_ms': 55325},,,चिड़िया,1
480927,1779670204,ai.elimu.filamu,,,,चिड़िया,1
480928,1779670246,ai.elimu.filamu,{'video_playback_position_ms': 29217},,,चिड़िया,1
480929,1779670358,ai.elimu.filamu,,,,चिड़िया,1
480930,1779670386,ai.elimu.filamu,{'video_playback_position_ms': 56196},,,चिड़िया,1
480931,1779670499,ai.elimu.filamu,,,,चिड़िया,1
480932,1779670552,ai.elimu.filamu,{'video_playback_position_ms': 48947},,,चिड़िया,1
480933,1779670592,ai.elimu.filamu,,,,चिड़िया,1
480934,1779670628,ai.elimu.filamu,{'video_playback_position_ms': 26076},,,चिड़िया,1
480935,1779670717,ai.elimu.filamu,,,,चिड़िया,1
480936,1779670729,ai.elimu.filamu,{'video_playback_position_ms': 21736},,,चिड़िया,1
480937,1779670831,ai.elimu.filamu,,,,चिड़िया,1
480938,1779670882,ai.elimu.filamu,{'video_playback_position_ms': 22776},,,चिड़िया,1
480939,1779670925,ai.elimu.filamu,,,,चिड़िया,1
480940,1779670980,ai.elimu.filamu,{'video_playback_position_ms': 17690},,,चिड़िया,1
480947,1779756069,ai.elimu.filamu,,,,चिड़िया,1
480948,1779756125,ai.elimu.filamu,{'video_playback_position_ms': 39724},,,चिड़िया,1
480949,1779756160,ai.elimu.filamu,,,,चिड़िया,1
480950,1779756202,ai.elimu.filamu,{'video_playback_position_ms': 31472},,,चिड़िया,1
480951,1779756231,ai.elimu.filamu,,,,चिड़िया,1
480952,1779756235,ai.elimu.filamu,{'video_playback_position_ms': 15389},,,चिड़िया,1
480953,1779756339,ai.elimu.filamu,,,,चिड़िया,1
480954,1779756349,ai.elimu.filamu,{'video_playback_position_ms': 31272},,,चिड़िया,1
480955,1779756412,ai.elimu.filamu,,,,चिड़िया,1
480956,1779756444,ai.elimu.filamu,{'video_playback_position_ms': 18482},,,चिड़िया,1
480957,1779756539,ai.elimu.filamu,,,,चिड़िया,1
480958,1779756585,ai.elimu.filamu,{'video_playback_position_ms': 5942},,,चिड़िया,1
480959,1779756600,ai.elimu.filamu,,,,चिड़िया,1
480960,1779756645,ai.elimu.filamu,{'video_playback_position_ms': 24701},,,चिड़िया,1
480961,1779756708,ai.elimu.filamu,,,,चिड़िया,1
480962,1779756738,ai.elimu.filamu,{'video_playback_position_ms': 40033},,,चिड़िया,1
480963,1779756835,ai.elimu.filamu,,,,चिड़िया,1
480964,1779756866,ai.elimu.filamu,{'video_playback_position_ms': 19829},,,चिड़िया,1
480965,1779756951,ai.elimu.filamu,,,,चिड़िया,1
480966,1779756972,ai.elimu.filamu,{'video_playback_position_ms': 26293},,,चिड़िया,1
480967,1779757087,ai.elimu.filamu,,,,चिड़िया,1
480968,1779757124,ai.elimu.filamu,{'video_playback_position_ms': 8435},,,चिड़िया,1
480973,1779844086,ai.elimu.filamu,,,,चिड़िया,1
480974,1779844102,ai.elimu.filamu,{'video_playback_position_ms': 32974},,,चिड़िया,1
480975,1779844167,ai.elimu.filamu,,,,चिड़िया,1
480976,1779844198,ai.elimu.filamu,{'video_playback_position_ms': 43143},,,चिड़िया,1
480977,1779844261,ai.elimu.filamu,,,,चिड़िया,1
480978,1779844311,ai.elimu.filamu,{'video_playback_position_ms': 56012},,,चिड़िया,1
480979,1779844414,ai.elimu.filamu,,,,चिड़िया,1
480980,1779844429,ai.elimu.filamu,{'video_playback_position_ms': 4819},,,चिड़िया,1
480981,1779844479,ai.elimu.filamu,,,,चिड़िया,1
480982,1779844508,ai.elimu.filamu,{'video_playback_position_ms': 46400},,,चिड़िया,1
480983,1779844614,ai.elimu.filamu,,,,चिड़िया,1
480984,1779844629,ai.elimu.filamu,{'video_playback_position_ms': 31209},,,चिड़िया,1
480985,1780017272,ai.elimu.filamu,,,,चिड़िया,1
480986,1780017302,ai.elimu.filamu,{'video_playback_position_ms': 32321},,,चिड़िया,1
480987,1780017389,ai.elimu.filamu,,,,चिड़िया,1
480988,1780017431,ai.elimu.filamu,{'video_playback_position_ms': 26775},,,चिड़िया,1
480989,1780017525,ai.elimu.filamu,,,,चिड़िया,1
480990,1780017569,ai.elimu.filamu,{'video_playback_position_ms': 55036},,,चिड़िया,1
480991,1780017631,ai.elimu.filamu,,,,चिड़िया,1
480992,1780017675,ai.elimu.filamu,{'video_playback_position_ms': 47060},,,चिड़िया,1
480993,1780017743,ai.elimu.filamu,,,,चिड़िया,1
480994,1780017757,ai.elimu.filamu,{'video_playback_position_ms': 38104},,,चिड़िया,1
480995,1780017814,ai.elimu.filamu,,,,चिड़िया,1
480996,1780017817,ai.elimu.filamu,{'video_playback_position_ms': 19856},,,चिड़िया,1
480997,1780017922,ai.elimu.filamu,,,,चिड़िया,1
480998,1780017970,ai.elimu.filamu,{'video_playback_position_ms': 11015},,,चिड़िया,1
480999,1780018082,ai.elimu.filamu,,,,चिड़िया,1
481000,1780018093,ai.elimu.filamu,{'video_playback_position_ms': 26206},,,चिड़िया,1
481001,1780018176,ai.elimu.filamu,,,,चिड़िया,1
481002,1780018230,ai.elimu.filamu,{'video_playback_position_ms': 34452},,,चिड़िया,1
481003,1780018318,ai.elimu.filamu,,,,चिड़िया,1
481004,1780018329,ai.elimu.filamu,{'video_playback_position_ms': 13535},,,चिड़िया,1
481005,1780018354,ai.elimu.filamu,,,,चिड़िया,1
481006,1780018399,ai.elimu.filamu,{'video_playback_position_ms': 45534},,,चिड़िया,1
481007,1780018487,ai.elimu.filamu,,,,चिड़िया,1
481008,1780018493,ai.elimu.filamu,{'video_playback_position_ms': 50829},,,चिड़िया,1
481009,1780018538,ai.elimu.filamu,,,,चिड़िया,1
481010,1780018571,ai.elimu.filamu,{'video_playback_position_ms': 31870},,,चिड़िया,1
481011,1780018616,ai.elimu.filamu,,,,चिड़िया,1
481012,1780018666,ai.elimu.filamu,{'video_playback_position_ms': 57410},,,चिड़िया,1
481013,1780018754,ai.elimu.filamu,,,,चिड़िया,1
481014,1780018763,ai.elimu.filamu,{'video_playback_position_ms': 54246},,,चिड़िया,1
481015,1780018822,ai.elimu.filamu,,,,चिड़िया,1
481016,1780018851,ai.elimu.filamu,{'video_playback_position_ms': 45767},,,चिड़िया,1
481017,1780018881,ai.elimu.filamu,,,,चिड़िया,1
481018,1780018911,ai.elimu.filamu,{'video_playback_position_ms': 20087},,,चिड़िया,1
481065,1780104673,ai.elimu.filamu,,,,चिड़िया,1
481066,1780104726,ai.elimu.filamu,{'video_playback_position_ms': 46328},,,चिड़िया,1
481067,1780104831,ai.elimu.filamu,,,,चिड़िया,1
481068,1780104849,ai.elimu.filamu,{'video_playback_position_ms': 43671},,,चिड़िया,1
481069,1780104911,ai.elimu.filamu,,,,चिड़िया,1
481070,1780104929,ai.elimu.filamu,{'video_playback_position_ms': 49256},,,चिड़िया,1
481071,1780105025,ai.elimu.filamu,,,,चिड़िया,1
481072,1780105047,ai.elimu.filamu,{'video_playback_position_ms': 57946},,,चिड़िया,1
481073,1780105098,ai.elimu.filamu,,,,चिड़िया,1
481074,1780105153,ai.elimu.filamu,{'video_playback_position_ms': 58266},,,चिड़िया,1
481075,1780105243,ai.elimu.filamu,,,,चिड़िया,1
481076,1780105271,ai.elimu.filamu,{'video_playback_position_ms': 42309},,,चिड़िया,1
481077,1780105329,ai.elimu.filamu,,,,चिड़िया,1
481078,1780105337,ai.elimu.filamu,{'video_playback_position_ms': 54531},,,चिड़िया,1
481079,1780105387,ai.elimu.filamu,,,,चिड़िया,1
481080,1780105433,ai.elimu.filamu,{'video_playback_position_ms': 10583},,,चिड़िया,1
481081,1780105494,ai.elimu.filamu,,,,चिड़िया,1
481082,1780105513,ai.elimu.filamu,{'video_playback_position_ms': 42907},,,चिड़िया,1
481083,1780105632,ai.elimu.filamu,,,,चिड़िया,1
481084,1780105687,ai.elimu.filamu,{'video_playback_position_ms': 47387},,,चिड़िया,1
481085,1780105731,ai.elimu.filamu,,,,चिड़िया,1
481086,1780105736,ai.elimu.filamu,{'video_playback_position_ms': 33827},,,चिड़िया,1
481087,1780105837,ai.elimu.filamu,,,,चिड़िया,1
481088,1780105877,ai.elimu.filamu,{'video_playback_position_ms': 57222},,,चिड़िया,1
481089,1780105940,ai.elimu.filamu,,,,चिड़िया,1
481090,1780105956,ai.elimu.filamu,{'video_playback_position_ms': 11448},,,चिड़िया,1
481091,1780106055,ai.elimu.filamu,,,,चिड़िया,1
481092,1780106083,ai.elimu.filamu,{'video_playback_position_ms': 33022},,,चिड़िया,1
481093,1780106153,ai.elimu.filamu,,,,चिड़िया,1
481094,1780106197,ai.elimu.filamu,{'video_playback_position_ms': 14014},,,चिड़िया,1
481095,1780106261,ai.elimu.filamu,,,,चिड़िया,1
481096,1780106288,ai.elimu.filamu,{'video_playback_position_ms': 55637},,,चिड़िया,1
481097,1780106375,ai.elimu.filamu,,,,चिड़िया,1
481098,1780106426,ai.elimu.filamu,{'video_playback_position_ms': 37048},,,चिड़िया,1
481099,1780106453,ai.elimu.filamu,,,,चिड़िया,1
481100,1780106484,ai.elimu.filamu,{'video_playback_position_ms': 38547},,,चिड़िया,1
481101,1780188831,ai.elimu.filamu,,,,चिड़िया,1
481102,1780188838,ai.elimu.filamu,{'video_playback_position_ms': 41003},,,चिड़िया,1
481103,1780188871,ai.elimu.filamu,,,,चिड़िया,1
481104,1780188925,ai.elimu.filamu,{'video_playback_position_ms': 36050},,,चिड़िया,1
481105,1780189045,ai.elimu.filamu,,,,चिड़िया,1
481106,1780189051,ai.elimu.filamu,{'video_playback_position_ms': 52888},,,चिड़िया,1
481107,1780189129,ai.elimu.filamu,,,,चिड़िया,1
481108,1780189148,ai.elimu.filamu,{'video_playback_position_ms': 1040},,,चिड़िया,1
481109,1780189256,ai.elimu.filamu,,,,चिड़िया,1
481110,1780189261,ai.elimu.filamu,{'video_playback_position_ms': 5411},,,चिड़िया,1
481111,1780189343,ai.elimu.filamu,,,,चिड़िया,1
481112,1780189349,ai.elimu.filamu,{'video_playback_position_ms': 15004},,,चिड़िया,1
481121,1780273727,ai.elimu.filamu,,,,चिड़िया,1
481122,1780273770,ai.elimu.filamu,{'video_playback_position_ms': 54237},,,चिड़िया,1
481123,1780273788,ai.elimu.filamu,,,,चिड़िया,1
481124,1780273841,ai.elimu.filamu,{'video_playback_position_ms': 44343},,,चिड़िया,1
481125,1780273905,ai.elimu.filamu,,,,चिड़िया,1
481126,1780273947,ai.elimu.filamu,{'video_playback_position_ms': 32312},,,चिड़िया,1
481127,1780274000,ai.elimu.filamu,,,,चिड़िया,1
481128,1780274016,ai.elimu.filamu,{'video_playback_position_ms': 11427},,,चिड़िया,1
481129,1780274123,ai.elimu.filamu,,,,चिड़िया,1
481130,1780274155,ai.elimu.filamu,{'video_playback_position_ms': 40959},,,चिड़िया,1
481203,1780364400,ai.elimu.filamu,,,,चिड़िया,1
481204,1780364448,ai.elimu.filamu,{'video_playback_position_ms': 7477},,,चिड़िया,1
481205,1780364479,ai.elimu.filamu,,,,चिड़िया,1
481206,1780364516,ai.elimu.filamu,{'video_playback_position_ms': 36008},,,चिड़िया,1
481207,1780364561,ai.elimu.filamu,,,,चिड़िया,1
481208,1780364600,ai.elimu.filamu,{'video_playback_position_ms': 35868},,,चिड़िया,1
481257,1780619372,ai.elimu.filamu,,,,चिड़िया,1
481258,1780619427,ai.elimu.filamu,{'video_playback_position_ms': 45662},,,चिड़िया,1
481259,1780619482,ai.elimu.filamu,,,,चिड़िया,1
481260,1780619528,ai.elimu.filamu,{'video_playback_position_ms': 17666},,,चिड़िया,1
481261,1780619630,ai.elimu.filamu,,,,चिड़िया,1
481262,1780619658,ai.elimu.filamu,{'video_playback_position_ms': 13077},,,चिड़िया,1
481263,1780619676,ai.elimu.filamu,,,,चिड़िया,1
481264,1780619696,ai.elimu.filamu,{'video_playback_position_ms': 46124},,,चिड़िया,1
481265,1780619740,ai.elimu.filamu,,,,चिड़िया,1
481266,1780619771,ai.elimu.filamu,{'video_playback_position_ms': 43517},,,चिड़िया,1
481267,1780619806,ai.elimu.filamu,,,,चिड़िया,1
481268,1780619854,ai.elimu.filamu,{'video_playback_position_ms': 27858},,,चिड़िया,1
481269,1780619972,ai.elimu.filamu,,,,चिड़िया,1
481270,1780620028,ai.elimu.filamu,{'video_playback_position_ms': 2798},,,चिड़िया,1
481271,1780620073,ai.elimu.filamu,,,,चिड़िया,1
481272,1780620117,ai.elimu.filamu,{'video_playback_position_ms': 19083},,,चिड़िया,1
481273,1780620228,ai.elimu.filamu,,,,चिड़िया,1
481274,1780620264,ai.elimu.filamu,{'video_playback_position_ms': 37979},,,चिड़िया,1
481275,1780620361,ai.elimu.filamu,,,,चिड़िया,1
481276,1780620394,ai.elimu.filamu,{'video_playback_position_ms': 44611},,,चिड़िया,1
481277,1780620491,ai.elimu.filamu,,,,चिड़िया,1
481278,1780620524,ai.elimu.filamu,{'video_playback_position_ms': 22530},,,चिड़िया,1
481279,1780620579,ai.elimu.filamu,,,,चिड़िया,1
481280,1780620585,ai.elimu.filamu,{'video_playback_position_ms': 23858},,,चिड़िया,1
481281,1780620632,ai.elimu.filamu,,,,चिड़िया,1
481282,1780620680,ai.elimu.filamu,{'video_playback_position_ms': 4091},,,चिड़िया,1
481283,1780620778,ai.elimu.filamu,,,,चिड़िया,1
481284,1780620812,ai.elimu.filamu,{'video_playback_position_ms': 31386},,,चिड़िया,1
481285,1780620880,ai.elimu.filamu,,,,चिड़िया,1
481286,1780620927,ai.elimu.filamu,{'video_playback_position_ms': 36985},,,चिड़िया,1
481351,1780708534,ai.elimu.filamu,,,,चिड़िया,1
481352,1780708583,ai.elimu.filamu,{'video_playback_position_ms': 15512},,,चिड़िया,1
481353,1780708664,ai.elimu.filamu,,,,चिड़िया,1
481354,1780708681,ai.elimu.filamu,{'video_playback_position_ms': 36011},,,चिड़िया,1
481355,1780708794,ai.elimu.filamu,,,,चिड़िया,1
481356,1780708849,ai.elimu.filamu,{'video_playback_position_ms': 5624},,,चिड़िया,1
481357,1780708964,ai.elimu.filamu,,,,चिड़िया,1
481358,1780708994,ai.elimu.filamu,{'video_playback_position_ms': 24539},,,चिड़िया,1
481359,1780709014,ai.elimu.filamu,,,,चिड़िया,1
481360,1780709069,ai.elimu.filamu,{'video_playback_position_ms': 59235},,,चिड़िया,1
481361,1780709112,ai.elimu.filamu,,,,चिड़िया,1
481362,1780709130,ai.elimu.filamu,{'video_playback_position_ms': 13657},,,चिड़िया,1
481363,1780709169,ai.elimu.filamu,,,,चिड़िया,1
481364,1780709225,ai.elimu.filamu,{'video_playback_position_ms': 53383},,,चिड़िया,1
481365,1780709326,ai.elimu.filamu,,,,चिड़िया,1
481366,1780709356,ai.elimu.filamu,{'video_playback_position_ms': 6261},,,चिड़िया,1
481367,1780709454,ai.elimu.filamu,,,,चिड़िया,1
481368,1780709460,ai.elimu.filamu,{'video_playback_position_ms': 54885},,,चिड़िया,1
481369,1780709533,ai.elimu.filamu,,,,चिड़िया,1
481370,1780709544,ai.elimu.filamu,{'video_playback_position_ms': 23248},,,चिड़िया,1
481371,1780709586,ai.elimu.filamu,,,,चिड़िया,1
481372,1780709610,ai.elimu.filamu,{'video_playback_position_ms': 5947},,,चिड़िया,1
481473,1780966375,ai.elimu.filamu,,,,चिड़िया,1
481474,1780966403,ai.elimu.filamu,{'video_playback_position_ms': 21781},,,चिड़िया,1
481475,1780966495,ai.elimu.filamu,,,,चिड़िया,1
481476,1780966499,ai.elimu.filamu,{'video_playback_position_ms': 1144},,,चिड़िया,1
481477,1780966514,ai.elimu.filamu,,,,चिड़िया,1
481478,1780966569,ai.elimu.filamu,{'video_playback_position_ms': 48068},,,चिड़िया,1
481479,1780966616,ai.elimu.filamu,,,,चिड़िया,1
481480,1780966624,ai.elimu.filamu,{'video_playback_position_ms': 6034},,,चिड़िया,1
481481,1780966687,ai.elimu.filamu,,,,चिड़िया,1
481482,1780966734,ai.elimu.filamu,{'video_playback_position_ms': 15624},,,चिड़िया,1
481483,1780966801,ai.elimu.filamu,,,,चिड़िया,1
481484,1780966833,ai.elimu.filamu,{'video_playback_position_ms': 54984},,,चिड़िया,1
481485,1780966909,ai.elimu.filamu,,,,चिड़िया,1
481486,1780966956,ai.elimu.filamu,{'video_playback_position_ms': 22550},,,चिड़िया,1
481487,1780967058,ai.elimu.filamu,,,,चिड़िया,1
481488,1780967102,ai.elimu.filamu,{'video_playback_position_ms': 4469},,,चिड़िया,1
481489,1780967135,ai.elimu.filamu,,,,चिड़िया,1
481490,1780967148,ai.elimu.filamu,{'video_playback_position_ms': 19366},,,चिड़िया,1
481491,1780967189,ai.elimu.filamu,,,,चिड़िया,1
481492,1780967217,ai.elimu.filamu,{'video_playback_position_ms': 44689},,,चिड़िया,1
481493,1780967304,ai.elimu.filamu,,,,चिड़िया,1
481494,1780967316,ai.elimu.filamu,{'video_playback_position_ms': 5135},,,चिड़िया,1
481495,1780967393,ai.elimu.filamu,,,,चिड़िया,1
481496,1780967424,ai.elimu.filamu,{'video_playback_position_ms': 43936},,,चिड़िया,1
481497,1780967488,ai.elimu.filamu,,,,चिड़िया,1
481498,1780967515,ai.elimu.filamu,{'video_playback_position_ms': 42591},,,चिड़िया,1
481499,1780967617,ai.elimu.filamu,,,,चिड़िया,1
481500,1780967634,ai.elimu.filamu,{'video_playback_position_ms': 46384},,,चिड़िया,1
481501,1780967716,ai.elimu.filamu,,,,चिड़िया,1
481502,1780967742,ai.elimu.filamu,{'video_playback_position_ms': 46482},,,चिड़िया,1
481503,1780967799,ai.elimu.filamu,,,,चिड़िया,1
481504,1780967817,ai.elimu.filamu,{'video_playback_position_ms': 8537},,,चिड़िया,1
481505,1780967936,ai.elimu.filamu,,,,चिड़िया,1
481506,1780967983,ai.elimu.filamu,{'video_playback_position_ms': 27971},,,चिड़िया,1
481507,1780968036,ai.elimu.filamu,,,,चिड़िया,1
481508,1780968065,ai.elimu.filamu,{'video_playback_position_ms': 52318},,,चिड़िया,1
481509,1780968141,ai.elimu.filamu,,,,चिड़िया,1
481510,1780968161,ai.elimu.filamu,{'video_playback_position_ms': 57036},,,चिड़िया,1
481549,1781087982,ai.elimu.filamu,,,,चिड़िया,1
481550,1781088004,ai.elimu.filamu,{'video_playback_position_ms': 18737},,,चिड़िया,1
481551,1781088099,ai.elimu.filamu,,,,चिड़िया,1
481552,1781088132,ai.elimu.filamu,{'video_playback_position_ms': 31342},,,चिड़िया,1
481553,1781088194,ai.elimu.filamu,,,,चिड़िया,1
481554,1781088222,ai.elimu.filamu,{'video_playback_position_ms': 28413},,,चिड़िया,1
481555,1781088271,ai.elimu.filamu,,,,चिड़िया,1
481556,1781088294,ai.elimu.filamu,{'video_playback_position_ms': 15864},,,चिड़िया,1
481557,1781088317,ai.elimu.filamu,,,,चिड़िया,1
481558,1781088329,ai.elimu.filamu,{'video_playback_position_ms': 14469},,,चिड़िया,1
481559,1781088380,ai.elimu.filamu,,,,चिड़िया,1
481560,1781088407,ai.elimu.filamu,{'video_playback_position_ms': 34448},,,चिड़िया,1
481561,1781088497,ai.elimu.filamu,,,,चिड़िया,1
481562,1781088500,ai.elimu.filamu,{'video_playback_position_ms': 13377},,,चिड़िया,1
481563,1781088605,ai.elimu.filamu,,,,चिड़िया,1
481564,1781088613,ai.elimu.filamu,{'video_playback_position_ms': 19403},,,चिड़िया,1
481597,1781142325,ai.elimu.filamu,,,,चिड़िया,1
481598,1781142382,ai.elimu.filamu,{'video_playback_position_ms': 29380},,,चिड़िया,1
481599,1781142412,ai.elimu.filamu,,,,चिड़िया,1
481600,1781142444,ai.elimu.filamu,{'video_playback_position_ms': 3540},,,चिड़िया,1
481601,1781142548,ai.elimu.filamu,,,,चिड़िया,1
481602,1781142593,ai.elimu.filamu,{'video_playback_position_ms': 3071},,,चिड़िया,1
481603,1781142637,ai.elimu.filamu,,,,चिड़िया,1
481604,1781142654,ai.elimu.filamu,{'video_playback_position_ms': 40226},,,चिड़िया,1
481605,1781142735,ai.elimu.filamu,,,,चिड़िया,1
481606,1781142769,ai.elimu.filamu,{'video_playback_position_ms': 36945},,,चिड़िया,1
481607,1781142872,ai.elimu.filamu,,,,चिड़िया,1
481608,1781142879,ai.elimu.filamu,{'video_playback_position_ms': 58855},,,चिड़िया,1
481609,1781142994,ai.elimu.filamu,,,,चिड़िया,1
481610,1781143009,ai.elimu.filamu,{'video_playback_position_ms': 32386},,,चिड़िया,1
481611,1781143042,ai.elimu.filamu,,,,चिड़िया,1
481612,1781143093,ai.elimu.filamu,{'video_playback_position_ms': 36328},,,चिड़िया,1
481613,1781143133,ai.elimu.filamu,,,,चिड़िया,1
481614,1781143179,ai.elimu.filamu,{'video_playback_position_ms': 17975},,,चिड़िया,1
481615,1781143267,ai.elimu.filamu,,,,चिड़िया,1
481616,1781143306,ai.elimu.filamu,{'video_playback_position_ms': 55219},,,चिड़िया,1
481617,1781143353,ai.elimu.filamu,,,,चिड़िया,1
481618,1781143378,ai.elimu.filamu,{'video_playback_position_ms': 55587},,,चिड़िया,1
481619,1781143396,ai.elimu.filamu,,,,चिड़िया,1
481620,1781143413,ai.elimu.filamu,{'video_playback_position_ms': 5066},,,चिड़िया,1
481621,1781143434,ai.elimu.filamu,,,,चिड़िया,1
481622,1781143491,ai.elimu.filamu,{'video_playback_position_ms': 36375},,,चिड़िया,1
481623,1781143545,ai.elimu.filamu,,,,चिड़िया,1
481624,1781143559,ai.elimu.filamu,{'video_playback_position_ms': 28167},,,चिड़िया,1
481625,1781143678,ai.elimu.filamu,,,,चिड़िया,1
481626,1781143728,ai.elimu.filamu,{'video_playback_position_ms': 18510},,,चिड़िया,1
481627,1781143798,ai.elimu.filamu,,,,चिड़िया,1
481628,1781143811,ai.elimu.filamu,{'video_playback_position_ms': 40113},,,चिड़िया,1
481655,1781228394,ai.elimu.filamu,,,,चिड़िया,1
481656,1781228431,ai.elimu.filamu,{'video_playback_position_ms': 6479},,,चिड़िया,1
481657,1781228477,ai.elimu.filamu,,,,चिड़िया,1
481658,1781228517,ai.elimu.filamu,{'video_playback_position_ms': 21024},,,चिड़िया,1
481659,1781228618,ai.elimu.filamu,,,,चिड़िया,1
481660,1781228664,ai.elimu.filamu,{'video_playback_position_ms': 26492},,,चिड़िया,1
481661,1781228772,ai.elimu.filamu,,,,चिड़िया,1
481662,1781228819,ai.elimu.filamu,{'video_playback_position_ms': 56456},,,चिड़िया,1
481663,1781228872,ai.elimu.filamu,,,,चिड़िया,1
481664,1781228917,ai.elimu.filamu,{'video_playback_position_ms': 18202},,,चिड़िया,1
481665,1781228953,ai.elimu.filamu,,,,चिड़िया,1
481666,1781228960,ai.elimu.filamu,{'video_playback_position_ms': 23936},,,चिड़िया,1
481667,1781229009,ai.elimu.filamu,,,,चिड़िया,1
481668,1781229065,ai.elimu.filamu,{'video_playback_position_ms': 47722},,,चिड़िया,1
481669,1781229163,ai.elimu.filamu,,,,चिड़िया,1
481670,1781229173,ai.elimu.filamu,{'video_playback_position_ms': 43888},,,चिड़िया,1
481671,1781229289,ai.elimu.filamu,,,,चिड़िया,1
481672,1781229303,ai.elimu.filamu,{'video_playback_position_ms': 31000},,,चिड़िया,1
481673,1781229393,ai.elimu.filamu,,,,चिड़िया,1
481674,1781229429,ai.elimu.filamu,{'video_playback_position_ms': 11361},,,चिड़िया,1
481675,1781229516,ai.elimu.filamu,,,,चिड़िया,1
481676,1781229537,ai.elimu.filamu,{'video_playback_position_ms': 12496},,,चिड़िया,1
481677,1781229652,ai.elimu.filamu,,,,चिड़िया,1
481678,1781229669,ai.elimu.filamu,{'video_playback_position_ms': 41914},,,चिड़िया,1
481679,1781229698,ai.elimu.filamu,,,,चिड़िया,1
481680,1781229743,ai.elimu.filamu,{'video_playback_position_ms': 51477},,,चिड़िया,1
481681,1781229828,ai.elimu.filamu,,,,चिड़िया,1
481682,1781229853,ai.elimu.filamu,{'video_playback_position_ms': 16846},,,चिड़िया,1
481683,1781229892,ai.elimu.filamu,,,,चिड़िया,1
481684,1781229917,ai.elimu.filamu,{'video_playback_position_ms': 58299},,,चिड़िया,1
481685,1781229943,ai.elimu.filamu,,,,चिड़िया,1
481686,1781229952,ai.elimu.filamu,{'video_playback_position_ms': 33237},,,चिड़िया,1
481687,1781230064,ai.elimu.filamu,,,,चिड़िया,1
481688,1781230079,ai.elimu.filamu,{'video_playback_position_ms': 18184},,,चिड़िया,1
481711,1781315455,ai.elimu.filamu,,,,चिड़िया,1
481712,1781315489,ai.elimu.filamu,{'video_playback_position_ms': 42453},,,चिड़िया,1
481713,1781315547,ai.elimu.filamu,,,,चिड़िया,1
481714,1781315586,ai.elimu.filamu,{'video_playback_position_ms': 57381},,,चिड़िया,1
481715,1781315698,ai.elimu.filamu,,,,चिड़िया,1
481716,1781315703,ai.elimu.filamu,{'video_playback_position_ms': 4792},,,चिड़िया,1
481717,1781315791,ai.elimu.filamu,,,,चिड़िया,1
481718,1781315801,ai.elimu.filamu,{'video_playback_position_ms': 47969},,,चिड़िया,1
481719,1781315860,ai.elimu.filamu,,,,चिड़िया,1
481720,1781315903,ai.elimu.filamu,{'video_playback_position_ms': 53559},,,चिड़िया,1
481721,1781315996,ai.elimu.filamu,,,,चिड़िया,1
481722,1781316014,ai.elimu.filamu,{'video_playback_position_ms': 50915},,,चिड़िया,1
481723,1781316106,ai.elimu.filamu,,,,चिड़िया,1
481724,1781316162,ai.elimu.filamu,{'video_playback_position_ms': 24052},,,चिड़िया,1
481725,1781316277,ai.elimu.filamu,,,,चिड़िया,1
481726,1781316334,ai.elimu.filamu,{'video_playback_position_ms': 15794},,,चिड़िया,1
481727,1781316428,ai.elimu.filamu,,,,चिड़िया,1
481728,1781316479,ai.elimu.filamu,{'video_playback_position_ms': 37382},,,चिड़िया,1
481729,1781316562,ai.elimu.filamu,,,,चिड़िया,1
481730,1781316570,ai.elimu.filamu,{'video_playback_position_ms': 10053},,,चिड़िया,1
481731,1781316615,ai.elimu.filamu,,,,चिड़िया,1
481732,1781316638,ai.elimu.filamu,{'video_playback_position_ms': 42320},,,चिड़िया,1
481733,1781316699,ai.elimu.filamu,,,,चिड़िया,1
481734,1781316739,ai.elimu.filamu,{'video_playback_position_ms': 37535},,,चिड़िया,1
481735,1781316852,ai.elimu.filamu,,,,चिड़िया,1
481736,1781316897,ai.elimu.filamu,{'video_playback_position_ms': 41921},,,चिड़िया,1
481737,1781317006,ai.elimu.filamu,,,,चिड़िया,1
481738,1781317036,ai.elimu.filamu,{'video_playback_position_ms': 32423},,,चिड़िया,1
481739,1781317058,ai.elimu.filamu,,,,चिड़िया,1
481740,1781317090,ai.elimu.filamu,{'video_playback_position_ms': 27931},,,चिड़िया,1
481741,1781317188,ai.elimu.filamu,,,,चिड़िया,1
481742,1781317228,ai.elimu.filamu,{'video_playback_position_ms': 42972},,,चिड़िया,1
481783,1781399067,ai.elimu.filamu,,,,चिड़िया,1
481784,1781399123,ai.elimu.filamu,{'video_playback_position_ms': 26498},,,चिड़िया,1
481785,1781399197,ai.elimu.filamu,,,,चिड़िया,1
481786,1781399212,ai.elimu.filamu,{'video_playback_position_ms': 44963},,,चिड़िया,1
481787,1781399314,ai.elimu.filamu,,,,चिड़िया,1
481788,1781399340,ai.elimu.filamu,{'video_playback_position_ms': 20945},,,चिड़िया,1
481789,1781399374,ai.elimu.filamu,,,,चिड़िया,1
481790,1781399386,ai.elimu.filamu,{'video_playback_position_ms': 15810},,,चिड़िया,1
481791,1781399435,ai.elimu.filamu,,,,चिड़िया,1
481792,1781399493,ai.elimu.filamu,{'video_playback_position_ms': 52593},,,चिड़िया,1
481793,1781399588,ai.elimu.filamu,,,,चिड़िया,1
481794,1781399646,ai.elimu.filamu,{'video_playback_position_ms': 11663},,,चिड़िया,1
481815,1781675798,ai.elimu.filamu,,,,चिड़िया,1
481816,1781675827,ai.elimu.filamu,{'video_playback_position_ms': 55852},,,चिड़िया,1
481817,1781675902,ai.elimu.filamu,,,,चिड़िया,1
481818,1781675935,ai.elimu.filamu,{'video_playback_position_ms': 30077},,,चिड़िया,1
481819,1781675972,ai.elimu.filamu,,,,चिड़िया,1
481820,1781676017,ai.elimu.filamu,{'video_playback_position_ms': 54853},,,चिड़िया,1
481821,1781676135,ai.elimu.filamu,,,,चिड़िया,1
481822,1781676155,ai.elimu.filamu,{'video_playback_position_ms': 16436},,,चिड़िया,1
481823,1781676271,ai.elimu.filamu,,,,चिड़िया,1
481824,1781676290,ai.elimu.filamu,{'video_playback_position_ms': 25198},,,चिड़िया,1
481825,1781676332,ai.elimu.filamu,,,,चिड़िया,1
481826,1781676359,ai.elimu.filamu,{'video_playback_position_ms': 47366},,,चिड़िया,1
481827,1781676457,ai.elimu.filamu,,,,चिड़िया,1
481828,1781676492,ai.elimu.filamu,{'video_playback_position_ms': 34995},,,चिड़िया,1
481829,1781676540,ai.elimu.filamu,,,,चिड़िया,1
481830,1781676561,ai.elimu.filamu,{'video_playback_position_ms': 9977},,,चिड़िया,1
481831,1781676597,ai.elimu.filamu,,,,चिड़िया,1
481832,1781676599,ai.elimu.filamu,{'video_playback_position_ms': 46478},,,चिड़िया,1
481833,1781676708,ai.elimu.filamu,,,,चिड़िया,1
481834,1781676745,ai.elimu.filamu,{'video_playback_position_ms': 20424},,,चिड़िया,1
481835,1781676762,ai.elimu.filamu,,,,चिड़िया,1
481836,1781676811,ai.elimu.filamu,{'video_playback_position_ms': 20567},,,चिड़िया,1
481837,1781676848,ai.elimu.filamu,,,,चिड़िया,1
481838,1781676856,ai.elimu.filamu,{'video_playback_position_ms': 10661},,,चिड़िया,1
481839,1781676919,ai.elimu.filamu,,,,चिड़िया,1
481840,1781676950,ai.elimu.filamu,{'video_playback_position_ms': 45676},,,चिड़िया,1
481841,1781676968,ai.elimu.filamu,,,,चिड़िया,1
481842,1781677027,ai.elimu.filamu,{'video_playback_position_ms': 51258},,,चिड़िया,1
481843,1781677144,ai.elimu.filamu,,,,चिड़िया,1
481844,1781677154,ai.elimu.filamu,{'video_playback_position_ms': 47019},,,चिड़िया,1
481845,1781677255,ai.elimu.filamu,,,,चिड़िया,1
481846,1781677288,ai.elimu.filamu,{'video_playback_position_ms': 57452},,,चिड़िया,1
481847,1781677374,ai.elimu.filamu,,,,चिड़िया,1
481848,1781677406,ai.elimu.filamu,{'video_playback_position_ms': 29469},,,चिड़िया,1
481849,1781677490,ai.elimu.filamu,,,,चिड़िया,1
481850,1781677506,ai.elimu.filamu,{'video_playback_position_ms': 5877},,,चिड़िया,1
481851,1781677535,ai.elimu.filamu,,,,चिड़िया,1
481852,1781677542,ai.elimu.filamu,{'video_playback_position_ms': 45808},,,चिड़िया,1
481863,1781688710,ai.elimu.filamu,,,,चिड़िया,1
481864,1781688723,ai.elimu.filamu,{'video_playback_position_ms': 12439},,,चिड़िया,1
481865,1781688748,ai.elimu.filamu,,,,चिड़िया,1
481866,1781688773,ai.elimu.filamu,{'video_playback_position_ms': 40395},,,चिड़िया,1
481867,1781688814,ai.elimu.filamu,,,,चिड़िया,1
481868,1781688849,ai.elimu.filamu,{'video_playback_position_ms': 41771},,,चिड़िया,1
481869,1781688899,ai.elimu.filamu,,,,चिड़िया,1
481870,1781688911,ai.elimu.filamu,{'video_playback_position_ms': 54004},,,चिड़िया,1
481871,1781688955,ai.elimu.filamu,,,,चिड़िया,1
481872,1781688999,ai.elimu.filamu,{'video_playback_position_ms': 22259},,,चिड़िया,1
481873,1781689042,ai.elimu.filamu,,,,चिड़िया,1
481874,1781689045,ai.elimu.filamu,{'video_playback_position_ms': 3785},,,चिड़िया,1
481875,1781689165,ai.elimu.filamu,,,,चिड़िया,1
481876,1781689188,ai.elimu.filamu,{'video_playback_position_ms': 45529},,,चिड़िया,1
481877,1781689247,ai.elimu.filamu,,,,चिड़िया,1
481878,1781689294,ai.elimu.filamu,{'video_playback_position_ms': 56090},,,चिड़िया,1
481879,1781689386,ai.elimu.filamu,,,,चिड़िया,1
481880,1781689442,ai.elimu.filamu,{'video_playback_position_ms': 48051},,,चिड़िया,1
481881,1781689531,ai.elimu.filamu,,,,चिड़िया,1
481882,1781689564,ai.elimu.filamu,{'video_playback_position_ms': 21730},,,चिड़िया,1
481883,1781689641,ai.elimu.filamu,,,,चिड़िया,1
481884,1781689692,ai.elimu.filamu,{'video_playback_position_ms': 16285},,,चिड़िया,1
481885,1781689786,ai.elimu.filamu,,,,चिड़िया,1
481886,1781689811,ai.elimu.filamu,{'video_playback_position_ms': 25916},,,चिड़िया,1
481887,1781689924,ai.elimu.filamu,,,,चिड़िया,1
481888,1781689938,ai.elimu.filamu,{'video_playback_position_ms': 20028},,,चिड़िया,1
481889,1781689972,ai.elimu.filamu,,,,चिड़िया,1
481890,1781689997,ai.elimu.filamu,{'video_playback_position_ms': 41935},,,चिड़िया,1
481891,1781690037,ai.elimu.filamu,,,,चिड़िया,1
481892,1781690059,ai.elimu.filamu,{'video_playback_position_ms': 52245},,,चिड़िया,1
481893,1781690168,ai.elimu.filamu,,,,चिड़िया,1
481894,1781690210,ai.elimu.filamu,{'video_playback_position_ms': 3136},,,चिड़िया,1
481895,1781690279,ai.elimu.filamu,,,,चिड़िया,1
481896,1781690324,ai.elimu.filamu,{'video_playback_position_ms': 47787},,,चिड़िया,1
481963,1781820000,ai.elimu.filamu,,,,चिड़िया,1
481964,1781820050,ai.elimu.filamu,{'video_playback_position_ms': 39796},,,चिड़िया,1
481965,1781820094,ai.elimu.filamu,,,,चिड़िया,1
481966,1781820143,ai.elimu.filamu,{'video_playback_position_ms': 45929},,,चिड़िया,1
481967,1781820225,ai.elimu.filamu,,,,चिड़िया,1
481968,1781820277,ai.elimu.filamu,{'video_playback_position_ms': 15774},,,चिड़िया,1
481969,1781820310,ai.elimu.filamu,,,,चिड़िया,1
481970,1781820335,ai.elimu.filamu,{'video_playback_position_ms': 25399},,,चिड़िया,1
481989,1781834447,ai.elimu.filamu,,,,चिड़िया,1
481990,1781834488,ai.elimu.filamu,{'video_playback_position_ms': 54945},,,चिड़िया,1
481991,1781834573,ai.elimu.filamu,,,,चिड़िया,1
481992,1781834586,ai.elimu.filamu,{'video_playback_position_ms': 59475},,,चिड़िया,1
481993,1781834695,ai.elimu.filamu,,,,चिड़िया,1
481994,1781834751,ai.elimu.filamu,{'video_playback_position_ms': 32493},,,चिड़िया,1
481995,1781834812,ai.elimu.filamu,,,,चिड़िया,1
481996,1781834836,ai.elimu.filamu,{'video_playback_position_ms': 17911},,,चिड़िया,1
481997,1781834928,ai.elimu.filamu,,,,चिड़िया,1
481998,1781834957,ai.elimu.filamu,{'video_playback_position_ms': 4018},,,चिड़िया,1
481999,1781834999,ai.elimu.filamu,,,,चिड़िया,1
482000,1781835038,ai.elimu.filamu,{'video_playback_position_ms': 27967},,,चिड़िया,1
482001,1781835075,ai.elimu.filamu,,,,चिड़िया,1
482002,1781835110,ai.elimu.filamu,{'video_playback_position_ms': 9360},,,चिड़िया,1
482003,1781835213,ai.elimu.filamu,,,,चिड़िया,1
482004,1781835255,ai.elimu.filamu,{'video_playback_position_ms': 13338},,,चिड़िया,1
482055,1781918505,ai.elimu.filamu,,,,चिड़िया,1
482056,1781918546,ai.elimu.filamu,{'video_playback_position_ms': 25738},,,चिड़िया,1
482057,1781918625,ai.elimu.filamu,,,,चिड़िया,1
482058,1781918683,ai.elimu.filamu,{'video_playback_position_ms': 17117},,,चिड़िया,1
482059,1781918726,ai.elimu.filamu,,,,चिड़िया,1
482060,1781918742,ai.elimu.filamu,{'video_playback_position_ms': 54077},,,चिड़िया,1
482061,1781918771,ai.elimu.filamu,,,,चिड़िया,1
482062,1781918812,ai.elimu.filamu,{'video_playback_position_ms': 1921},,,चिड़िया,1
482063,1781918871,ai.elimu.filamu,,,,चिड़िया,1
482064,1781918878,ai.elimu.filamu,{'video_playback_position_ms': 1779},,,चिड़िया,1
482065,1781918982,ai.elimu.filamu,,,,चिड़िया,1
482066,1781919021,ai.elimu.filamu,{'video_playback_position_ms': 22114},,,चिड़िया,1
482067,1781919056,ai.elimu.filamu,,,,चिड़िया,1
482068,1781919104,ai.elimu.filamu,{'video_playback_position_ms': 48325},,,चिड़िया,1
482069,1781919174,ai.elimu.filamu,,,,चिड़िया,1
482070,1781919199,ai.elimu.filamu,{'video_playback_position_ms': 25694},,,चिड़िया,1
482071,1781919317,ai.elimu.filamu,,,,चिड़िया,1
482072,1781919347,ai.elimu.filamu,{'video_playback_position_ms': 29034},,,चिड़िया,1
482073,1781919465,ai.elimu.filamu,,,,चिड़िया,1
482074,1781919520,ai.elimu.filamu,{'video_playback_position_ms': 28948},,,चिड़िया,1
482075,1781919633,ai.elimu.filamu,,,,चिड़िया,1
482076,1781919683,ai.elimu.filamu,{'video_playback_position_ms': 22144},,,चिड़िया,1
482077,1781919755,ai.elimu.filamu,,,,चिड़िया,1
482078,1781919771,ai.elimu.filamu,{'video_playback_position_ms': 50069},,,चिड़िया,1
482079,1781919808,ai.elimu.filamu,,,,चिड़िया,1
482080,1781919812,ai.elimu.filamu,{'video_playback_position_ms': 3997},,,चिड़िया,1
482081,1781919886,ai.elimu.filamu,,,,चिड़िया,1
482082,1781919917,ai.elimu.filamu,{'video_playback_position_ms': 47460},,,चिड़िया,1
482083,1781919999,ai.elimu.filamu,,,,चिड़िया,1
482084,1781920012,ai.elimu.filamu,{'video_playback_position_ms': 24772},,,चिड़िया,1
482085,1781920055,ai.elimu.filamu,,,,चिड़िया,1
482086,1781920065,ai.elimu.filamu,{'video_playback_position_ms': 44203},,,चिड़िया,1
482087,1781920107,ai.elimu.filamu,,,,चिड़िया,1
482088,1781920114,ai.elimu.filamu,{'video_playback_position_ms': 35969},,,चिड़िया,1
482089,1781920225,ai.elimu.filamu,,,,चिड़िया,1
482090,1781920232,ai.elimu.filamu,{'video_playback_position_ms': 57223},,,चिड़िया,1
482091,1781920255,ai.elimu.filamu,,,,चिड़िया,1
482092,1781920257,ai.elimu.filamu,{'video_playback_position_ms': 4897},,,चिड़िया,1
482211,1782259639,ai.elimu.filamu,,,,चिड़िया,1
482212,1782259650,ai.elimu.filamu,{'video_playback_position_ms': 39632},,,चिड़िया,1
482213,1782259713,ai.elimu.filamu,,,,चिड़िया,1
482214,1782259739,ai.elimu.filamu,{'video_playback_position_ms': 11347},,,चिड़िया,1
482215,1782259782,ai.elimu.filamu,,,,चिड़िया,1
482216,1782259820,ai.elimu.filamu,{'video_playback_position_ms': 12009},,,चिड़िया,1
482217,1782259865,ai.elimu.filamu,,,,चिड़िया,1
482218,1782259906,ai.elimu.filamu,{'video_playback_position_ms': 40552},,,चिड़िया,1
482219,1782259923,ai.elimu.filamu,,,,चिड़िया,1
482220,1782259964,ai.elimu.filamu,{'video_playback_position_ms': 35426},,,चिड़िया,1
482255,1782348714,ai.elimu.filamu,,,,चिड़िया,1
482256,1782348763,ai.elimu.filamu,{'video_playback_position_ms': 6453},,,चिड़िया,1
482257,1782348783,ai.elimu.filamu,,,,चिड़िया,1
482258,1782348817,ai.elimu.filamu,{'video_playback_position_ms': 11153},,,चिड़िया,1
482259,1782348875,ai.elimu.filamu,,,,चिड़िया,1
482260,1782348883,ai.elimu.filamu,{'video_playback_position_ms': 36417},,,चिड़िया,1
482261,1782348915,ai.elimu.filamu,,,,चिड़िया,1
482262,1782348941,ai.elimu.filamu,{'video_playback_position_ms': 15466},,,चिड़िया,1
482263,1782349029,ai.elimu.filamu,,,,चिड़िया,1
482264,1782349044,ai.elimu.filamu,{'video_playback_position_ms': 9184},,,चिड़िया,1
482265,1782349150,ai.elimu.filamu,,,,चिड़िया,1
482266,1782349183,ai.elimu.filamu,{'video_playback_position_ms': 23934},,,चिड़िया,1
482267,1782349300,ai.elimu.filamu,,,,चिड़िया,1
482268,1782349321,ai.elimu.filamu,{'video_playback_position_ms': 10569},,,चिड़िया,1
482269,1782349346,ai.elimu.filamu,,,,चिड़िया,1
482270,1782349402,ai.elimu.filamu,{'video_playback_position_ms': 2764},,,चिड़िया,1
482271,1782349504,ai.elimu.filamu,,,,चिड़िया,1
482272,1782349554,ai.elimu.filamu,{'video_playback_position_ms': 23613},,,चिड़िया,1
482273,1782349634,ai.elimu.filamu,,,,चिड़िया,1
482274,1782349683,ai.elimu.filamu,{'video_playback_position_ms': 52804},,,चिड़िया,1
482275,1782349726,ai.elimu.filamu,,,,चिड़िया,1
482276,1782349774,ai.elimu.filamu,{'video_playback_position_ms': 17309},,,चिड़िया,1
482277,1782349816,ai.elimu.filamu,,,,चिड़िया,1
482278,1782349865,ai.elimu.filamu,{'video_playback_position_ms': 18137},,,चिड़िया,1
482279,1782349939,ai.elimu.filamu,,,,चिड़िया,1
482280,1782349991,ai.elimu.filamu,{'video_playback_position_ms': 50959},,,चिड़िया,1
482281,1782350064,ai.elimu.filamu,,,,चिड़िया,1
482282,1782350113,ai.elimu.filamu,{'video_playback_position_ms': 36268},,,चिड़िया,1
482283,1782350132,ai.elimu.filamu,,,,चिड़िया,1
482284,1782350158,ai.elimu.filamu,{'video_playback_position_ms': 40838},,,चिड़िया,1
482285,1782350265,ai.elimu.filamu,,,,चिड़िया,1
482286,1782350284,ai.elimu.filamu,{'video_playback_position_ms': 35843},,,चिड़िया,1
482287,1782350309,ai.elimu.filamu,,,,चिड़िया,1
482288,1782350322,ai.elimu.filamu,{'video_playback_position_ms': 22158},,,चिड़िया,1
482345,1782523120,ai.elimu.filamu,,,,चिड़िया,1
482346,1782523148,ai.elimu.filamu,{'video_playback_position_ms': 14656},,,चिड़िया,1
482347,1782523236,ai.elimu.filamu,,,,चिड़िया,1
482348,1782523247,ai.elimu.filamu,{'video_playback_position_ms': 29262},,,चिड़िया,1
482349,1782523366,ai.elimu.filamu,,,,चिड़िया,1
482350,1782523369,ai.elimu.filamu,{'video_playback_position_ms': 24678},,,चिड़िया,1
482351,1782523476,ai.elimu.filamu,,,,चिड़िया,1
482352,1782523523,ai.elimu.filamu,{'video_playback_position_ms': 7651},,,चिड़िया,1
482353,1782523634,ai.elimu.filamu,,,,चिड़िया,1
482354,1782523683,ai.elimu.filamu,{'video_playback_position_ms': 26077},,,चिड़िया,1
482355,1782523718,ai.elimu.filamu,,,,चिड़िया,1
482356,1782523763,ai.elimu.filamu,{'video_playback_position_ms': 58457},,,चिड़िया,1
482357,1782523838,ai.elimu.filamu,,,,चिड़िया,1
482358,1782523849,ai.elimu.filamu,{'video_playback_position_ms': 41188},,,चिड़िया,1
482359,1782523960,ai.elimu.filamu,,,,चिड़िया,1
482360,1782523969,ai.elimu.filamu,{'video_playback_position_ms': 26416},,,चिड़िया,1
482361,1782524077,ai.elimu.filamu,,,,चिड़िया,1
482362,1782524085,ai.elimu.filamu,{'video_playback_position_ms': 38428},,,चिड़िया,1
482363,1782524148,ai.elimu.filamu,,,,चिड़िया,1
482364,1782524206,ai.elimu.filamu,{'video_playback_position_ms': 2472},,,चिड़िया,1
482365,1782524290,ai.elimu.filamu,,,,चिड़िया,1
482366,1782524350,ai.elimu.filamu,{'video_playback_position_ms': 4193},,,चिड़िया,1
482367,1782524425,ai.elimu.filamu,,,,चिड़िया,1
482368,1782524448,ai.elimu.filamu,{'video_playback_position_ms': 46809},,,चिड़िया,1
482369,1782524564,ai.elimu.filamu,,,,चिड़िया,1
482370,1782524571,ai.elimu.filamu,{'video_playback_position_ms': 34504},,,चिड़िया,1
482371,1782524643,ai.elimu.filamu,,,,चिड़िया,1
482372,1782524655,ai.elimu.filamu,{'video_playback_position_ms': 46338},,,चिड़िया,1
482373,1782524713,ai.elimu.filamu,,,,चिड़िया,1
482374,1782524755,ai.elimu.filamu,{'video_playback_position_ms': 35035},,,चिड़िया,1
482375,1782524804,ai.elimu.filamu,,,,चिड़िया,1
482376,1782524854,ai.elimu.filamu,{'video_playback_position_ms': 7424},,,चिड़िया,1
482377,1782524964,ai.elimu.filamu,,,,चिड़िया,1
482378,1782525008,ai.elimu.filamu,{'video_playback_position_ms': 38664},,,चिड़िया,1
482399,1782607584,ai.elimu.filamu,,,,चिड़िया,1
482400,1782607588,ai.elimu.filamu,{'video_playback_position_ms': 46773},,,चिड़िया,1
482401,1782607686,ai.elimu.filamu,,,,चिड़िया,1
482402,1782607689,ai.elimu.filamu,{'video_playback_position_ms': 28682},,,चिड़िया,1
482403,1782607806,ai.elimu.filamu,,,,चिड़िया,1
482404,1782607842,ai.elimu.filamu,{'video_playback_position_ms': 2097},,,चिड़िया,1
482405,1782607895,ai.elimu.filamu,,,,चिड़िया,1
482406,1782607927,ai.elimu.filamu,{'video_playback_position_ms': 57360},,,चिड़िया,1
482407,1782607951,ai.elimu.filamu,,,,चिड़िया,1
482408,1782607964,ai.elimu.filamu,{'video_playback_position_ms': 39985},,,चिड़िया,1
482409,1782608049,ai.elimu.filamu,,,,चिड़िया,1
482410,1782608093,ai.elimu.filamu,{'video_playback_position_ms': 4997},,,चिड़िया,1
482411,1782608120,ai.elimu.filamu,,,,चिड़िया,1
482412,1782608136,ai.elimu.filamu,{'video_playback_position_ms': 53639},,,चिड़िया,1
482413,1782608169,ai.elimu.filamu,,,,चिड़िया,1
482414,1782608221,ai.elimu.filamu,{'video_playback_position_ms': 10518},,,चिड़िया,1
482415,1782608286,ai.elimu.filamu,,,,चिड़िया,1
482416,1782608305,ai.elimu.filamu,{'video_playback_position_ms': 39781},,,चिड़िया,1
482417,1782608337,ai.elimu.filamu,,,,चिड़िया,1
482418,1782608371,ai.elimu.filamu,{'video_playback_position_ms': 37502},,,चिड़िया,1
482419,1782608389,ai.elimu.filamu,,,,चिड़िया,1
482420,1782608427,ai.elimu.filamu,{'video_playback_position_ms': 45183},,,चिड़िया,1
482421,1782608457,ai.elimu.filamu,,,,चिड़िया,1
482422,1782608498,ai.elimu.filamu,{'video_playback_position_ms': 56464},,,चिड़िया,1
482423,1782608564,ai.elimu.filamu,,,,चिड़िया,1
482424,1782608595,ai.elimu.filamu,{'video_playback_position_ms': 36984},,,चिड़िया,1
482425,1782608635,ai.elimu.filamu,,,,चिड़िया,1
482426,1782608662,ai.elimu.filamu,{'video_playback_position_ms': 54479},,,चिड़िया,1
482427,1782608731,ai.elimu.filamu,,,,चिड़िया,1
482428,1782608741,ai.elimu.filamu,{'video_playback_position_ms': 30289},,,चिड़िया,1
482429,1782608823,ai.elimu.filamu,,,,चिड़िया,1
482430,1782608877,ai.elimu.filamu,{'video_playback_position_ms': 22085},,,चिड़िया,1
482431,1782608914,ai.elimu.filamu,,,,चिड़िया,1
482432,1782608963,ai.elimu.filamu,{'video_playback_position_ms': 33982},,,चिड़िया,1
482433,1782609019,ai.elimu.filamu,,,,चिड़िया,1
482434,1782609042,ai.elimu.filamu,{'video_playback_position_ms': 50878},,,चिड़िया,1
482531,1782951649,ai.elimu.filamu,,,,चिड़िया,1
482532,1782951693,ai.elimu.filamu,{'video_playback_position_ms': 14766},,,चिड़िया,1
482533,1782951790,ai.elimu.filamu,,,,चिड़िया,1
482534,1782951804,ai.elimu.filamu,{'video_playback_position_ms': 14473},,,चिड़िया,1
482535,1782951829,ai.elimu.filamu,,,,चिड़िया,1
482536,1782951885,ai.elimu.filamu,{'video_playback_position_ms': 37656},,,चिड़िया,1
482537,1782951962,ai.elimu.filamu,,,,चिड़िया,1
482538,1782951966,ai.elimu.filamu,{'video_playback_position_ms': 20426},,,चिड़िया,1
482539,1782952042,ai.elimu.filamu,,,,चिड़िया,1
482540,1782952056,ai.elimu.filamu,{'video_playback_position_ms': 26534},,,चिड़िया,1
482541,1782952136,ai.elimu.filamu,,,,चिड़िया,1
482542,1782952159,ai.elimu.filamu,{'video_playback_position_ms': 14126},,,चिड़िया,1
482543,1782952199,ai.elimu.filamu,,,,चिड़िया,1
482544,1782952258,ai.elimu.filamu,{'video_playback_position_ms': 40117},,,चिड़िया,1
482545,1782952339,ai.elimu.filamu,,,,चिड़िया,1
482546,1782952387,ai.elimu.filamu,{'video_playback_position_ms': 31994},,,चिड़िया,1
482547,1782952499,ai.elimu.filamu,,,,चिड़िया,1
482548,1782952510,ai.elimu.filamu,{'video_playback_position_ms': 20491},,,चिड़िया,1
482549,1782952613,ai.elimu.filamu,,,,चिड़िया,1
482550,1782952620,ai.elimu.filamu,{'video_playback_position_ms': 53274},,,चिड़िया,1
482551,1782952665,ai.elimu.filamu,,,,चिड़िया,1
482552,1782952673,ai.elimu.filamu,{'video_playback_position_ms': 29003},,,चिड़िया,1
482553,1782952731,ai.elimu.filamu,,,,चिड़िया,1
482554,1782952745,ai.elimu.filamu,{'video_playback_position_ms': 51568},,,चिड़िया,1
482555,1782952793,ai.elimu.filamu,,,,चिड़िया,1
482556,1782952803,ai.elimu.filamu,{'video_playback_position_ms': 22728},,,चिड़िया,1
482557,1782952895,ai.elimu.filamu,,,,चिड़िया,1
482558,1782952937,ai.elimu.filamu,{'video_playback_position_ms': 27535},,,चिड़िया,1
482559,1782952992,ai.elimu.filamu,,,,चिड़िया,1
482560,1782953015,ai.elimu.filamu,{'video_playback_position_ms': 22511},,,चिड़िया,1
482561,1782953043,ai.elimu.filamu,,,,चिड़िया,1
482562,1782953100,ai.elimu.filamu,{'video_playback_position_ms': 5098},,,चिड़िया,1
482563,1782953163,ai.elimu.filamu,,,,चिड़िया,1
482564,1782953212,ai.elimu.filamu,{'video_playback_position_ms': 18247},,,चिड़िया,1
482615,1783039717,ai.elimu.filamu,,,,चिड़िया,1
482616,1783039755,ai.elimu.filamu,{'video_playback_position_ms': 11369},,,चिड़िया,1
482617,1783039809,ai.elimu.filamu,,,,चिड़िया,1
482618,1783039867,ai.elimu.filamu,{'video_playback_position_ms': 45275},,,चिड़िया,1
482619,1783039922,ai.elimu.filamu,,,,चिड़िया,1
482620,1783039976,ai.elimu.filamu,{'video_playback_position_ms': 46103},,,चिड़िया,1
482621,1783040093,ai.elimu.filamu,,,,चिड़िया,1
482622,1783040114,ai.elimu.filamu,{'video_playback_position_ms': 1098},,,चिड़िया,1
482623,1783040147,ai.elimu.filamu,,,,चिड़िया,1
482624,1783040170,ai.elimu.filamu,{'video_playback_position_ms': 38623},,,चिड़िया,1
482625,1783040207,ai.elimu.filamu,,,,चिड़िया,1
482626,1783040222,ai.elimu.filamu,{'video_playback_position_ms': 43034},,,चिड़िया,1
482627,1783040242,ai.elimu.filamu,,,,चिड़िया,1
482628,1783040245,ai.elimu.filamu,{'video_playback_position_ms': 32669},,,चिड़िया,1
482629,1783040327,ai.elimu.filamu,,,,चिड़िया,1
482630,1783040343,ai.elimu.filamu,{'video_playback_position_ms': 2087},,,चिड़िया,1
482631,1783040414,ai.elimu.filamu,,,,चिड़िया,1
482632,1783040443,ai.elimu.filamu,{'video_playback_position_ms': 25682},,,चिड़िया,1
482699,1783126043,ai.elimu.filamu,,,,चिड़िया,1
482700,1783126095,ai.elimu.filamu,{'video_playback_position_ms': 14637},,,चिड़िया,1
482701,1783126166,ai.elimu.filamu,,,,चिड़िया,1
482702,1783126187,ai.elimu.filamu,{'video_playback_position_ms': 2949},,,चिड़िया,1
482703,1783126270,ai.elimu.filamu,,,,चिड़िया,1
482704,1783126299,ai.elimu.filamu,{'video_playback_position_ms': 37230},,,चिड़िया,1
482705,1783126317,ai.elimu.filamu,,,,चिड़िया,1
482706,1783126346,ai.elimu.filamu,{'video_playback_position_ms': 10374},,,चिड़िया,1
482707,1783126398,ai.elimu.filamu,,,,चिड़िया,1
482708,1783126453,ai.elimu.filamu,{'video_playback_position_ms': 13113},,,चिड़िया,1
482709,1783126565,ai.elimu.filamu,,,,चिड़िया,1
482710,1783126590,ai.elimu.filamu,{'video_playback_position_ms': 35895},,,चिड़िया,1
482711,1783126631,ai.elimu.filamu,,,,चिड़िया,1
482712,1783126685,ai.elimu.filamu,{'video_playback_position_ms': 17679},,,चिड़िया,1
482713,1783126767,ai.elimu.filamu,,,,चिड़िया,1
482714,1783126799,ai.elimu.filamu,{'video_playback_position_ms': 29483},,,चिड़िया,1
482715,1783126825,ai.elimu.filamu,,,,चिड़िया,1
482716,1783126865,ai.elimu.filamu,{'video_playback_position_ms': 37061},,,चिड़िया,1
482717,1783126981,ai.elimu.filamu,,,,चिड़िया,1
482718,1783127016,ai.elimu.filamu,{'video_playback_position_ms': 11153},,,चिड़िया,1
482719,1783127100,ai.elimu.filamu,,,,चिड़िया,1
482720,1783127133,ai.elimu.filamu,{'video_playback_position_ms': 20216},,,चिड़िया,1
482721,1783127245,ai.elimu.filamu,,,,चिड़िया,1
482722,1783127292,ai.elimu.filamu,{'video_playback_position_ms': 23694},,,चिड़िया,1
482723,1783127381,ai.elimu.filamu,,,,चिड़िया,1
482724,1783127398,ai.elimu.filamu,{'video_playback_position_ms': 25830},,,चिड़िया,1
482725,1783127488,ai.elimu.filamu,,,,चिड़िया,1
482726,1783127547,ai.elimu.filamu,{'video_playback_position_ms': 46242},,,चिड़िया,1
482759,1783211614,ai.elimu.filamu,,,,चिड़िया,1
482760,1783211645,ai.elimu.filamu,{'video_playback_position_ms': 16158},,,चिड़िया,1
482761,1783211746,ai.elimu.filamu,,,,चिड़िया,1
482762,1783211775,ai.elimu.filamu,{'video_playback_position_ms': 42918},,,चिड़िया,1
482763,1783211798,ai.elimu.filamu,,,,चिड़िया,1
482764,1783211815,ai.elimu.filamu,{'video_playback_position_ms': 14878},,,चिड़िया,1
482765,1783211907,ai.elimu.filamu,,,,चिड़िया,1
482766,1783211920,ai.elimu.filamu,{'video_playback_position_ms': 6152},,,चिड़िया,1
482767,1783211949,ai.elimu.filamu,,,,चिड़िया,1
482768,1783211973,ai.elimu.filamu,{'video_playback_position_ms': 13106},,,चिड़िया,1
482769,1783212036,ai.elimu.filamu,,,,चिड़िया,1
482770,1783212087,ai.elimu.filamu,{'video_playback_position_ms': 25710},,,चिड़िया,1
482771,1783212173,ai.elimu.filamu,,,,चिड़िया,1
482772,1783212200,ai.elimu.filamu,{'video_playback_position_ms': 6856},,,चिड़िया,1
482773,1783212232,ai.elimu.filamu,,,,चिड़िया,1
482774,1783212280,ai.elimu.filamu,{'video_playback_position_ms': 47010},,,चिड़िया,1
482787,1783297434,ai.elimu.filamu,,,,चिड़िया,1
482788,1783297474,ai.elimu.filamu,{'video_playback_position_ms': 10691},,,चिड़िया,1
482789,1783297491,ai.elimu.filamu,,,,चिड़िया,1
482790,1783297533,ai.elimu.filamu,{'video_playback_position_ms': 26111},,,चिड़िया,1
482791,1783297553,ai.elimu.filamu,,,,चिड़िया,1
482792,1783297591,ai.elimu.filamu,{'video_playback_position_ms': 14040},,,चिड़िया,1
482793,1783297645,ai.elimu.filamu,,,,चिड़िया,1
482794,1783297658,ai.elimu.filamu,{'video_playback_position_ms': 3048},,,चिड़िया,1
482795,1783297683,ai.elimu.filamu,,,,चिड़िया,1
482796,1783297717,ai.elimu.filamu,{'video_playback_position_ms': 25143},,,चिड़िया,1
482797,1783297756,ai.elimu.filamu,,,,चिड़िया,1
482798,1783297776,ai.elimu.filamu,{'video_playback_position_ms': 59667},,,चिड़िया,1
482799,1783297868,ai.elimu.filamu,,,,चिड़िया,1
482800,1783297871,ai.elimu.filamu,{'video_playback_position_ms': 1837},,,चिड़िया,1
482801,1783297973,ai.elimu.filamu,,,,चिड़िया,1
482802,1783298001,ai.elimu.filamu,{'video_playback_position_ms': 3739},,,चिड़िया,1
482803,1783298089,ai.elimu.filamu,,,,चिड़िया,1
482804,1783298110,ai.elimu.filamu,{'video_playback_position_ms': 22429},,,चिड़िया,1
482805,1783298130,ai.elimu.filamu,,,,चिड़िया,1
482806,1783298143,ai.elimu.filamu,{'video_playback_position_ms': 8259},,,चिड़िया,1
482807,1783298255,ai.elimu.filamu,,,,चिड़िया,1
482808,1783298259,ai.elimu.filamu,{'video_playback_position_ms': 4016},,,चिड़िया,1
482809,1783298287,ai.elimu.filamu,,,,चिड़िया,1
482810,1783298316,ai.elimu.filamu,{'video_playback_position_ms': 30154},,,चिड़िया,1
482837,1783645969,ai.elimu.filamu,,,,चिड़िया,1
482838,1783645977,ai.elimu.filamu,{'video_playback_position_ms': 52637},,,चिड़िया,1
482839,1783645993,ai.elimu.filamu,,,,चिड़िया,1
482840,1783646020,ai.elimu.filamu,{'video_playback_position_ms': 41430},,,चिड़िया,1
482841,1783646131,ai.elimu.filamu,,,,चिड़िया,1
482842,1783646173,ai.elimu.filamu,{'video_playback_position_ms': 23163},,,चिड़िया,1
482843,1783646202,ai.elimu.filamu,,,,चिड़िया,1
482844,1783646222,ai.elimu.filamu,{'video_playback_position_ms': 38668},,,चिड़िया,1
482845,1783646266,ai.elimu.filamu,,,,चिड़िया,1
482846,1783646280,ai.elimu.filamu,{'video_playback_position_ms': 50022},,,चिड़िया,1
482847,1783646371,ai.elimu.filamu,,,,चिड़िया,1
482848,1783646405,ai.elimu.filamu,{'video_playback_position_ms': 34865},,,चिड़िया,1
482849,1783646492,ai.elimu.filamu,,,,चिड़िया,1
482850,1783646498,ai.elimu.filamu,{'video_playback_position_ms': 49264},,,चिड़िया,1
482851,1783646618,ai.elimu.filamu,,,,चिड़िया,1
482852,1783646623,ai.elimu.filamu,{'video_playback_position_ms': 17678},,,चिड़िया,1
482853,1783646708,ai.elimu.filamu,,,,चिड़िया,1
482854,1783646748,ai.elimu.filamu,{'video_playback_position_ms': 18654},,,चिड़िया,1
482855,1783646841,ai.elimu.filamu,,,,चिड़िया,1
482856,1783646881,ai.elimu.filamu,{'video_playback_position_ms': 11021},,,चिड़िया,1
482857,1783646986,ai.elimu.filamu,,,,चिड़िया,1
482858,1783646993,ai.elimu.filamu,{'video_playback_position_ms': 51287},,,चिड़िया,1
482859,1783647045,ai.elimu.filamu,,,,चिड़िया,1
482860,1783647058,ai.elimu.filamu,{'video_playback_position_ms': 17482},,,चिड़िया,1
482861,1783647126,ai.elimu.filamu,,,,चिड़िया,1
482862,1783647174,ai.elimu.filamu,{'video_playback_position_ms': 50231},,,चिड़िया,1
482863,1783647262,ai.elimu.filamu,,,,चिड़िया,1
482864,1783647322,ai.elimu.filamu,{'video_playback_position_ms': 38296},,,चिड़िया,1
482865,1783647391,ai.elimu.filamu,,,,चिड़िया,1
482866,1783647449,ai.elimu.filamu,{'video_playback_position_ms': 1699},,,चिड़िया,1
482921,1783817616,ai.elimu.filamu,,,,चिड़िया,1
482922,1783817662,ai.elimu.filamu,{'video_playback_position_ms': 50718},,,चिड़िया,1
482923,1783817732,ai.elimu.filamu,,,,चिड़िया,1
482924,1783817750,ai.elimu.filamu,{'video_playback_position_ms': 45279},,,चिड़िया,1
482925,1783817792,ai.elimu.filamu,,,,चिड़िया,1
482926,1783817812,ai.elimu.filamu,{'video_playback_position_ms': 50972},,,चिड़िया,1
482927,1783817927,ai.elimu.filamu,,,,चिड़िया,1
482928,1783817986,ai.elimu.filamu,{'video_playback_position_ms': 43463},,,चिड़िया,1
482929,1783818010,ai.elimu.filamu,,,,चिड़िया,1
482930,1783818019,ai.elimu.filamu,{'video_playback_position_ms': 16785},,,चिड़िया,1
482931,1783818072,ai.elimu.filamu,,,,चिड़िया,1
482932,1783818104,ai.elimu.filamu,{'video_playback_position_ms': 23275},,,चिड़िया,1
482933,1783988046,ai.elimu.filamu,,,,चिड़िया,1
482934,1783988103,ai.elimu.filamu,{'video_playback_position_ms': 55642},,,चिड़िया,1
482935,1783988180,ai.elimu.filamu,,,,चिड़िया,1
482936,1783988184,ai.elimu.filamu,{'video_playback_position_ms': 52974},,,चिड़िया,1
482937,1783988285,ai.elimu.filamu,,,,चिड़िया,1
482938,1783988325,ai.elimu.filamu,{'video_playback_position_ms': 40903},,,चिड़िया,1
482961,1784076996,ai.elimu.filamu,,,,चिड़िया,1
482962,1784077035,ai.elimu.filamu,{'video_playback_position_ms': 55685},,,चिड़िया,1
482963,1784077066,ai.elimu.filamu,,,,चिड़िया,1
482964,1784077094,ai.elimu.filamu,{'video_playback_position_ms': 42160},,,चिड़िया,1
482965,1784077123,ai.elimu.filamu,,,,चिड़िया,1
482966,1784077137,ai.elimu.filamu,{'video_playback_position_ms': 53125},,,चिड़िया,1
482967,1784077187,ai.elimu.filamu,,,,चिड़िया,1
482968,1784077240,ai.elimu.filamu,{'video_playback_position_ms': 46162},,,चिड़िया,1
482969,1784077354,ai.elimu.filamu,,,,चिड़िया,1
482970,1784077412,ai.elimu.filamu,{'video_playback_position_ms': 22538},,,चिड़िया,1
482971,1784077512,ai.elimu.filamu,,,,चिड़िया,1
482972,1784077560,ai.elimu.filamu,{'video_playback_position_ms': 48605},,,चिड़िया,1
482973,1784077615,ai.elimu.filamu,,,,चिड़िया,1
482974,1784077623,ai.elimu.filamu,{'video_playback_position_ms': 55807},,,चिड़िया,1
482975,1784077658,ai.elimu.filamu,,,,चिड़िया,1
482976,1784077687,ai.elimu.filamu,{'video_playback_position_ms': 3719},,,चिड़िया,1
482977,1784077788,ai.elimu.filamu,,,,चिड़िया,1
482978,1784077844,ai.elimu.filamu,{'video_playback_position_ms': 6473},,,चिड़िया,1
482979,1784077929,ai.elimu.filamu,,,,चिड़िया,1
482980,1784077963,ai.elimu.filamu,{'video_playback_position_ms': 18773},,,चिड़िया,1
482981,1784078008,ai.elimu.filamu,,,,चिड़िया,1
482982,1784078026,ai.elimu.filamu,{'video_playback_position_ms': 40259},,,चिड़िया,1
482983,1784078045,ai.elimu.filamu,,,,चिड़िया,1
482984,1784078094,ai.elimu.filamu,{'video_playback_position_ms': 24796},,,चिड़िया,1
482985,1784078182,ai.elimu.filamu,,,,चिड़िया,1
482986,1784078209,ai.elimu.filamu,{'video_playback_position_ms': 41897},,,चिड़िया,1
482987,1784078244,ai.elimu.filamu,,,,चिड़िया,1
482988,1784078274,ai.elimu.filamu,{'video_playback_position_ms': 30227},,,चिड़िया,1
482989,1784078348,ai.elimu.filamu,,,,चिड़िया,1
482990,1784078353,ai.elimu.filamu,{'video_playback_position_ms': 11107},,,चिड़िया,1
482991,1784078466,ai.elimu.filamu,,,,चिड़िया,1
482992,1784078501,ai.elimu.filamu,{'video_playback_position_ms': 8312},,,चिड़िया,1
482993,1784078583,ai.elimu.filamu,,,,चिड़िया,1
482994,1784078617,ai.elimu.filamu,{'video_playback_position_ms': 45899},,,चिड़िया,1
483061,1784166856,ai.elimu.filamu,,,,चिड़िया,1
483062,1784166888,ai.elimu.filamu,{'video_playback_position_ms': 7137},,,चिड़िया,1
483063,1784166910,ai.elimu.filamu,,,,चिड़िया,1
483064,1784166967,ai.elimu.filamu,{'video_playback_position_ms': 18595},,,चिड़िया,1
483065,1784167007,ai.elimu.filamu,,,,चिड़िया,1
483066,1784167062,ai.elimu.filamu,{'video_playback_position_ms': 49410},,,चिड़िया,1
483067,1784167091,ai.elimu.filamu,,,,चिड़िया,1
483068,1784167129,ai.elimu.filamu,{'video_playback_position_ms': 21041},,,चिड़िया,1
483069,1784167184,ai.elimu.filamu,,,,चिड़िया,1
483070,1784167187,ai.elimu.filamu,{'video_playback_position_ms': 29886},,,चिड़िया,1
483071,1784167259,ai.elimu.filamu,,,,चिड़िया,1
483072,1784167289,ai.elimu.filamu,{'video_playback_position_ms': 6608},,,चिड़िया,1
483073,1784167327,ai.elimu.filamu,,,,चिड़िया,1
483074,1784167347,ai.elimu.filamu,{'video_playback_position_ms': 24975},,,चिड़िया,1
483075,1784167432,ai.elimu.filamu,,,,चिड़िया,1
483076,1784167490,ai.elimu.filamu,{'video_playback_position_ms': 45149},,,चिड़िया,1
483077,1784167567,ai.elimu.filamu,,,,चिड़िया,1
483078,1784167612,ai.elimu.filamu,{'video_playback_position_ms': 40600},,,चिड़िया,1
483079,1784167701,ai.elimu.filamu,,,,चिड़िया,1
483080,1784167717,ai.elimu.filamu,{'video_playback_position_ms': 57972},,,चिड़िया,1
483081,1784167798,ai.elimu.filamu,,,,चिड़िया,1
483082,1784167810,ai.elimu.filamu,{'video_playback_position_ms': 17493},,,चिड़िया,1
483083,1784167834,ai.elimu.filamu,,,,चिड़िया,1
483084,1784167869,ai.elimu.filamu,{'video_playback_position_ms': 54625},,,चिड़िया,1
483085,1784167906,ai.elimu.filamu,,,,चिड़िया,1
483086,1784167925,ai.elimu.filamu,{'video_playback_position_ms': 25524},,,चिड़िया,1
483087,1784167950,ai.elimu.filamu,,,,चिड़िया,1
483088,1784167980,ai.elimu.filamu,{'video_playback_position_ms': 13196},,,चिड़िया,1
483089,1784168087,ai.elimu.filamu,,,,चिड़िया,1
483090,1784168104,ai.elimu.filamu,{'video_playback_position_ms': 57565},,,चिड़िया,1
483107,1784422889,ai.elimu.filamu,,,,चिड़िया,1
483108,1784422891,ai.elimu.filamu,{'video_playback_position_ms': 32909},,,चिड़िया,1
483109,1784422912,ai.elimu.filamu,,,,चिड़िया,1
483110,1784422921,ai.elimu.filamu,{'video_playback_position_ms': 55591},,,चिड़िया,1
483111,1784422999,ai.elimu.filamu,,,,चिड़िया,1
483112,1784423012,ai.elimu.filamu,{'video_playback_position_ms': 24975},,,चिड़िया,1
483113,1784423048,ai.elimu.filamu,,,,चिड़िया,1
483114,1784423072,ai.elimu.filamu,{'video_playback_position_ms': 46856},,,चिड़िया,1
483115,1784423098,ai.elimu.filamu,,,,चिड़िया,1
483116,1784423128,ai.elimu.filamu,{'video_playback_position_ms': 2381},,,चिड़िया,1
483117,1784423237,ai.elimu.filamu,,,,चिड़िया,1
483118,1784423256,ai.elimu.filamu,{'video_playback_position_ms': 1352},,,चिड़िया,1
483119,1784423362,ai.elimu.filamu,,,,चिड़िया,1
483120,1784423418,ai.elimu.filamu,{'video_playback_position_ms': 11131},,,चिड़िया,1
483121,1784423532,ai.elimu.filamu,,,,चिड़िया,1
483122,1784423536,ai.elimu.filamu,{'video_playback_position_ms': 55249},,,चिड़िया,1
483123,1784423643,ai.elimu.filamu,,,,चिड़िया,1
483124,1784423666,ai.elimu.filamu,{'video_playback_position_ms': 16734},,,चिड़िया,1
483125,1784423698,ai.elimu.filamu,,,,चिड़िया,1
483126,1784423757,ai.elimu.filamu,{'video_playback_position_ms': 38123},,,चिड़िया,1
483127,1784423809,ai.elimu.filamu,,,,चिड़िया,1
483128,1784423832,ai.elimu.filamu,{'video_playback_position_ms': 36352},,,चिड़िया,1
483129,1784423922,ai.elimu.filamu,,,,चिड़िया,1
483130,1784423982,ai.elimu.filamu,{'video_playback_position_ms': 6180},,,चिड़िया,1
483131,1784424054,ai.elimu.filamu,,,,चिड़िया,1
483132,1784424075,ai.elimu.filamu,{'video_playback_position_ms': 18013},,,चिड़िया,1
483133,1784424133,ai.elimu.filamu,,,,चिड़िया,1
483134,1784424185,ai.elimu.filamu,{'video_playback_position_ms': 5060},,,चिड़िया,1
483135,1784424304,ai.elimu.filamu,,,,चिड़िया,1
483136,1784424343,ai.elimu.filamu,{'video_playback_position_ms': 18298},,,चिड़िया,1
483187,1784509488,ai.elimu.filamu,,,,चिड़िया,1
483188,1784509510,ai.elimu.filamu,{'video_playback_position_ms': 35108},,,चिड़िया,1
483189,1784509592,ai.elimu.filamu,,,,चिड़िया,1
483190,1784509616,ai.elimu.filamu,{'video_playback_position_ms': 54024},,,चिड़िया,1
483191,1784509651,ai.elimu.filamu,,,,चिड़िया,1
483192,1784509708,ai.elimu.filamu,{'video_playback_position_ms': 20683},,,चिड़िया,1
483193,1784509737,ai.elimu.filamu,,,,चिड़िया,1
483194,1784509754,ai.elimu.filamu,{'video_playback_position_ms': 34511},,,चिड़िया,1
483195,1784509860,ai.elimu.filamu,,,,चिड़िया,1
483196,1784509870,ai.elimu.filamu,{'video_playback_position_ms': 19813},,,चिड़िया,1
483197,1784509986,ai.elimu.filamu,,,,चिड़िया,1
483198,1784510024,ai.elimu.filamu,{'video_playback_position_ms': 14813},,,चिड़िया,1
483199,1784510057,ai.elimu.filamu,,,,चिड़िया,1
483200,1784510073,ai.elimu.filamu,{'video_playback_position_ms': 35807},,,चिड़िया,1
483201,1784510133,ai.elimu.filamu,,,,चिड़िया,1
483202,1784510172,ai.elimu.filamu,{'video_playback_position_ms': 50725},,,चिड़िया,1
483203,1784510209,ai.elimu.filamu,,,,चिड़िया,1
483204,1784510254,ai.elimu.filamu,{'video_playback_position_ms': 40756},,,चिड़िया,1
483205,1784510297,ai.elimu.filamu,,,,चिड़िया,1
483206,1784510315,ai.elimu.filamu,{'video_playback_position_ms': 38208},,,चिड़िया,1
483207,1784510415,ai.elimu.filamu,,,,चिड़िया,1
483208,1784510444,ai.elimu.filamu,{'video_playback_position_ms': 36070},,,चिड़िया,1
483209,1784510488,ai.elimu.filamu,,,,चिड़िया,1
483210,1784510495,ai.elimu.filamu,{'video_playback_position_ms': 48552},,,चिड़िया,1
483211,1784510579,ai.elimu.filamu,,,,चिड़िया,1
483212,1784510608,ai.elimu.filamu,{'video_playback_position_ms': 58208},,,चिड़िया,1
483213,1784510712,ai.elimu.filamu,,,,चिड़िया,1
483214,1784510722,ai.elimu.filamu,{'video_playback_position_ms': 24082},,,चिड़िया,1
483215,1784510826,ai.elimu.filamu,,,,चिड़िया,1
483216,1784510841,ai.elimu.filamu,{'video_playback_position_ms': 8032},,,चिड़िया,1
483217,1784510895,ai.elimu.filamu,,,,चिड़िया,1
483218,1784510953,ai.elimu.filamu,{'video_playback_position_ms': 7057},,,चिड़िया,1
483219,1784511033,ai.elimu.filamu,,,,चिड़िया,1
483220,1784511059,ai.elimu.filamu,{'video_playback_position_ms': 24302},,,चिड़िया,1
483221,1784511091,ai.elimu.filamu,,,,चिड़िया,1
483222,1784511125,ai.elimu.filamu,{'video_playback_position_ms': 13865},,,चिड़िया,1
483223,1784511161,ai.elimu.filamu,,,,चिड़िया,1
483224,1784511194,ai.elimu.filamu,{'video_playback_position_ms': 30520},,,चिड़िया,1
483231,1784585883,ai.elimu.filamu,,,,चिड़िया,1
483232,1784585890,ai.elimu.filamu,{'video_playback_position_ms': 28491},,,चिड़िया,1
483233,1784585905,ai.elimu.filamu,,,,चिड़िया,1
483234,1784585937,ai.elimu.filamu,{'video_playback_position_ms': 11035},,,चिड़िया,1
483235,1784586027,ai.elimu.filamu,,,,चिड़िया,1
483236,1784586067,ai.elimu.filamu,{'video_playback_position_ms': 4041},,,चिड़िया,1
483237,1784586159,ai.elimu.filamu,,,,चिड़िया,1
483238,1784586182,ai.elimu.filamu,{'video_playback_position_ms': 56639},,,चिड़िया,1
483239,1784586254,ai.elimu.filamu,,,,चिड़िया,1
483240,1784586298,ai.elimu.filamu,{'video_playback_position_ms': 40998},,,चिड़िया,1
483241,1784586353,ai.elimu.filamu,,,,चिड़िया,1
483242,1784586381,ai.elimu.filamu,{'video_playback_position_ms': 25631},,,चिड़िया,1
483243,1784586423,ai.elimu.filamu,,,,चिड़िया,1
483244,1784586430,ai.elimu.filamu,{'video_playback_position_ms': 23957},,,चिड़िया,1
483245,1784586503,ai.elimu.filamu,,,,चिड़िया,1
483246,1784586541,ai.elimu.filamu,{'video_playback_position_ms': 12912},,,चिड़िया,1
483247,1784586584,ai.elimu.filamu,,,,चिड़िया,1
483248,1784586587,ai.elimu.filamu,{'video_playback_position_ms': 24080},,,चिड़िया,1
483249,1784586642,ai.elimu.filamu,,,,चिड़िया,1
483250,1784586701,ai.elimu.filamu,{'video_playback_position_ms': 47435},,,चिड़िया,1
483251,1784586795,ai.elimu.filamu,,,,चिड़िया,1
483252,1784586799,ai.elimu.filamu,{'video_playback_position_ms': 6579},,,चिड़िया,1
483253,1784586836,ai.elimu.filamu,,,,चिड़िया,1
483254,1784586862,ai.elimu.filamu,{'video_playback_position_ms': 41596},,,चिड़िया,1
483255,1784586877,ai.elimu.filamu,,,,चिड़िया,1
483256,1784586891,ai.elimu.filamu,{'video_playback_position_ms': 45044},,,चिड़िया,1
483257,1784586962,ai.elimu.filamu,,,,चिड़िया,1
483258,1784586986,ai.elimu.filamu,{'video_playback_position_ms': 17845},,,चिड़िया,1
483259,1784587059,ai.elimu.filamu,,,,चिड़िया,1
483260,1784587109,ai.elimu.filamu,{'video_playback_position_ms': 25453},,,चिड़िया,1
483309,1784594221,ai.elimu.filamu,,,,चिड़िया,1
483310,1784594272,ai.elimu.filamu,{'video_playback_position_ms': 18255},,,चिड़िया,1
483311,1784594319,ai.elimu.filamu,,,,चिड़िया,1
483312,1784594359,ai.elimu.filamu,{'video_playback_position_ms': 42700},,,चिड़िया,1
483351,1784680927,ai.elimu.filamu,,,,चिड़िया,1
483352,1784680970,ai.elimu.filamu,{'video_playback_position_ms': 57055},,,चिड़िया,1
483379,1784769764,ai.elimu.filamu,,,,चिड़िया,1
483380,1784769819,ai.elimu.filamu,{'video_playback_position_ms': 12014},,,चिड़िया,1
483381,1784769909,ai.elimu.filamu,,,,चिड़िया,1
483382,1784769913,ai.elimu.filamu,{'video_playback_position_ms': 41461},,,चिड़िया,1
483383,1784770030,ai.elimu.filamu,,,,चिड़िया,1
483384,1784770070,ai.elimu.filamu,{'video_playback_position_ms': 35916},,,चिड़िया,1
483385,1784770144,ai.elimu.filamu,,,,चिड़िया,1
483386,1784770152,ai.elimu.filamu,{'video_playback_position_ms': 17161},,,चिड़िया,1
483387,1784770197,ai.elimu.filamu,,,,चिड़िया,1
483388,1784770252,ai.elimu.filamu,{'video_playback_position_ms': 57819},,,चिड़िया,1
483389,1784770329,ai.elimu.filamu,,,,चिड़िया,1
483390,1784770359,ai.elimu.filamu,{'video_playback_position_ms': 47541},,,चिड़िया,1
483391,1784770391,ai.elimu.filamu,,,,चिड़िया,1
483392,1784770412,ai.elimu.filamu,{'video_playback_position_ms': 53618},,,चिड़िया,1
483393,1784770506,ai.elimu.filamu,,,,चिड़िया,1
483394,1784770553,ai.elimu.filamu,{'video_playback_position_ms': 30886},,,चिड़िया,1
483395,1784770611,ai.elimu.filamu,,,,चिड़िया,1
483396,1784770621,ai.elimu.filamu,{'video_playback_position_ms': 50566},,,चिड़िया,1
483397,1784770703,ai.elimu.filamu,,,,चिड़िया,1
483398,1784770757,ai.elimu.filamu,{'video_playback_position_ms': 6102},,,चिड़िया,1
483399,1784770849,ai.elimu.filamu,,,,चिड़िया,1
483400,1784770882,ai.elimu.filamu,{'video_playback_position_ms': 42807},,,चिड़िया,1
483401,1784770932,ai.elimu.filamu,,,,चिड़िया,1
483402,1784770978,ai.elimu.filamu,{'video_playback_position_ms': 4725},,,चिड़िया,1
483403,1784770997,ai.elimu.filamu,,,,चिड़िया,1
483404,1784771036,ai.elimu.filamu,{'video_playback_position_ms': 21727},,,चिड़िया,1
483405,1784771052,ai.elimu.filamu,,,,चिड़िया,1
483406,1784771111,ai.elimu.filamu,{'video_playback_position_ms': 44810},,,चिड़िया,1
483407,1784771139,ai.elimu.filamu,,,,चिड़िया,1
483408,1784771172,ai.elimu.filamu,{'video_playback_position_ms': 1834},,,चिड़िया,1
483441,1784856430,ai.elimu.filamu,,,,चिड़िया,1
483442,1784856460,ai.elimu.filamu,{'video_playback_position_ms': 35146},,,चिड़िया,1
483443,1784856481,ai.elimu.filamu,,,,चिड़िया,1
483444,1784856517,ai.elimu.filamu,{'video_playback_position_ms': 35648},,,चिड़िया,1
483445,1784856637,ai.elimu.filamu,,,,चिड़िया,1
483446,1784856644,ai.elimu.filamu,{'video_playback_position_ms': 25954},,,चिड़िया,1
483447,1784856759,ai.elimu.filamu,,,,चिड़िया,1
483448,1784856802,ai.elimu.filamu,{'video_playback_position_ms': 33109},,,चिड़िया,1
483449,1784856910,ai.elimu.filamu,,,,चिड़िया,1
483450,1784856941,ai.elimu.filamu,{'video_playback_position_ms': 37184},,,चिड़िया,1
483451,1784857042,ai.elimu.filamu,,,,चिड़िया,1
483452,1784857051,ai.elimu.filamu,{'video_playback_position_ms': 7092},,,चिड़िया,1
483453,1784857151,ai.elimu.filamu,,,,चिड़िया,1
483454,1784857187,ai.elimu.filamu,{'video_playback_position_ms': 11171},,,चिड़िया,1
483455,1784857208,ai.elimu.filamu,,,,चिड़िया,1
483456,1784857230,ai.elimu.filamu,{'video_playback_position_ms': 22038},,,चिड़िया,1
483457,1784857277,ai.elimu.filamu,,,,चिड़िया,1
483458,1784857306,ai.elimu.filamu,{'video_playback_position_ms': 4023},,,चिड़िया,1
483459,1784857343,ai.elimu.filamu,,,,चिड़िया,1
483460,1784857360,ai.elimu.filamu,{'video_playback_position_ms': 48509},,,चिड़िया,1
483461,1784857441,ai.elimu.filamu,,,,चिड़िया,1
483462,1784857496,ai.elimu.filamu,{'video_playback_position_ms': 13894},,,चिड़िया,1
483463,1784857527,ai.elimu.filamu,,,,चिड़िया,1
483464,1784857539,ai.elimu.filamu,{'video_playback_position_ms': 58425},,,चिड़िया,1
483465,1784857624,ai.elimu.filamu,,,,चिड़िया,1
483466,1784857669,ai.elimu.filamu,{'video_playback_position_ms': 14863},,,चिड़िया,1
483467,1784857719,ai.elimu.filamu,,,,चिड़िया,1
483468,1784857746,ai.elimu.filamu,{'video_playback_position_ms': 56896},,,चिड़िया,1
483469,1784857854,ai.elimu.filamu,,,,चिड़िया,1
483470,1784857898,ai.elimu.filamu,{'video_playback_position_ms': 25457},,,चिड़िया,1
483471,1784857979,ai.elimu.filamu,,,,चिड़िया,1
483472,1784857985,ai.elimu.filamu,{'video_playback_position_ms': 18446},,,चिड़िया,1
483473,1784858025,ai.elimu.filamu,,,,चिड़िया,1
483474,1784858034,ai.elimu.filamu,{'video_playback_position_ms': 49978},,,चिड़िया,1
483475,1784858106,ai.elimu.filamu,,,,चिड़िया,1
483476,1784858111,ai.elimu.filamu,{'video_playback_position_ms': 23488},,,चिड़िया,1
483515,1784940257,ai.elimu.filamu,,,,चिड़िया,1
483516,1784940290,ai.elimu.filamu,{'video_playback_position_ms': 31596},,,चिड़िया,1
483517,1784940330,ai.elimu.filamu,,,,चिड़िया,1
483518,1784940356,ai.elimu.filamu,{'video_playback_position_ms': 15433},,,चिड़िया,1
483519,1784940389,ai.elimu.filamu,,,,चिड़िया,1
483520,1784940412,ai.elimu.filamu,{'video_playback_position_ms': 26903},,,चिड़िया,1
483521,1784940458,ai.elimu.filamu,,,,चिड़िया,1
483522,1784940468,ai.elimu.filamu,{'video_playback_position_ms': 13861},,,चिड़िया,1
483523,1784940522,ai.elimu.filamu,,,,चिड़िया,1
483524,1784940535,ai.elimu.filamu,{'video_playback_position_ms': 8763},,,चिड़िया,1
483525,1784940594,ai.elimu.filamu,,,,चिड़िया,1
483526,1784940649,ai.elimu.filamu,{'video_playback_position_ms': 12565},,,चिड़िया,1
483527,1784940759,ai.elimu.filamu,,,,चिड़िया,1
483528,1784940788,ai.elimu.filamu,{'video_playback_position_ms': 40255},,,चिड़िया,1
483529,1784940905,ai.elimu.filamu,,,,चिड़िया,1
483530,1784940908,ai.elimu.filamu,{'video_playback_position_ms': 42111},,,चिड़िया,1
483531,1784941013,ai.elimu.filamu,,,,चिड़िया,1
483532,1784941038,ai.elimu.filamu,{'video_playback_position_ms': 8989},,,चिड़िया,1
483533,1784941080,ai.elimu.filamu,,,,चिड़िया,1
483534,1784941128,ai.elimu.filamu,{'video_playback_position_ms': 7680},,,चिड़िया,1
483535,1784941152,ai.elimu.filamu,,,,चिड़िया,1
483536,1784941191,ai.elimu.filamu,{'video_playback_position_ms': 1794},,,चिड़िया,1
483537,1784941261,ai.elimu.filamu,,,,चिड़िया,1
483538,1784941282,ai.elimu.filamu,{'video_playback_position_ms': 30402},,,चिड़िया,1
483539,1784941368,ai.elimu.filamu,,,,चिड़िया,1
483540,1784941391,ai.elimu.filamu,{'video_playback_position_ms': 26682},,,चिड़िया,1
483541,1784941507,ai.elimu.filamu,,,,चिड़िया,1
483542,1784941565,ai.elimu.filamu,{'video_playback_position_ms': 14502},,,चिड़िया,1
483543,1784941588,ai.elimu.filamu,,,,चिड़िया,1
483544,1784941612,ai.elimu.filamu,{'video_playback_position_ms': 13905},,,चिड़िया,1
483545,1784941702,ai.elimu.filamu,,,,चिड़िया,1
483546,1784941760,ai.elimu.filamu,{'video_playback_position_ms': 9280},,,चिड़िया,1
483547,1784941810,ai.elimu.filamu,,,,चिड़िया,1
483548,1784941829,ai.elimu.filamu,{'video_playback_position_ms': 10263},,,चिड़िया,1
483549,1784941861,ai.elimu.filamu,,,,चिड़िया,1
483550,1784941910,ai.elimu.filamu,{'video_playback_position_ms': 51382},,,चिड़िया,1
483551,1784942012,ai.elimu.filamu,,,,चिड़िया,1
483552,1784942058,ai.elimu.filamu,{'video_playback_position_ms': 56332},,,चिड़िया,1
483571,1785111991,ai.elimu.filamu,,,,चिड़िया,1
483572,1785112022,ai.elimu.filamu,{'video_playback_position_ms': 4767},,,चिड़िया,1
483573,1785112064,ai.elimu.filamu,,,,चिड़िया,1
483574,1785112087,ai.elimu.filamu,{'video_playback_position_ms': 23989},,,चिड़िया,1
483575,1785112164,ai.elimu.filamu,,,,चिड़िया,1
483576,1785112219,ai.elimu.filamu,{'video_playback_position_ms': 18537},,,चिड़िया,1
483577,1785112254,ai.elimu.filamu,,,,चिड़िया,1
483578,1785112277,ai.elimu.filamu,{'video_playback_position_ms': 6730},,,चिड़िया,1
483583,1785371597,ai.elimu.filamu,,,,चिड़िया,1
483584,1785371655,ai.elimu.filamu,{'video_playback_position_ms': 21775},,,चिड़िया,1
483585,1785371728,ai.elimu.filamu,,,,चिड़िया,1
483586,1785371758,ai.elimu.filamu,{'video_playback_position_ms': 14258},,,चिड़िया,1
483587,1785371774,ai.elimu.filamu,,,,चिड़िया,1
483588,1785371783,ai.elimu.filamu,{'video_playback_position_ms': 35244},,,चिड़िया,1
483589,1785371845,ai.elimu.filamu,,,,चिड़िया,1
483590,1785371897,ai.elimu.filamu,{'video_playback_position_ms': 52846},,,चिड़िया,1
483591,1785371954,ai.elimu.filamu,,,,चिड़िया,1
483592,1785371964,ai.elimu.filamu,{'video_playback_position_ms': 16991},,,चिड़िया,1
483593,1785372036,ai.elimu.filamu,,,,चिड़िया,1
483594,1785372064,ai.elimu.filamu,{'video_playback_position_ms': 15170},,,चिड़िया,1
483595,1785372176,ai.elimu.filamu,,,,चिड़िया,1
483596,1785372197,ai.elimu.filamu,{'video_playback_position_ms': 32971},,,चिड़िया,1
483597,1785372309,ai.elimu.filamu,,,,चिड़िया,1
483598,1785372367,ai.elimu.filamu,{'video_playback_position_ms': 16833},,,चिड़िया,1
483599,1785372471,ai.elimu.filamu,,,,चिड़िया,1
483600,1785372476,ai.elimu.filamu,{'video_playback_position_ms': 16897},,,चिड़िया,1
483601,1785372526,ai.elimu.filamu,,,,चिड़िया,1
483602,1785372530,ai.elimu.filamu,{'video_playback_position_ms': 53831},,,चिड़िया,1
483603,1785372568,ai.elimu.filamu,,,,चिड़िया,1
483604,1785372612,ai.elimu.filamu,{'video_playback_position_ms': 22922},,,चिड़िया,1
483605,1785372661,ai.elimu.filamu,,,,चिड़िया,1
483606,1785372709,ai.elimu.filamu,{'video_playback_position_ms': 18305},,,चिड़िया,1
483607,1785372754,ai.elimu.filamu,,,,चिड़िया,1
483608,1785372781,ai.elimu.filamu,{'video_playback_position_ms': 58444},,,चिड़िया,1
483609,1785372820,ai.elimu.filamu,,,,चिड़िया,1
483610,1785372843,ai.elimu.filamu,{'video_playback_position_ms': 35459},,,चिड़िया,1
483611,1785372884,ai.elimu.filamu,,,,चिड़िया,1
483612,1785372919,ai.elimu.filamu,{'video_playback_position_ms': 58276},,,चिड़िया,1
483683,1785721005,ai.elimu.filamu,,,,चिड़िया,1
483684,1785721026,ai.elimu.filamu,{'video_playback_position_ms': 53037},,,चिड़िया,1
483685,1785721117,ai.elimu.filamu,,,,चिड़िया,1
483686,1785721142,ai.elimu.filamu,{'video_playback_position_ms': 31417},,,चिड़िया,1
483687,1785721175,ai.elimu.filamu,,,,चिड़िया,1
483688,1785721196,ai.elimu.filamu,{'video_playback_position_ms': 57367},,,चिड़िया,1
483689,1785721283,ai.elimu.filamu,,,,चिड़िया,1
483690,1785721289,ai.elimu.filamu,{'video_playback_position_ms': 41357},,,चिड़िया,1
483691,1785721336,ai.elimu.filamu,,,,चिड़िया,1
483692,1785721358,ai.elimu.filamu,{'video_playback_position_ms': 50506},,,चिड़िया,1
483693,1785721434,ai.elimu.filamu,,,,चिड़िया,1
483694,1785721436,ai.elimu.filamu,{'video_playback_position_ms': 49781},,,चिड़िया,1
483695,1785721463,ai.elimu.filamu,,,,चिड़िया,1
483696,1785721502,ai.elimu.filamu,{'video_playback_position_ms': 28154},,,चिड़िया,1
483697,1785721560,ai.elimu.filamu,,,,चिड़िया,1
483698,1785721583,ai.elimu.filamu,{'video_playback_position_ms': 35976},,,चिड़िया,1
483699,1785721600,ai.elimu.filamu,,,,चिड़िया,1
483700,1785721656,ai.elimu.filamu,{'video_playback_position_ms': 40438},,,चिड़िया,1
483701,1785721724,ai.elimu.filamu,,,,चिड़िया,1
483702,1785721761,ai.elimu.filamu,{'video_playback_position_ms': 34503},,,चिड़िया,1
483703,1785721860,ai.elimu.filamu,,,,चिड़िया,1
483704,1785721916,ai.elimu.filamu,{'video_playback_position_ms': 15381},,,चिड़िया,1
483705,1785722014,ai.elimu.filamu,,,,चिड़िया,1
483706,1785722029,ai.elimu.filamu,{'video_playback_position_ms': 58970},,,चिड़िया,1
483707,1785722049,ai.elimu.filamu,,,,चिड़िया,1
483708,1785722083,ai.elimu.filamu,{'video_playback_position_ms': 17821},,,चिड़िया,1
483709,1785722108,ai.elimu.filamu,,,,चिड़िया,1
483710,1785722134,ai.elimu.filamu,{'video_playback_position_ms': 45634},,,चिड़िया,1
483711,1785722172,ai.elimu.filamu,,,,चिड़िया,1
483712,1785722200,ai.elimu.filamu,{'video_playback_position_ms': 36292},,,चिड़िया,1
483725,1785805234,ai.elimu.filamu,,,,चिड़िया,1
483726,1785805241,ai.elimu.filamu,{'video_playback_position_ms': 57185},,,चिड़िया,1
483727,1785805340,ai.elimu.filamu,,,,चिड़िया,1
483728,1785805342,ai.elimu.filamu,{'video_playback_position_ms': 12933},,,चिड़िया,1
483729,1785805411,ai.elimu.filamu,,,,चिड़िया,1
483730,1785805419,ai.elimu.filamu,{'video_playback_position_ms': 10751},,,चिड़िया,1
483731,1785805514,ai.elimu.filamu,,,,चिड़िया,1
483732,1785805518,ai.elimu.filamu,{'video_playback_position_ms': 9030},,,चिड़िया,1
483733,1785805565,ai.elimu.filamu,,,,चिड़िया,1
483734,1785805602,ai.elimu.filamu,{'video_playback_position_ms': 28022},,,चिड़िया,1
483735,1785805671,ai.elimu.filamu,,,,चिड़िया,1
483736,1785805697,ai.elimu.filamu,{'video_playback_position_ms': 2001},,,चिड़िया,1
483737,1785805734,ai.elimu.filamu,,,,चिड़िया,1
483738,1785805755,ai.elimu.filamu,{'video_playback_position_ms': 6280},,,चिड़िया,1
483739,1785805848,ai.elimu.filamu,,,,चिड़िया,1
483740,1785805901,ai.elimu.filamu,{'video_playback_position_ms': 3710},,,चिड़िया,1
483741,1785805981,ai.elimu.filamu,,,,चिड़िया,1
483742,1785806028,ai.elimu.filamu,{'video_playback_position_ms': 16691},,,चिड़िया,1
483743,1785806047,ai.elimu.filamu,,,,चिड़िया,1
483744,1785806065,ai.elimu.filamu,{'video_playback_position_ms': 52846},,,चिड़िया,1
483745,1785806099,ai.elimu.filamu,,,,चिड़िया,1
483746,1785806114,ai.elimu.filamu,{'video_playback_position_ms': 18637},,,चिड़िया,1
483773,1785892105,ai.elimu.filamu,,,,चिड़िया,1
483774,1785892155,ai.elimu.filamu,{'video_playback_position_ms': 21690},,,चिड़िया,1
483775,1785892262,ai.elimu.filamu,,,,चिड़िया,1
483776,1785892289,ai.elimu.filamu,{'video_playback_position_ms': 55873},,,चिड़िया,1
483777,1785892341,ai.elimu.filamu,,,,चिड़िया,1
483778,1785892360,ai.elimu.filamu,{'video_playback_position_ms': 27830},,,चिड़िया,1
483779,1785892388,ai.elimu.filamu,,,,चिड़िया,1
483780,1785892435,ai.elimu.filamu,{'video_playback_position_ms': 34991},,,चिड़िया,1
483781,1785892514,ai.elimu.filamu,,,,चिड़िया,1
483782,1785892534,ai.elimu.filamu,{'video_playback_position_ms': 53532},,,चिड़िया,1
483783,1785892609,ai.elimu.filamu,,,,चिड़िया,1
483784,1785892613,ai.elimu.filamu,{'video_playback_position_ms': 1431},,,चिड़िया,1
483785,1785892649,ai.elimu.filamu,,,,चिड़िया,1
483786,1785892678,ai.elimu.filamu,{'video_playback_position_ms': 28941},,,चिड़िया,1
483787,1785892761,ai.elimu.filamu,,,,चिड़िया,1
483788,1785892819,ai.elimu.filamu,{'video_playback_position_ms': 35381},,,चिड़िया,1
483789,1785892852,ai.elimu.filamu,,,,चिड़िया,1
483790,1785892888,ai.elimu.filamu,{'video_playback_position_ms': 18816},,,चिड़िया,1
483791,1785892983,ai.elimu.filamu,,,,चिड़िया,1
483792,1785893006,ai.elimu.filamu,{'video_playback_position_ms': 35499},,,चिड़िया,1
483793,1785893119,ai.elimu.filamu,,,,चिड़िया,1
483794,1785893141,ai.elimu.filamu,{'video_playback_position_ms': 55136},,,चिड़िया,1
483795,1785893194,ai.elimu.filamu,,,,चिड़िया,1
483796,1785893241,ai.elimu.filamu,{'video_playback_position_ms': 7071},,,चिड़िया,1
483797,1785893317,ai.elimu.filamu,,,,चिड़िया,1
483798,1785893330,ai.elimu.filamu,{'video_playback_position_ms': 7083},,,चिड़िया,1
483799,1785893433,ai.elimu.filamu,,,,चिड़िया,1
483800,1785893435,ai.elimu.filamu,{'video_playback_position_ms': 53605},,,चिड़िया,1
483801,1785893456,ai.elimu.filamu,,,,चिड़िया,1
483802,1785893497,ai.elimu.filamu,{'video_playback_position_ms': 57421},,,चिड़िया,1
483803,1785893593,ai.elimu.filamu,,,,चिड़िया,1
483804,1785893630,ai.elimu.filamu,{'video_playback_position_ms': 32881},,,चिड़िया,1
483819,1785976432,ai.elimu.filamu,,,,चिड़िया,1
483820,1785976453,ai.elimu.filamu,{'video_playback_position_ms': 25621},,,चिड़िया,1
483821,1785976519,ai.elimu.filamu,,,,चिड़िया,1
483822,1785976567,ai.elimu.filamu,{'video_playback_position_ms': 14564},,,चिड़िया,1
483823,1785976610,ai.elimu.filamu,,,,चिड़िया,1
483824,1785976630,ai.elimu.filamu,{'video_playback_position_ms': 49733},,,चिड़िया,1
483825,1785976647,ai.elimu.filamu,,,,चिड़िया,1
483826,1785976657,ai.elimu.filamu,{'video_playback_position_ms': 21947},,,चिड़िया,1
483827,1785976749,ai.elimu.filamu,,,,चिड़िया,1
483828,1785976791,ai.elimu.filamu,{'video_playback_position_ms': 20578},,,चिड़िया,1
483829,1785976906,ai.elimu.filamu,,,,चिड़िया,1
483830,1785976939,ai.elimu.filamu,{'video_playback_position_ms': 1051},,,चिड़िया,1
483831,1785977028,ai.elimu.filamu,,,,चिड़िया,1
483832,1785977085,ai.elimu.filamu,{'video_playback_position_ms': 1866},,,चिड़िया,1
483833,1785977168,ai.elimu.filamu,,,,चिड़िया,1
483834,1785977226,ai.elimu.filamu,{'video_playback_position_ms': 52386},,,चिड़िया,1
483835,1785977341,ai.elimu.filamu,,,,चिड़िया,1
483836,1785977400,ai.elimu.filamu,{'video_playback_position_ms': 18150},,,चिड़िया,1
483837,1785977494,ai.elimu.filamu,,,,चिड़िया,1
483838,1785977521,ai.elimu.filamu,{'video_playback_position_ms': 18076},,,चिड़िया,1
483857,1786068438,ai.elimu.filamu,,,,चिड़िया,1
483858,1786068464,ai.elimu.filamu,{'video_playback_position_ms': 52766},,,चिड़िया,1
483887,1786148005,ai.elimu.filamu,,,,चिड़िया,1
483888,1786148038,ai.elimu.filamu,{'video_playback_position_ms': 31390},,,चिड़िया,1
483889,1786148133,ai.elimu.filamu,,,,चिड़िया,1
483890,1786148176,ai.elimu.filamu,{'video_playback_position_ms': 42703},,,चिड़िया,1
483891,1786148252,ai.elimu.filamu,,,,चिड़िया,1
483892,1786148293,ai.elimu.filamu,{'video_playback_position_ms': 59033},,,चिड़िया,1
483893,1786148364,ai.elimu.filamu,,,,चिड़िया,1
483894,1786148407,ai.elimu.filamu,{'video_playback_position_ms': 4790},,,चिड़िया,1
483895,1786148496,ai.elimu.filamu,,,,चिड़िया,1
483896,1786148529,ai.elimu.filamu,{'video_playback_position_ms': 29876},,,चिड़िया,1
483897,1786148589,ai.elimu.filamu,,,,चिड़िया,1
483898,1786148625,ai.elimu.filamu,{'video_playback_position_ms': 26357},,,चिड़िया,1
483939,1786320513,ai.elimu.filamu,,,,चिड़िया,1
483940,1786320554,ai.elimu.filamu,{'video_playback_position_ms': 43570},,,चिड़िया,1
483941,1786320610,ai.elimu.filamu,,,,चिड़िया,1
483942,1786320637,ai.elimu.filamu,{'video_playback_position_ms': 18932},,,चिड़िया,1
483943,1786320663,ai.elimu.filamu,,,,चिड़िया,1
483944,1786320687,ai.elimu.filamu,{'video_playback_position_ms': 42123},,,चिड़िया,1
483945,1786320708,ai.elimu.filamu,,,,चिड़िया,1
483946,1786320740,ai.elimu.filamu,{'video_playback_position_ms': 45536},,,चिड़िया,1
483947,1786320818,ai.elimu.filamu,,,,चिड़िया,1
483948,1786320875,ai.elimu.filamu,{'video_playback_position_ms': 32443},,,चिड़िया,1
483949,1786320933,ai.elimu.filamu,,,,चिड़िया,1
483950,1786320945,ai.elimu.filamu,{'video_playback_position_ms': 39801},,,चिड़िया,1
483951,1786320976,ai.elimu.filamu,,,,चिड़िया,1
483952,1786321008,ai.elimu.filamu,{'video_playback_position_ms': 20958},,,चिड़िया,1
483953,1786321023,ai.elimu.filamu,,,,चिड़िया,1
483954,1786321049,ai.elimu.filamu,{'video_playback_position_ms': 13090},,,चिड़िया,1
483955,1786321103,ai.elimu.filamu,,,,चिड़िया,1
483956,1786321133,ai.elimu.filamu,{'video_playback_position_ms': 22577},,,चिड़िया,1
483957,1786321243,ai.elimu.filamu,,,,चिड़िया,1
483958,1786321265,ai.elimu.filamu,{'video_playback_position_ms': 46796},,,चिड़िया,1
483959,1786321340,ai.elimu.filamu,,,,चिड़िया,1
483960,1786321349,ai.elimu.filamu,{'video_playback_position_ms': 40721},,,चिड़िया,1
483961,1786321455,ai.elimu.filamu,,,,चिड़िया,1
483962,1786321496,ai.elimu.filamu,{'video_playback_position_ms': 11935},,,चिड़िया,1
483963,1786321567,ai.elimu.filamu,,,,चिड़िया,1
483964,1786321580,ai.elimu.filamu,{'video_playback_position_ms': 29813},,,चिड़िया,1
484009,1786494568,ai.elimu.filamu,,,,चिड़िया,1
484010,1786494599,ai.elimu.filamu,{'video_playback_position_ms': 22443},,,चिड़िया,1
484011,1786494650,ai.elimu.filamu,,,,चिड़िया,1
484012,1786494687,ai.elimu.filamu,{'video_playback_position_ms': 46954},,,चिड़िया,1
484027,1786581336,ai.elimu.filamu,,,,चिड़िया,1
484028,1786581384,ai.elimu.filamu,{'video_playback_position_ms': 6600},,,चिड़िया,1
484029,1786581432,ai.elimu.filamu,,,,चिड़िया,1
484030,1786581472,ai.elimu.filamu,{'video_playback_position_ms': 52899},,,चिड़िया,1
484031,1786581494,ai.elimu.filamu,,,,चिड़िया,1
484032,1786581532,ai.elimu.filamu,{'video_playback_position_ms': 33471},,,चिड़िया,1
484033,1786581645,ai.elimu.filamu,,,,चिड़िया,1
484034,1786581690,ai.elimu.filamu,{'video_playback_position_ms': 32490},,,चिड़िया,1
484035,1786581723,ai.elimu.filamu,,,,चिड़िया,1
484036,1786581768,ai.elimu.filamu,{'video_playback_position_ms': 11861},,,चिड़िया,1
484037,1786581875,ai.elimu.filamu,,,,चिड़िया,1
484038,1786581913,ai.elimu.filamu,{'video_playback_position_ms': 12919},,,चिड़िया,1
484039,1786581951,ai.elimu.filamu,,,,चिड़िया,1
484040,1786581994,ai.elimu.filamu,{'video_playback_position_ms': 55902},,,चिड़िया,1
484041,1786582112,ai.elimu.filamu,,,,चिड़िया,1
484042,1786582149,ai.elimu.filamu,{'video_playback_position_ms': 30485},,,चिड़िया,1
484043,1786582206,ai.elimu.filamu,,,,चिड़िया,1
484044,1786582244,ai.elimu.filamu,{'video_playback_position_ms': 15109},,,चिड़िया,1
484045,1786582261,ai.elimu.filamu,,,,चिड़िया,1
484046,1786582281,ai.elimu.filamu,{'video_playback_position_ms': 1828},,,चिड़िया,1
484047,1786582338,ai.elimu.filamu,,,,चिड़िया,1
484048,1786582376,ai.elimu.filamu,{'video_playback_position_ms': 13422},,,चिड़िया,1
484049,1786582427,ai.elimu.filamu,,,,चिड़िया,1
484050,1786582436,ai.elimu.filamu,{'video_playback_position_ms': 43872},,,चिड़िया,1
484051,1786582496,ai.elimu.filamu,,,,चिड़िया,1
484052,1786582501,ai.elimu.filamu,{'video_playback_position_ms': 55264},,,चिड़िया,1
484053,1786582584,ai.elimu.filamu,,,,चिड़िया,1
484054,1786582594,ai.elimu.filamu,{'video_playback_position_ms': 34354},,,चिड़िया,1
484055,1786582632,ai.elimu.filamu,,,,चिड़िया,1
484056,1786582661,ai.elimu.filamu,{'video_playback_position_ms': 32201},,,चिड़िया,1
484057,1786582708,ai.elimu.filamu,,,,चिड़िया,1
484058,1786582763,ai.elimu.filamu,{'video_playback_position_ms': 43128},,,चिड़िया,1
484059,1786582865,ai.elimu.filamu,,,,चिड़िया,1
484060,1786582911,ai.elimu.filamu,{'video_playback_position_ms': 57422},,,चिड़िया,1
484061,1786582986,ai.elimu.filamu,,,,चिड़िया,1
484062,1786583043,ai.elimu.filamu,{'video_playback_position_ms': 39134},,,चिड़िया,1
484063,1786583099,ai.elimu.filamu,,,,चिड़िया,1
484064,1786583159,ai.elimu.filamu,{'video_playback_position_ms': 34034},,,चिड़िया,1
484091,1786669350,ai.elimu.filamu,,,,चिड़िया,1
484092,1786669368,ai.elimu.filamu,{'video_playback_position_ms': 54445},,,चिड़िया,1
484093,1786669465,ai.elimu.filamu,,,,चिड़िया,1
484094,1786669502,ai.elimu.filamu,{'video_playback_position_ms': 52638},,,चिड़िया,1
484095,1786669545,ai.elimu.filamu,,,,चिड़िया,1
484096,1786669599,ai.elimu.filamu,{'video_playback_position_ms': 20745},,,चिड़िया,1
484097,1786669667,ai.elimu.filamu,,,,चिड़िया,1
484098,1786669706,ai.elimu.filamu,{'video_playback_position_ms': 55768},,,चिड़िया,1
484099,1786669784,ai.elimu.filamu,,,,चिड़िया,1
484100,1786669824,ai.elimu.filamu,{'video_playback_position_ms': 31491},,,चिड़िया,1
484101,1786669913,ai.elimu.filamu,,,,चिड़िया,1
484102,1786669950,ai.elimu.filamu,{'video_playback_position_ms': 5515},,,चिड़िया,1
484103,1786670015,ai.elimu.filamu,,,,चिड़िया,1
484104,1786670030,ai.elimu.filamu,{'video_playback_position_ms': 34106},,,चिड़िया,1
484105,1786670134,ai.elimu.filamu,,,,चिड़िया,1
484106,1786670192,ai.elimu.filamu,{'video_playback_position_ms': 30313},,,चिड़िया,1
484107,1786670272,ai.elimu.filamu,,,,चिड़िया,1
484108,1786670280,ai.elimu.filamu,{'video_playback_position_ms': 37672},,,चिड़िया,1
484109,1786670354,ai.elimu.filamu,,,,चिड़िया,1
484110,1786670378,ai.elimu.filamu,{'video_playback_position_ms': 22809},,,चिड़िया,1
484111,1786670479,ai.elimu.filamu,,,,चिड़िया,1
484112,1786670521,ai.elimu.filamu,{'video_playback_position_ms': 53419},,,चिड़िया,1
484113,1786670637,ai.elimu.filamu,,,,चिड़िया,1
484114,1786670678,ai.elimu.filamu,{'video_playback_position_ms': 51851},,,चिड़िया,1
484115,1786670733,ai.elimu.filamu,,,,चिड़िया,1
484116,1786670785,ai.elimu.filamu,{'video_playback_position_ms': 20575},,,चिड़िया,1
484117,1786670860,ai.elimu.filamu,,,,चिड़िया,1
484118,1786670893,ai.elimu.filamu,{'video_playback_position_ms': 19630},,,चिड़िया,1
484119,1786670954,ai.elimu.filamu,,,,चिड़िया,1
484120,1786671008,ai.elimu.filamu,{'video_playback_position_ms': 27071},,,चिड़िया,1
484121,1786671049,ai.elimu.filamu,,,,चिड़िया,1
484122,1786671088,ai.elimu.filamu,{'video_playback_position_ms': 43828},,,चिड़िया,1
484131,1786753404,ai.elimu.filamu,,,,चिड़िया,1
484132,1786753418,ai.elimu.filamu,{'video_playback_position_ms': 10201},,,चिड़िया,1
484133,1786753441,ai.elimu.filamu,,,,चिड़िया,1
484134,1786753462,ai.elimu.filamu,{'video_playback_position_ms': 13590},,,चिड़िया,1
484135,1786753509,ai.elimu.filamu,,,,चिड़िया,1
484136,1786753523,ai.elimu.filamu,{'video_playback_position_ms': 32778},,,चिड़िया,1
484137,1786753550,ai.elimu.filamu,,,,चिड़िया,1
484138,1786753561,ai.elimu.filamu,{'video_playback_position_ms': 6460},,,चिड़िया,1
484139,1786753663,ai.elimu.filamu,,,,चिड़िया,1
484140,1786753717,ai.elimu.filamu,{'video_playback_position_ms': 21790},,,चिड़िया,1
484141,1786753812,ai.elimu.filamu,,,,चिड़िया,1
484142,1786753848,ai.elimu.filamu,{'video_playback_position_ms': 48283},,,चिड़िया,1
484143,1786753883,ai.elimu.filamu,,,,चिड़िया,1
484144,1786753934,ai.elimu.filamu,{'video_playback_position_ms': 37329},,,चिड़िया,1
484145,1786753974,ai.elimu.filamu,,,,चिड़िया,1
484146,1786754005,ai.elimu.filamu,{'video_playback_position_ms': 56044},,,चिड़िया,1
484147,1786754034,ai.elimu.filamu,,,,चिड़िया,1
484148,1786754048,ai.elimu.filamu,{'video_playback_position_ms': 30633},,,चिड़िया,1
484177,1786838977,ai.elimu.filamu,,,,चिड़िया,1
484178,1786839031,ai.elimu.filamu,{'video_playback_position_ms': 26580},,,चिड़िया,1
484179,1786839150,ai.elimu.filamu,,,,चिड़िया,1
484180,1786839197,ai.elimu.filamu,{'video_playback_position_ms': 54918},,,चिड़िया,1
484181,1786839256,ai.elimu.filamu,,,,चिड़िया,1
484182,1786839283,ai.elimu.filamu,{'video_playback_position_ms': 38367},,,चिड़िया,1
484183,1786839342,ai.elimu.filamu,,,,चिड़िया,1
484184,1786839350,ai.elimu.filamu,{'video_playback_position_ms': 23118},,,चिड़िया,1
484221,1787014216,ai.elimu.filamu,,,,चिड़िया,1
484222,1787014252,ai.elimu.filamu,{'video_playback_position_ms': 29819},,,चिड़िया,1
484223,1787014310,ai.elimu.filamu,,,,चिड़िया,1
484224,1787014327,ai.elimu.filamu,{'video_playback_position_ms': 24359},,,चिड़िया,1
484225,1787014428,ai.elimu.filamu,,,,चिड़िया,1
484226,1787014450,ai.elimu.filamu,{'video_playback_position_ms': 38055},,,चिड़िया,1
484227,1787014526,ai.elimu.filamu,,,,चिड़िया,1
484228,1787014581,ai.elimu.filamu,{'video_playback_position_ms': 4201},,,चिड़िया,1
484229,1787014631,ai.elimu.filamu,,,,चिड़िया,1
484230,1787014688,ai.elimu.filamu,{'video_playback_position_ms': 59742},,,चिड़िया,1
484231,1787014742,ai.elimu.filamu,,,,चिड़िया,1
484232,1787014773,ai.elimu.filamu,{'video_playback_position_ms': 35422},,,चिड़िया,1
484233,1787014798,ai.elimu.filamu,,,,चिड़िया,1
484234,1787014811,ai.elimu.filamu,{'video_playback_position_ms': 54695},,,चिड़िया,1
484235,1787014861,ai.elimu.filamu,,,,चिड़िया,1
484236,1787014907,ai.elimu.filamu,{'video_playback_position_ms': 59967},,,चिड़िया,1
484237,1787014961,ai.elimu.filamu,,,,चिड़िया,1
484238,1787015008,ai.elimu.filamu,{'video_playback_position_ms': 13762},,,चिड़िया,1
484239,1787015077,ai.elimu.filamu,,,,चिड़िया,1
484240,1787015130,ai.elimu.filamu,{'video_playback_position_ms': 57995},,,चिड़िया,1
484241,1787015233,ai.elimu.filamu,,,,चिड़िया,1
484242,1787015238,ai.elimu.filamu,{'video_playback_position_ms': 44403},,,चिड़िया,1
484243,1787015293,ai.elimu.filamu,,,,चिड़िया,1
484244,1787015335,ai.elimu.filamu,{'video_playback_position_ms': 32754},,,चिड़िया,1
484245,1787097728,ai.elimu.filamu,,,,चिड़िया,1
484246,1787097752,ai.elimu.filamu,{'video_playback_position_ms': 49272},,,चिड़िया,1
484247,1787097847,ai.elimu.filamu,,,,चिड़िया,1
484248,1787097881,ai.elimu.filamu,{'video_playback_position_ms': 6559},,,चिड़िया,1
484249,1787269902,ai.elimu.filamu,,,,चिड़िया,1
484250,1787269937,ai.elimu.filamu,{'video_playback_position_ms': 22098},,,चिड़िया,1
484251,1787269958,ai.elimu.filamu,,,,चिड़िया,1
484252,1787269989,ai.elimu.filamu,{'video_playback_position_ms': 41218},,,चिड़िया,1
484253,1787270044,ai.elimu.filamu,,,,चिड़िया,1
484254,1787270051,ai.elimu.filamu,{'video_playback_position_ms': 22158},,,चिड़िया,1
484255,1787270067,ai.elimu.filamu,,,,चिड़िया,1
484256,1787270074,ai.elimu.filamu,{'video_playback_position_ms': 13519},,,चिड़िया,1
484275,1787356555,ai.elimu.filamu,,,,चिड़िया,1
484276,1787356578,ai.elimu.filamu,{'video_playback_position_ms': 13815},,,चिड़िया,1
484277,1787356627,ai.elimu.filamu,,,,चिड़िया,1
484278,1787356683,ai.elimu.filamu,{'video_playback_position_ms': 20565},,,चिड़िया,1
484279,1787356719,ai.elimu.filamu,,,,चिड़िया,1
484280,1787356765,ai.elimu.filamu,{'video_playback_position_ms': 11832},,,चिड़िया,1
484281,1787356878,ai.elimu.filamu,,,,चिड़िया,1
484282,1787356933,ai.elimu.filamu,{'video_playback_position_ms': 33424},,,चिड़िया,1
484283,1787356976,ai.elimu.filamu,,,,चिड़िया,1
484284,1787356987,ai.elimu.filamu,{'video_playback_position_ms': 57363},,,चिड़िया,1
484285,1787357055,ai.elimu.filamu,,,,चिड़िया,1
484286,1787357112,ai.elimu.filamu,{'video_playback_position_ms': 42432},,,चिड़िया,1
484287,1787357169,ai.elimu.filamu,,,,चिड़िया,1
484288,1787357222,ai.elimu.filamu,{'video_playback_position_ms': 52307},,,चिड़िया,1
484289,1787357255,ai.elimu.filamu,,,,चिड़िया,1
484290,1787357286,ai.elimu.filamu,{'video_playback_position_ms': 59731},,,चिड़िया,1
484291,1787357366,ai.elimu.filamu,,,,चिड़िया,1
484292,1787357412,ai.elimu.filamu,{'video_playback_position_ms': 31245},,,चिड़िया,1
484293,1787357476,ai.elimu.filamu,,,,चिड़िया,1
484294,1787357502,ai.elimu.filamu,{'video_playback_position_ms': 36892},,,चिड़िया,1
484295,1787357585,ai.elimu.filamu,,,,चिड़िया,1
484296,1787357604,ai.elimu.filamu,{'video_playback_position_ms': 57757},,,चिड़िया,1
484297,1787357643,ai.elimu.filamu,,,,चिड़िया,1
484298,1787357671,ai.elimu.filamu,{'video_playback_position_ms': 54111},,,चिड़िया,1
484299,1787357736,ai.elimu.filamu,,,,चिड़िया,1
484300,1787357752,ai.elimu.filamu,{'video_playback_position_ms': 29429},,,चिड़िया,1
484327,1787442420,ai.elimu.filamu,,,,चिड़िया,1
484328,1787442452,ai.elimu.filamu,{'video_playback_position_ms': 2958},,,चिड़िया,1
484329,1787442537,ai.elimu.filamu,,,,चिड़िया,1
484330,1787442568,ai.elimu.filamu,{'video_playback_position_ms': 54476},,,चिड़िया,1
484331,1787442599,ai.elimu.filamu,,,,चिड़िया,1
484332,1787442606,ai.elimu.filamu,{'video_playback_position_ms': 20373},,,चिड़िया,1
484333,1787442689,ai.elimu.filamu,,,,चिड़िया,1
484334,1787442738,ai.elimu.filamu,{'video_playback_position_ms': 20166},,,चिड़िया,1
484335,1787442781,ai.elimu.filamu,,,,चिड़िया,1
484336,1787442792,ai.elimu.filamu,{'video_playback_position_ms': 46245},,,चिड़िया,1
484337,1787442892,ai.elimu.filamu,,,,चिड़िया,1
484338,1787442935,ai.elimu.filamu,{'video_playback_position_ms': 38037},,,चिड़िया,1
484339,1787442984,ai.elimu.filamu,,,,चिड़िया,1
484340,1787443015,ai.elimu.filamu,{'video_playback_position_ms': 59602},,,चिड़िया,1
484355,1787528870,ai.elimu.filamu,,,,चिड़िया,1
484356,1787528915,ai.elimu.filamu,{'video_playback_position_ms': 16131},,,चिड़िया,1
484357,1787529002,ai.elimu.filamu,,,,चिड़िया,1
484358,1787529024,ai.elimu.filamu,{'video_playback_position_ms': 11571},,,चिड़िया,1
484359,1787529118,ai.elimu.filamu,,,,चिड़िया,1
484360,1787529159,ai.elimu.filamu,{'video_playback_position_ms': 40886},,,चिड़िया,1
484361,1787529204,ai.elimu.filamu,,,,चिड़िया,1
484362,1787529223,ai.elimu.filamu,{'video_playback_position_ms': 53368},,,चिड़िया,1
484363,1787529255,ai.elimu.filamu,,,,चिड़िया,1
484364,1787529259,ai.elimu.filamu,{'video_playback_position_ms': 58269},,,चिड़िया,1
484365,1787529294,ai.elimu.filamu,,,,चिड़िया,1
484366,1787529339,ai.elimu.filamu,{'video_playback_position_ms': 41303},,,चिड़िया,1
484367,1787529359,ai.elimu.filamu,,,,चिड़िया,1
484368,1787529395,ai.elimu.filamu,{'video_playback_position_ms': 2911},,,चिड़िया,1
484369,1787529477,ai.elimu.filamu,,,,चिड़िया,1
484370,1787529492,ai.elimu.filamu,{'video_playback_position_ms': 25677},,,चिड़िया,1
484371,1787529551,ai.elimu.filamu,,,,चिड़िया,1
484372,1787529565,ai.elimu.filamu,{'video_playback_position_ms': 11628},,,चिड़िया,1
484373,1787529633,ai.elimu.filamu,,,,चिड़िया,1
484374,1787529689,ai.elimu.filamu,{'video_playback_position_ms': 26488},,,चिड़िया,1
484505,1787976764,ai.elimu.filamu,,,,चिड़िया,1
484506,1787976822,ai.elimu.filamu,{'video_playback_position_ms': 18148},,,चिड़िया,1
484507,1787976852,ai.elimu.filamu,,,,चिड़िया,1
484508,1787976888,ai.elimu.filamu,{'video_playback_position_ms': 41986},,,चिड़िया,1
484509,1787977002,ai.elimu.filamu,,,,चिड़िया,1
484510,1787977046,ai.elimu.filamu,{'video_playback_position_ms': 49548},,,चिड़िया,1
484511,1787977099,ai.elimu.filamu,,,,चिड़िया,1
484512,1787977150,ai.elimu.filamu,{'video_playback_position_ms': 43532},,,चिड़िया,1
484513,1787977188,ai.elimu.filamu,,,,चिड़िया,1
484514,1787977241,ai.elimu.filamu,{'video_playback_position_ms': 27033},,,चिड़िया,1
484515,1787977272,ai.elimu.filamu,,,,चिड़िया,1
484516,1787977276,ai.elimu.filamu,{'video_playback_position_ms': 24978},,,चिड़िया,1
484517,1787977327,ai.elimu.filamu,,,,चिड़िया,1
484518,1787977355,ai.elimu.filamu,{'video_playback_position_ms': 39793},,,चिड़िया,1
484519,1787977456,ai.elimu.filamu,,,,चिड़िया,1
484520,1787977501,ai.elimu.filamu,{'video_playback_position_ms': 14727},,,चिड़िया,1
484521,1787977580,ai.elimu.filamu,,,,चिड़िया,1
484522,1787977628,ai.elimu.filamu,{'video_playback_position_ms': 9802},,,चिड़िया,1
484523,1787977748,ai.elimu.filamu,,,,चिड़िया,1
484524,1787977768,ai.elimu.filamu,{'video_playback_position_ms': 25125},,,चिड़िया,1
484525,1787977827,ai.elimu.filamu,,,,चिड़िया,1
484526,1787977863,ai.elimu.filamu,{'video_playback_position_ms': 13699},,,चिड़िया,1
484527,1787977964,ai.elimu.filamu,,,,चिड़िया,1
484528,1787977971,ai.elimu.filamu,{'video_playback_position_ms': 7913},,,चिड़िया,1
484529,1787978013,ai.elimu.filamu,,,,चिड़िया,1
484530,1787978032,ai.elimu.filamu,{'video_playback_position_ms': 45829},,,चिड़िया,1
484531,1787978085,ai.elimu.filamu,,,,चिड़िया,1
484532,1787978120,ai.elimu.filamu,{'video_playback_position_ms': 51909},,,चिड़िया,1
484533,1787978147,ai.elimu.filamu,,,,चिड़िया,1
484534,1787978158,ai.elimu.filamu,{'video_playback_position_ms': 46367},,,चिड़िया,1
484535,1787978190,ai.elimu.filamu,,,,चिड़िया,1
484536,1787978219,ai.elimu.filamu,{'video_playback_position_ms': 39613},,,चिड़िया,1
484619,1788140594,ai.elimu.filamu,,,,चिड़िया,1
484620,1788140600,ai.elimu.filamu,{'video_playback_position_ms': 26124},,,चिड़िया,1
484621,1788140622,ai.elimu.filamu,,,,चिड़िया,1
484622,1788140661,ai.elimu.filamu,{'video_playback_position_ms': 58397},,,चिड़िया,1
484623,1788140754,ai.elimu.filamu,,,,चिड़िया,1
484624,1788140807,ai.elimu.filamu,{'video_playback_position_ms': 34169},,,चिड़िया,1
484625,1788140865,ai.elimu.filamu,,,,चिड़िया,1
484626,1788140872,ai.elimu.filamu,{'video_playback_position_ms': 34677},,,चिड़िया,1
484627,1788140929,ai.elimu.filamu,,,,चिड़िया,1
484628,1788140967,ai.elimu.filamu,{'video_playback_position_ms': 53649},,,चिड़िया,1
484629,1788141078,ai.elimu.filamu,,,,चिड़िया,1
484630,1788141098,ai.elimu.filamu,{'video_playback_position_ms': 53636},,,चिड़िया,1
484631,1788141116,ai.elimu.filamu,,,,चिड़िया,1
484632,1788141147,ai.elimu.filamu,{'video_playback_position_ms': 5663},,,चिड़िया,1
484633,1788141195,ai.elimu.filamu,,,,चिड़िया,1
484634,1788141246,ai.elimu.filamu,{'video_playback_position_ms': 56240},,,चिड़िया,1
484635,1788141293,ai.elimu.filamu,,,,चिड़िया,1
484636,1788141339,ai.elimu.filamu,{'video_playback_position_ms': 16953},,,चिड़िया,1
484637,1788141355,ai.elimu.filamu,,,,चिड़िया,1
484638,1788141366,ai.elimu.filamu,{'video_playback_position_ms': 47874},,,चिड़िया,1
484673,1788233135,ai.elimu.filamu,,,,चिड़िया,1
484674,1788233182,ai.elimu.filamu,{'video_playback_position_ms': 55332},,,चिड़िया,1
484675,1788233227,ai.elimu.filamu,,,,चिड़िया,1
484676,1788233237,ai.elimu.filamu,{'video_playback_position_ms': 5611},,,चिड़िया,1
484677,1788233306,ai.elimu.filamu,,,,चिड़िया,1
484678,1788233339,ai.elimu.filamu,{'video_playback_position_ms': 45359},,,चिड़िया,1
484679,1788233377,ai.elimu.filamu,,,,चिड़िया,1
484680,1788233418,ai.elimu.filamu,{'video_playback_position_ms': 4550},,,चिड़िया,1
484681,1788233482,ai.elimu.filamu,,,,चिड़िया,1
484682,1788233494,ai.elimu.filamu,{'video_playback_position_ms': 2529},,,चिड़िया,1
484683,1788233567,ai.elimu.filamu,,,,चिड़िया,1
484684,1788233573,ai.elimu.filamu,{'video_playback_position_ms': 29034},,,चिड़िया,1
484685,1788233639,ai.elimu.filamu,,,,चिड़िया,1
484686,1788233696,ai.elimu.filamu,{'video_playback_position_ms': 34478},,,चिड़िया,1
484687,1788233755,ai.elimu.filamu,,,,चिड़िया,1
484688,1788233794,ai.elimu.filamu,{'video_playback_position_ms': 36347},,,चिड़िया,1
484689,1788233809,ai.elimu.filamu,,,,चिड़िया,1
484690,1788233858,ai.elimu.filamu,{'video_playback_position_ms': 22086},,,चिड़िया,1
484691,1788233887,ai.elimu.filamu,,,,चिड़िया,1
484692,1788233892,ai.elimu.filamu,{'video_playback_position_ms': 18642},,,चिड़िया,1
484693,1788233993,ai.elimu.filamu,,,,चिड़िया,1
484694,1788234040,ai.elimu.filamu,{'video_playback_position_ms': 58991},,,चिड़िया,1
484695,1788234072,ai.elimu.filamu,,,,चिड़िया,1
484696,1788234129,ai.elimu.filamu,{'video_playback_position_ms': 57506},,,चिड़िया,1
484697,1788234230,ai.elimu.filamu,,,,चिड़िया,1
484698,1788234261,ai.elimu.filamu,{'video_playback_position_ms': 15826},,,चिड़िया,1
484699,1788234368,ai.elimu.filamu,,,,चिड़िया,1
484700,1788234372,ai.elimu.filamu,{'video_playback_position_ms': 12576},,,चिड़िया,1
484701,1788234454,ai.elimu.filamu,,,,चिड़िया,1
484702,1788234481,ai.elimu.filamu,{'video_playback_position_ms': 20590},,,चिड़िया,1
484703,1788234541,ai.elimu.filamu,,,,चिड़िया,1
484704,1788234583,ai.elimu.filamu,{'video_playback_position_ms': 48131},,,चिड़िया,1
484705,1788234642,ai.elimu.filamu,,,,चिड़िया,1
484706,1788234676,ai.elimu.filamu,{'video_playback_position_ms': 36936},,,चिड़िया,1
484707,1788234766,ai.elimu.filamu,,,,चिड़िया,1
484708,1788234822,ai.elimu.filamu,{'video_playback_position_ms': 37187},,,चिड़िया,1
484781,1788658450,ai.elimu.filamu,,,,चिड़िया,1
484782,1788658496,ai.elimu.filamu,{'video_playback_position_ms': 39092},,,चिड़िया,1
484783,1788658610,ai.elimu.filamu,,,,चिड़िया,1
484784,1788658633,ai.elimu.filamu,{'video_playback_position_ms': 27134},,,चिड़िया,1
484785,1788658741,ai.elimu.filamu,,,,चिड़िया,1
484786,1788658788,ai.elimu.filamu,{'video_playback_position_ms': 1622},,,चिड़िया,1
484787,1788658883,ai.elimu.filamu,,,,चिड़िया,1
484788,1788658892,ai.elimu.filamu,{'video_playback_position_ms': 26275},,,चिड़िया,1
484789,1788659005,ai.elimu.filamu,,,,चिड़िया,1
484790,1788659062,ai.elimu.filamu,{'video_playback_position_ms': 3142},,,चिड़िया,1
484791,1788659078,ai.elimu.filamu,,,,चिड़िया,1
484792,1788659096,ai.elimu.filamu,{'video_playback_position_ms': 31689},,,चिड़िया,1
484793,1788659115,ai.elimu.filamu,,,,चिड़िया,1
484794,1788659118,ai.elimu.filamu,{'video_playback_position_ms': 28814},,,चिड़िया,1
484795,1788659236,ai.elimu.filamu,,,,चिड़िया,1
484796,1788659247,ai.elimu.filamu,{'video_playback_position_ms': 21097},,,चिड़िया,1
484797,1788659304,ai.elimu.filamu,,,,चिड़िया,1
484798,1788659327,ai.elimu.filamu,{'video_playback_position_ms': 49676},,,चिड़िया,1
484799,1788659351,ai.elimu.filamu,,,,चिड़िया,1
484800,1788659355,ai.elimu.filamu,{'video_playback_position_ms': 20757},,,चिड़िया,1
484801,1788659445,ai.elimu.filamu,,,,चिड़िया,1
484802,1788659475,ai.elimu.filamu,{'video_playback_position_ms': 55167},,,चिड़िया,1
484803,1788659502,ai.elimu.filamu,,,,चिड़िया,1
484804,1788659525,ai.elimu.filamu,{'video_playback_position_ms': 50577},,,चिड़िया,1
484805,1788659620,ai.elimu.filamu,,,,चिड़िया,1
484806,1788659668,ai.elimu.filamu,{'video_playback_position_ms': 1783},,,चिड़िया,1
484807,1788659715,ai.elimu.filamu,,,,चिड़िया,1
484808,1788659744,ai.elimu.filamu,{'video_playback_position_ms': 39369},,,चिड़िया,1
484809,1788659807,ai.elimu.filamu,,,,चिड़िया,1
484810,1788659818,ai.elimu.filamu,{'video_playback_position_ms': 27799},,,चिड़िया,1
484833,1788744531,ai.elimu.filamu,,,,चिड़िया,1
484834,1788744574,ai.elimu.filamu,{'video_playback_position_ms': 12783},,,चिड़िया,1
484835,1788744653,ai.elimu.filamu,,,,चिड़िया,1
484836,1788744706,ai.elimu.filamu,{'video_playback_position_ms': 17507},,,चिड़िया,1
484837,1788744732,ai.elimu.filamu,,,,चिड़िया,1
484838,1788744780,ai.elimu.filamu,{'video_playback_position_ms': 7211},,,चिड़िया,1
484839,1788744869,ai.elimu.filamu,,,,चिड़िया,1
484840,1788744880,ai.elimu.filamu,{'video_playback_position_ms': 29678},,,चिड़िया,1
484841,1788744960,ai.elimu.filamu,,,,चिड़िया,1
484842,1788744989,ai.elimu.filamu,{'video_playback_position_ms': 12694},,,चिड़िया,1
484843,1788745018,ai.elimu.filamu,,,,चिड़िया,1
484844,1788745046,ai.elimu.filamu,{'video_playback_position_ms': 47259},,,चिड़िया,1
484845,1788745163,ai.elimu.filamu,,,,चिड़िया,1
484846,1788745179,ai.elimu.filamu,{'video_playback_position_ms': 40032},,,चिड़िया,1
484847,1788745220,ai.elimu.filamu,,,,चिड़िया,1
484848,1788745226,ai.elimu.filamu,{'video_playback_position_ms': 40033},,,चिड़िया,1
484849,1788745270,ai.elimu.filamu,,,,चिड़िया,1
484850,1788745296,ai.elimu.filamu,{'video_playback_position_ms': 5072},,,चिड़िया,1
484891,1788833058,ai.elimu.filamu,,,,चिड़िया,1
484892,1788833087,ai.elimu.filamu,{'video_playback_position_ms': 6683},,,चिड़िया,1
484893,1788833156,ai.elimu.filamu,,,,चिड़िया,1
484894,1788833190,ai.elimu.filamu,{'video_playback_position_ms': 50641},,,चिड़िया,1
484895,1788833273,ai.elimu.filamu,,,,चिड़िया,1
484896,1788833303,ai.elimu.filamu,{'video_playback_position_ms': 46859},,,चिड़िया,1
484897,1788833393,ai.elimu.filamu,,,,चिड़िया,1
484898,1788833451,ai.elimu.filamu,{'video_playback_position_ms': 52694},,,चिड़िया,1
484899,1788833553,ai.elimu.filamu,,,,चिड़िया,1
484900,1788833558,ai.elimu.filamu,{'video_playback_position_ms': 12321},,,चिड़िया,1
484901,1788833601,ai.elimu.filamu,,,,चिड़िया,1
484902,1788833616,ai.elimu.filamu,{'video_playback_position_ms': 47402},,,चिड़िया,1
484903,1788833656,ai.elimu.filamu,,,,चिड़िया,1
484904,1788833702,ai.elimu.filamu,{'video_playback_position_ms': 53114},,,चिड़िया,1
484905,1788833718,ai.elimu.filamu,,,,चिड़िया,1
484906,1788833767,ai.elimu.filamu,{'video_playback_position_ms': 43649},,,चिड़िया,1
484907,1788833823,ai.elimu.filamu,,,,चिड़िया,1
484908,1788833858,ai.elimu.filamu,{'video_playback_position_ms': 24178},,,चिड़िया,1
484909,1788833925,ai.elimu.filamu,,,,चिड़िया,1
484910,1788833962,ai.elimu.filamu,{'video_playback_position_ms': 36177},,,चिड़िया,1
484919,1788917767,ai.elimu.filamu,,,,चिड़िया,1
484920,1788917786,ai.elimu.filamu,{'video_playback_position_ms': 28753},,,चिड़िया,1
484921,1788917881,ai.elimu.filamu,,,,चिड़िया,1
484922,1788917902,ai.elimu.filamu,{'video_playback_position_ms': 22768},,,चिड़िया,1
484923,1788917989,ai.elimu.filamu,,,,चिड़िया,1
484924,1788917992,ai.elimu.filamu,{'video_playback_position_ms': 23030},,,चिड़िया,1
484925,1788918080,ai.elimu.filamu,,,,चिड़िया,1
484926,1788918127,ai.elimu.filamu,{'video_playback_position_ms': 14242},,,चिड़िया,1
484927,1788918239,ai.elimu.filamu,,,,चिड़िया,1
484928,1788918266,ai.elimu.filamu,{'video_playback_position_ms': 30577},,,चिड़िया,1
484929,1788918333,ai.elimu.filamu,,,,चिड़िया,1
484930,1788918361,ai.elimu.filamu,{'video_playback_position_ms': 15263},,,चिड़िया,1
484931,1788918398,ai.elimu.filamu,,,,चिड़िया,1
484932,1788918444,ai.elimu.filamu,{'video_playback_position_ms': 39571},,,चिड़िया,1
484933,1788918494,ai.elimu.filamu,,,,चिड़िया,1
484934,1788918532,ai.elimu.filamu,{'video_playback_position_ms': 33151},,,चिड़िया,1
484935,1788918588,ai.elimu.filamu,,,,चिड़िया,1
484936,1788918628,ai.elimu.filamu,{'video_playback_position_ms': 58624},,,चिड़िया,1
484937,1788918671,ai.elimu.filamu,,,,चिड़िया,1
484938,1788918682,ai.elimu.filamu,{'video_playback_position_ms': 26664},,,चिड़िया,1
484939,1788918700,ai.elimu.filamu,,,,चिड़िया,1
484940,1788918723,ai.elimu.filamu,{'video_playback_position_ms': 59115},,,चिड़िया,1
484941,1788918834,ai.elimu.filamu,,,,चिड़िया,1
484942,1788918856,ai.elimu.filamu,{'video_playback_position_ms': 22514},,,चिड़िया,1
484943,1788918954,ai.elimu.filamu,,,,चिड़िया,1
484944,1788918992,ai.elimu.filamu,{'video_playback_position_ms': 32241},,,चिड़िया,1
484945,1788919054,ai.elimu.filamu,,,,चिड़िया,1
484946,1788919093,ai.elimu.filamu,{'video_playback_position_ms': 12927},,,चिड़िया,1
484953,1789002344,ai.elimu.filamu,,,,चिड़िया,1
484954,1789002389,ai.elimu.filamu,{'video_playback_position_ms': 1579},,,चिड़िया,1
484955,1789002449,ai.elimu.filamu,,,,चिड़िया,1
484956,1789002481,ai.elimu.filamu,{'video_playback_position_ms': 21388},,,चिड़िया,1
484957,1789002496,ai.elimu.filamu,,,,चिड़िया,1
484958,1789002546,ai.elimu.filamu,{'video_playback_position_ms': 58100},,,चिड़िया,1
484959,1789002603,ai.elimu.filamu,,,,चिड़िया,1
484960,1789002660,ai.elimu.filamu,{'video_playback_position_ms': 35590},,,चिड़िया,1
484961,1789089619,ai.elimu.filamu,,,,चिड़िया,1
484962,1789089651,ai.elimu.filamu,{'video_playback_position_ms': 5813},,,चिड़िया,1
484983,1789263339,ai.elimu.filamu,,,,चिड़िया,1
484984,1789263390,ai.elimu.filamu,{'video_playback_position_ms': 33994},,,चिड़िया,1
484985,1789263426,ai.elimu.filamu,,,,चिड़िया,1
484986,1789263428,ai.elimu.filamu,{'video_playback_position_ms': 29335},,,चिड़िया,1
484987,1789263448,ai.elimu.filamu,,,,चिड़िया,1
484988,1789263469,ai.elimu.filamu,{'video_playback_position_ms': 23472},,,चिड़िया,1
484989,1789263494,ai.elimu.filamu,,,,चिड़िया,1
484990,1789263536,ai.elimu.filamu,{'video_playback_position_ms': 17718},,,चिड़िया,1
484991,1789263642,ai.elimu.filamu,,,,चिड़िया,1
484992,1789263688,ai.elimu.filamu,{'video_playback_position_ms': 36092},,,चिड़िया,1
484993,1789263730,ai.elimu.filamu,,,,चिड़िया,1
484994,1789263735,ai.elimu.filamu,{'video_playback_position_ms': 16133},,,चिड़िया,1
484995,1789263824,ai.elimu.filamu,,,,चिड़िया,1
484996,1789263841,ai.elimu.filamu,{'video_playback_position_ms': 30930},,,चिड़िया,1
484997,1789263955,ai.elimu.filamu,,,,चिड़िया,1
484998,1789263974,ai.elimu.filamu,{'video_playback_position_ms': 42199},,,चिड़िया,1
484999,1789264065,ai.elimu.filamu,,,,चिड़िया,1
485000,1789264074,ai.elimu.filamu,{'video_playback_position_ms': 31699},,,चिड़िया,1
485001,1789264104,ai.elimu.filamu,,,,चिड़िया,1
485002,1789264124,ai.elimu.filamu,{'video_playback_position_ms': 14761},,,चिड़िया,1
485003,1789264195,ai.elimu.filamu,,,,चिड़िया,1
485004,1789264250,ai.elimu.filamu,{'video_playback_position_ms': 1164},,,चिड़िया,1
485005,1789264294,ai.elimu.filamu,,,,चिड़िया,1
485006,1789264345,ai.elimu.filamu,{'video_playback_position_ms': 47130},,,चिड़िया,1
485007,1789264375,ai.elimu.filamu,,,,चिड़िया,1
485008,1789264423,ai.elimu.filamu,{'video_playback_position_ms': 27538},,,चिड़िया,1
485009,1789264493,ai.elimu.filamu,,,,चिड़िया,1
485010,1789264539,ai.elimu.filamu,{'video_playback_position_ms': 11263},,,चिड़िया,1
485011,1789264577,ai.elimu.filamu,,,,चिड़िया,1
485012,1789264585,ai.elimu.filamu,{'video_playback_position_ms': 31821},,,चिड़िया,1
485013,1789264644,ai.elimu.filamu,,,,चिड़िया,1
485014,1789264660,ai.elimu.filamu,{'video_playback_position_ms': 1354},,,चिड़िया,1
485015,1789264714,ai.elimu.filamu,,,,चिड़िया,1
485016,1789264716,ai.elimu.filamu,{'video_playback_position_ms': 1863},,,चिड़िया,1
485017,1789264737,ai.elimu.filamu,,,,चिड़िया,1
485018,1789264771,ai.elimu.filamu,{'video_playback_position_ms': 13531},,,चिड़िया,1
485019,1789264873,ai.elimu.filamu,,,,चिड़िया,1
485020,1789264922,ai.elimu.filamu,{'video_playback_position_ms': 39756},,,चिड़िया,1
485029,1789349703,ai.elimu.filamu,,,,चिड़िया,1
485030,1789349734,ai.elimu.filamu,{'video_playback_position_ms': 11410},,,चिड़िया,1
485031,1789349841,ai.elimu.filamu,,,,चिड़िया,1
485032,1789349857,ai.elimu.filamu,{'video_playback_position_ms': 33601},,,चिड़िया,1
485033,1789349887,ai.elimu.filamu,,,,चिड़िया,1
485034,1789349914,ai.elimu.filamu,{'video_playback_position_ms': 20234},,,चिड़िया,1
485035,1789349962,ai.elimu.filamu,,,,चिड़िया,1
485036,1789350007,ai.elimu.filamu,{'video_playback_position_ms': 10004},,,चिड़िया,1
485037,1789350039,ai.elimu.filamu,,,,चिड़िया,1
485038,1789350080,ai.elimu.filamu,{'video_playback_position_ms': 52034},,,चिड़िया,1
485039,1789350124,ai.elimu.filamu,,,,चिड़िया,1
485040,1789350154,ai.elimu.filamu,{'video_playback_position_ms': 46441},,,चिड़िया,1
485041,1789350196,ai.elimu.filamu,,,,चिड़िया,1
485042,1789350209,ai.elimu.filamu,{'video_playback_position_ms': 40991},,,चिड़िया,1
485043,1789350229,ai.elimu.filamu,,,,चिड़िया,1
485044,1789350288,ai.elimu.filamu,{'video_playback_position_ms': 53352},,,चिड़िया,1
485045,1789350314,ai.elimu.filamu,,,,चिड़िया,1
485046,1789350338,ai.elimu.filamu,{'video_playback_position_ms': 57012},,,चिड़िया,1
485047,1789438428,ai.elimu.filamu,,,,चिड़िया,1
485048,1789438436,ai.elimu.filamu,{'video_playback_position_ms': 28040},,,चिड़िया,1
485049,1789438528,ai.elimu.filamu,,,,चिड़िया,1
485050,1789438576,ai.elimu.filamu,{'video_playback_position_ms': 3280},,,चिड़िया,1
485051,1789438675,ai.elimu.filamu,,,,चिड़िया,1
485052,1789438679,ai.elimu.filamu,{'video_playback_position_ms': 16677},,,चिड़िया,1
485079,1789523662,ai.elimu.filamu,,,,चिड़िया,1
485080,1789523670,ai.elimu.filamu,{'video_playback_position_ms': 44083},,,चिड़िया,1
485081,1789523708,ai.elimu.filamu,,,,चिड़िया,1
485082,1789523732,ai.elimu.filamu,{'video_playback_position_ms': 5138},,,चिड़िया,1
485153,1789610611,ai.elimu.filamu,,,,चिड़िया,1
485154,1789610635,ai.elimu.filamu,{'video_playback_position_ms': 30529},,,चिड़िया,1
485155,1789610699,ai.elimu.filamu,,,,चिड़िया,1
485156,1789610747,ai.elimu.filamu,{'video_playback_position_ms': 20643},,,चिड़िया,1
485157,1789610867,ai.elimu.filamu,,,,चिड़िया,1
485158,1789610874,ai.elimu.filamu,{'video_playback_position_ms': 59801},,,चिड़िया,1
485159,1789610929,ai.elimu.filamu,,,,चिड़िया,1
485160,1789610987,ai.elimu.filamu,{'video_playback_position_ms': 46106},,,चिड़िया,1
485161,1789611013,ai.elimu.filamu,,,,चिड़िया,1
485162,1789611044,ai.elimu.filamu,{'video_playback_position_ms': 36639},,,चिड़िया,1
485163,1789611063,ai.elimu.filamu,,,,चिड़िया,1
485164,1789611108,ai.elimu.filamu,{'video_playback_position_ms': 59478},,,चिड़िया,1
485165,1789611139,ai.elimu.filamu,,,,चिड़िया,1
485166,1789611168,ai.elimu.filamu,{'video_playback_position_ms': 10588},,,चिड़िया,1
485167,1789611252,ai.elimu.filamu,,,,चिड़िया,1
485168,1789611302,ai.elimu.filamu,{'video_playback_position_ms': 24178},,,चिड़िया,1
485169,1789611373,ai.elimu.filamu,,,,चिड़िया,1
485170,1789611419,ai.elimu.filamu,{'video_playback_position_ms': 42077},,,चिड़िया,1
485171,1789611484,ai.elimu.filamu,,,,चिड़िया,1
485172,1789611493,ai.elimu.filamu,{'video_playback_position_ms': 48997},,,चिड़िया,1
485173,1789611558,ai.elimu.filamu,,,,चिड़िया,1
485174,1789611588,ai.elimu.filamu,{'video_playback_position_ms': 21453},,,चिड़िया,1
485175,1789611658,ai.elimu.filamu,,,,चिड़िया,1
485176,1789611706,ai.elimu.filamu,{'video_playback_position_ms': 12456},,,चिड़िया,1
485177,1789611815,ai.elimu.filamu,,,,चिड़िया,1
485178,1789611874,ai.elimu.filamu,{'video_playback_position_ms': 27905},,,चिड़िया,1
485179,1789611983,ai.elimu.filamu,,,,चिड़िया,1
485180,1789612013,ai.elimu.filamu,{'video_playback_position_ms': 42103},,,चिड़िया,1
485181,1789612089,ai.elimu.filamu,,,,चिड़िया,1
485182,1789612096,ai.elimu.filamu,{'video_playback_position_ms': 31760},,,चिड़िया,1
485211,1789698392,ai.elimu.filamu,,,,चिड़िया,1
485212,1789698451,ai.elimu.filamu,{'video_playback_position_ms': 34596},,,चिड़िया,1
485213,1789698490,ai.elimu.filamu,,,,चिड़िया,1
485214,1789698542,ai.elimu.filamu,{'video_playback_position_ms': 19163},,,चिड़िया,1
485215,1789698625,ai.elimu.filamu,,,,चिड़िया,1
485216,1789698684,ai.elimu.filamu,{'video_playback_position_ms': 2435},,,चिड़िया,1
485217,1789698721,ai.elimu.filamu,,,,चिड़िया,1
485218,1789698726,ai.elimu.filamu,{'video_playback_position_ms': 29479},,,चिड़िया,1
485219,1789698846,ai.elimu.filamu,,,,चिड़िया,1
485220,1789698858,ai.elimu.filamu,{'video_playback_position_ms': 56464},,,चिड़िया,1
485221,1789698969,ai.elimu.filamu,,,,चिड़िया,1
485222,1789699024,ai.elimu.filamu,{'video_playback_position_ms': 53223},,,चिड़िया,1
485223,1789699098,ai.elimu.filamu,,,,चिड़िया,1
485224,1789699101,ai.elimu.filamu,{'video_playback_position_ms': 30269},,,चिड़िया,1
485225,1789699192,ai.elimu.filamu,,,,चिड़िया,1
485226,1789699244,ai.elimu.filamu,{'video_playback_position_ms': 47378},,,चिड़िया,1
485227,1789699307,ai.elimu.filamu,,,,चिड़िया,1
485228,1789699327,ai.elimu.filamu,{'video_playback_position_ms': 46730},,,चिड़िया,1
485229,1789699431,ai.elimu.filamu,,,,चिड़िया,1
485230,1789699478,ai.elimu.filamu,{'video_playback_position_ms': 46120},,,चिड़िया,1
485231,1789699499,ai.elimu.filamu,,,,चिड़िया,1
485232,1789699513,ai.elimu.filamu,{'video_playback_position_ms': 40762},,,चिड़िया,1
485233,1789699548,ai.elimu.filamu,,,,चिड़िया,1
485234,1789699562,ai.elimu.filamu,{'video_playback_position_ms': 22004},,,चिड़िया,1
485235,1789699593,ai.elimu.filamu,,,,चिड़िया,1
485236,1789699633,ai.elimu.filamu,{'video_playback_position_ms': 37715},,,चिड़िया,1
485237,1789699717,ai.elimu.filamu,,,,चिड़िया,1
485238,1789699744,ai.elimu.filamu,{'video_playback_position_ms': 27357},,,चिड़िया,1
485313,1789868954,ai.elimu.filamu,,,,चिड़िया,1
485314,1789868991,ai.elimu.filamu,{'video_playback_position_ms': 8559},,,चिड़िया,1
485315,1789869030,ai.elimu.filamu,,,,चिड़िया,1
485316,1789869081,ai.elimu.filamu,{'video_playback_position_ms': 9284},,,चिड़िया,1
485317,1789869109,ai.elimu.filamu,,,,चिड़िया,1
485318,1789869137,ai.elimu.filamu,{'video_playback_position_ms': 23112},,,चिड़िया,1
485319,1789869172,ai.elimu.filamu,,,,चिड़िया,1
485320,1789869231,ai.elimu.filamu,{'video_playback_position_ms': 4208},,,चिड़िया,1
485321,1789869298,ai.elimu.filamu,,,,चिड़िया,1
485322,1789869341,ai.elimu.filamu,{'video_playback_position_ms': 48006},,,चिड़िया,1
485323,1789869376,ai.elimu.filamu,,,,चिड़िया,1
485324,1789869384,ai.elimu.filamu,{'video_playback_position_ms': 3456},,,चिड़िया,1
485325,1789869445,ai.elimu.filamu,,,,चिड़िया,1
485326,1789869501,ai.elimu.filamu,{'video_playback_position_ms': 50596},,,चिड़िया,1
485327,1789869619,ai.elimu.filamu,,,,चिड़िया,1
485328,1789869654,ai.elimu.filamu,{'video_playback_position_ms': 56520},,,चिड़िया,1
485329,1789869738,ai.elimu.filamu,,,,चिड़िया,1
485330,1789869790,ai.elimu.filamu,{'video_playback_position_ms': 39293},,,चिड़िया,1
485331,1789869813,ai.elimu.filamu,,,,चिड़िया,1
485332,1789869820,ai.elimu.filamu,{'video_playback_position_ms': 19670},,,चिड़िया,1
485333,1789869890,ai.elimu.filamu,,,,चिड़िया,1
485334,1789869898,ai.elimu.filamu,{'video_playback_position_ms': 33555},,,चिड़िया,1
485335,1789869996,ai.elimu.filamu,,,,चिड़िया,1
485336,1789870047,ai.elimu.filamu,{'video_playback_position_ms': 11651},,,चिड़िया,1
485337,1789870072,ai.elimu.filamu,,,,चिड़िया,1
485338,1789870117,ai.elimu.filamu,{'video_playback_position_ms': 7865},,,चिड़िया,1
485339,1789870223,ai.elimu.filamu,,,,चिड़िया,1
485340,1789870248,ai.elimu.filamu,{'video_playback_position_ms': 19872},,,चिड़िया,1
485341,1789870346,ai.elimu.filamu,,,,चिड़िया,1
485342,1789870381,ai.elimu.filamu,{'video_playback_position_ms': 1932},,,चिड़िया,1
485421,1790046226,ai.elimu.filamu,,,,चिड़िया,1
485422,1790046279,ai.elimu.filamu,{'video_playback_position_ms': 7147},,,चिड़िया,1
485423,1790046397,ai.elimu.filamu,,,,चिड़िया,1
485424,1790046444,ai.elimu.filamu,{'video_playback_position_ms': 16662},,,चिड़िया,1
485425,1790046511,ai.elimu.filamu,,,,चिड़िया,1
485426,1790046564,ai.elimu.filamu,{'video_playback_position_ms': 3606},,,चिड़िया,1
485427,1790046599,ai.elimu.filamu,,,,चिड़िया,1
485428,1790046629,ai.elimu.filamu,{'video_playback_position_ms': 1996},,,चिड़िया,1
485429,1790046701,ai.elimu.filamu,,,,चिड़िया,1
485430,1790046709,ai.elimu.filamu,{'video_playback_position_ms': 12809},,,चिड़िया,1
485431,1790046799,ai.elimu.filamu,,,,चिड़िया,1
485432,1790046857,ai.elimu.filamu,{'video_playback_position_ms': 49976},,,चिड़िया,1
485433,1790046909,ai.elimu.filamu,,,,चिड़िया,1
485434,1790046963,ai.elimu.filamu,{'video_playback_position_ms': 40268},,,चिड़िया,1
485435,1790047064,ai.elimu.filamu,,,,चिड़िया,1
485436,1790047088,ai.elimu.filamu,{'video_playback_position_ms': 44418},,,चिड़िया,1
485437,1790047134,ai.elimu.filamu,,,,चिड़िया,1
485438,1790047161,ai.elimu.filamu,{'video_playback_position_ms': 13361},,,चिड़िया,1
485439,1790047192,ai.elimu.filamu,,,,चिड़िया,1
485440,1790047228,ai.elimu.filamu,{'video_playback_position_ms': 18494},,,चिड़िया,1
485441,1790047306,ai.elimu.filamu,,,,चिड़िया,1
485442,1790047314,ai.elimu.filamu,{'video_playback_position_ms': 31254},,,चिड़िया,1
485443,1790047333,ai.elimu.filamu,,,,चिड़िया,1
485444,1790047341,ai.elimu.filamu,{'video_playback_position_ms': 20090},,,चिड़िया,1
485445,1790047450,ai.elimu.filamu,,,,चिड़िया,1
485446,1790047498,ai.elimu.filamu,{'video_playback_position_ms': 45048},,,चिड़िया,1
485487,1790129201,ai.elimu.filamu,,,,चिड़िया,1
485488,1790129242,ai.elimu.filamu,{'video_playback_position_ms': 56606},,,चिड़िया,1
485571,1790388536,ai.elimu.filamu,,,,चिड़िया,1
485572,1790388543,ai.elimu.filamu,{'video_playback_position_ms': 45999},,,चिड़िया,1
485573,1790388613,ai.elimu.filamu,,,,चिड़िया,1
485574,1790388643,ai.elimu.filamu,{'video_playback_position_ms': 15372},,,चिड़िया,1
485575,1790388659,ai.elimu.filamu,,,,चिड़िया,1
485576,1790388676,ai.elimu.filamu,{'video_playback_position_ms': 52905},,,चिड़िया,1
485577,1790388733,ai.elimu.filamu,,,,चिड़िया,1
485578,1790388781,ai.elimu.filamu,{'video_playback_position_ms': 31005},,,चिड़िया,1
485579,1790388859,ai.elimu.filamu,,,,चिड़िया,1
485580,1790388864,ai.elimu.filamu,{'video_playback_position_ms': 15295},,,चिड़िया,1
485581,1790388952,ai.elimu.filamu,,,,चिड़िया,1
485582,1790388995,ai.elimu.filamu,{'video_playback_position_ms': 15227},,,चिड़िया,1
485583,1790389065,ai.elimu.filamu,,,,चिड़िया,1
485584,1790389115,ai.elimu.filamu,{'video_playback_position_ms': 15306},,,चिड़िया,1
485585,1790389178,ai.elimu.filamu,,,,चिड़िया,1
485586,1790389191,ai.elimu.filamu,{'video_playback_position_ms': 10298},,,चिड़िया,1
485587,1790389217,ai.elimu.filamu,,,,चिड़िया,1
485588,1790389220,ai.elimu.filamu,{'video_playback_position_ms': 18636},,,चिड़िया,1
485589,1790389295,ai.elimu.filamu,,,,चिड़िया,1
485590,1790389326,ai.elimu.filamu,{'video_playback_position_ms': 19555},,,चिड़िया,1
485591,1790389404,ai.elimu.filamu,,,,चिड़िया,1
485592,1790389429,ai.elimu.filamu,{'video_playback_position_ms': 42425},,,चिड़िया,1
485593,1790389540,ai.elimu.filamu,,,,चिड़िया,1
485594,1790389592,ai.elimu.filamu,{'video_playback_position_ms': 27156},,,चिड़िया,1
485595,1790389668,ai.elimu.filamu,,,,चिड़िया,1
485596,1790389682,ai.elimu.filamu,{'video_playback_position_ms': 22434},,,चिड़िया,1
485597,1790389709,ai.elimu.filamu,,,,चिड़िया,1
485598,1790389753,ai.elimu.filamu,{'video_playback_position_ms': 42218},,,चिड़िया,1
485599,1790389787,ai.elimu.filamu,,,,चिड़िया,1
485600,1790389813,ai.elimu.filamu,{'video_playback_position_ms': 14944},,,चिड़िया,1
485601,1790389860,ai.elimu.filamu,,,,चिड़िया,1
485602,1790389888,ai.elimu.filamu,{'video_playback_position_ms': 44754},,,चिड़िया,1
485603,1790389926,ai.elimu.filamu,,,,चिड़िया,1
485604,1790389940,ai.elimu.filamu,{'video_playback_position_ms': 8668},,,चिड़िया,1
485605,1790390039,ai.elimu.filamu,,,,चिड़िया,1
485606,1790390086,ai.elimu.filamu,{'video_playback_position_ms': 10959},,,चिड़िया,1
485661,1790474026,ai.elimu.filamu,,,,चिड़िया,1
485662,1790474048,ai.elimu.filamu,{'video_playback_position_ms': 24835},,,चिड़िया,1
485663,1790474153,ai.elimu.filamu,,,,चिड़िया,1
485664,1790474212,ai.elimu.filamu,{'video_playback_position_ms': 7189},,,चिड़िया,1
485665,1790474305,ai.elimu.filamu,,,,चिड़िया,1
485666,1790474350,ai.elimu.filamu,{'video_playback_position_ms': 24224},,,चिड़िया,1
485667,1790474386,ai.elimu.filamu,,,,चिड़िया,1
485668,1790474413,ai.elimu.filamu,{'video_playback_position_ms': 17053},,,चिड़िया,1
485709,1790563704,ai.elimu.filamu,,,,चिड़िया,1
485710,1790563717,ai.elimu.filamu,{'video_playback_position_ms': 56948},,,चिड़िया,1
485711,1790563736,ai.elimu.filamu,,,,चिड़िया,1
485712,1790563746,ai.elimu.filamu,{'video_playback_position_ms': 39876},,,चिड़िया,1
485713,1790563809,ai.elimu.filamu,,,,चिड़िया,1
485714,1790563839,ai.elimu.filamu,{'video_playback_position_ms': 59833},,,चिड़िया,1
485715,1790563898,ai.elimu.filamu,,,,चिड़िया,1
485716,1790563911,ai.elimu.filamu,{'video_playback_position_ms': 42460},,,चिड़िया,1
485717,1790564009,ai.elimu.filamu,,,,चिड़िया,1
485718,1790564063,ai.elimu.filamu,{'video_playback_position_ms': 42084},,,चिड़िया,1
485719,1790564152,ai.elimu.filamu,,,,चिड़िया,1
485720,1790564188,ai.elimu.filamu,{'video_playback_position_ms': 40800},,,चिड़िया,1
485721,1790564274,ai.elimu.filamu,,,,चिड़िया,1
485722,1790564278,ai.elimu.filamu,{'video_playback_position_ms': 18104},,,चिड़िया,1
485757,1790652352,ai.elimu.filamu,,,,चिड़िया,1
485758,1790652391,ai.elimu.filamu,{'video_playback_position_ms': 24260},,,चिड़िया,1
485759,1790652503,ai.elimu.filamu,,,,चिड़िया,1
485760,1790652548,ai.elimu.filamu,{'video_playback_position_ms': 5264},,,चिड़िया,1
485761,1790652601,ai.elimu.filamu,,,,चिड़िया,1
485762,1790652630,ai.elimu.filamu,{'video_playback_position_ms': 43367},,,चिड़िया,1
485763,1790652711,ai.elimu.filamu,,,,चिड़िया,1
485764,1790652744,ai.elimu.filamu,{'video_playback_position_ms': 8719},,,चिड़िया,1
485765,1790652790,ai.elimu.filamu,,,,चिड़िया,1
485766,1790652838,ai.elimu.filamu,{'video_playback_position_ms': 14134},,,चिड़िया,1
485767,1790652883,ai.elimu.filamu,,,,चिड़िया,1
485768,1790652893,ai.elimu.filamu,{'video_playback_position_ms': 25002},,,चिड़िया,1
485769,1790652938,ai.elimu.filamu,,,,चिड़िया,1
485770,1790652954,ai.elimu.filamu,{'video_playback_position_ms': 55168},,,चिड़िया,1
485771,1790652985,ai.elimu.filamu,,,,चिड़िया,1
485772,1790653039,ai.elimu.filamu,{'video_playback_position_ms': 44226},,,चिड़िया,1
485773,1790653110,ai.elimu.filamu,,,,चिड़िया,1
485774,1790653168,ai.elimu.filamu,{'video_playback_position_ms': 23405},,,चिड़िया,1
485775,1790653250,ai.elimu.filamu,,,,चिड़िया,1
485776,1790653286,ai.elimu.filamu,{'video_playback_position_ms': 46703},,,चिड़िया,1
485777,1790653325,ai.elimu.filamu,,,,चिड़िया,1
485778,1790653370,ai.elimu.filamu,{'video_playback_position_ms': 50500},,,चिड़िया,1
485779,1790653419,ai.elimu.filamu,,,,चिड़िया,1
485780,1790653459,ai.elimu.filamu,{'video_playback_position_ms': 38623},,,चिड़िया,1
485781,1790653558,ai.elimu.filamu,,,,चिड़िया,1
485782,1790653592,ai.elimu.filamu,{'video_playback_position_ms': 57700},,,चिड़िया,1
485783,1790653641,ai.elimu.filamu,,,,चिड़िया,1
485784,1790653646,ai.elimu.filamu,{'video_playback_position_ms': 33395},,,चिड़िया,1
485847,1790822676,ai.elimu.filamu,,,,चिड़िया,1
485848,1790822693,ai.elimu.filamu,{'video_playback_position_ms': 34583},,,चिड़िया,1
485849,1790822801,ai.elimu.filamu,,,,चिड़िया,1
485850,1790822810,ai.elimu.filamu,{'video_playback_position_ms': 7520},,,चिड़िया,1
485851,1790822902,ai.elimu.filamu,,,,चिड़िया,1
485852,1790822958,ai.elimu.filamu,{'video_playback_position_ms': 51792},,,चिड़िया,1
485853,1790823027,ai.elimu.filamu,,,,चिड़िया,1
485854,1790823043,ai.elimu.filamu,{'video_playback_position_ms': 57976},,,चिड़िया,1
485855,1790823163,ai.elimu.filamu,,,,चिड़िया,1
485856,1790823198,ai.elimu.filamu,{'video_playback_position_ms': 56434},,,चिड़िया,1
485857,1790823260,ai.elimu.filamu,,,,चिड़िया,1
485858,1790823287,ai.elimu.filamu,{'video_playback_position_ms': 19360},,,चिड़िया,1
485859,1790823341,ai.elimu.filamu,,,,चिड़िया,1
485860,1790823349,ai.elimu.filamu,{'video_playback_position_ms': 13553},,,चिड़िया,1
485861,1790823458,ai.elimu.filamu,,,,चिड़िया,1
485862,1790823461,ai.elimu.filamu,{'video_playback_position_ms': 54748},,,चिड़िया,1
485927,1790996194,ai.elimu.filamu,,,,चिड़िया,1
485928,1790996237,ai.elimu.filamu,{'video_playback_position_ms': 20895},,,चिड़िया,1
485929,1790996301,ai.elimu.filamu,,,,चिड़िया,1
485930,1790996308,ai.elimu.filamu,{'video_playback_position_ms': 42209},,,चिड़िया,1
485931,1790996390,ai.elimu.filamu,,,,चिड़िया,1
485932,1790996424,ai.elimu.filamu,{'video_playback_position_ms': 46344},,,चिड़िया,1
485933,1790996466,ai.elimu.filamu,,,,चिड़िया,1
485934,1790996485,ai.elimu.filamu,{'video_playback_position_ms': 57228},,,चिड़िया,1
485935,1790996556,ai.elimu.filamu,,,,चिड़िया,1
485936,1790996608,ai.elimu.filamu,{'video_playback_position_ms': 25226},,,चिड़िया,1
485937,1790996698,ai.elimu.filamu,,,,चिड़िया,1
485938,1790996752,ai.elimu.filamu,{'video_playback_position_ms': 28368},,,चिड़िया,1
485939,1790996827,ai.elimu.filamu,,,,चिड़िया,1
485940,1790996832,ai.elimu.filamu,{'video_playback_position_ms': 22672},,,चिड़िया,1
485941,1790996894,ai.elimu.filamu,,,,चिड़िया,1
485942,1790996925,ai.elimu.filamu,{'video_playback_position_ms': 57417},,,चिड़िया,1
485943,1790996947,ai.elimu.filamu,,,,चिड़िया,1
485944,1790996998,ai.elimu.filamu,{'video_playback_position_ms': 16704},,,चिड़िया,1
485945,1790997051,ai.elimu.filamu,,,,चिड़िया,1
485946,1790997066,ai.elimu.filamu,{'video_playback_position_ms': 24591},,,चिड़िया,1
485947,1790997176,ai.elimu.filamu,,,,चिड़िया,1
485948,1790997216,ai.elimu.filamu,{'video_playback_position_ms': 3172},,,चिड़िया,1
485949,1790997304,ai.elimu.filamu,,,,चिड़िया,1
485950,1790997314,ai.elimu.filamu,{'video_playback_position_ms': 38566},,,चिड़िया,1
485951,1790997381,ai.elimu.filamu,,,,चिड़िया,1
485952,1790997428,ai.elimu.filamu,{'video_playback_position_ms': 44887},,,चिड़िया,1
485953,1790997464,ai.elimu.filamu,,,,चिड़िया,1
485954,1790997502,ai.elimu.filamu,{'video_playback_position_ms': 17899},,,चिड़िया,1
485955,1790997572,ai.elimu.filamu,,,,चिड़िया,1
485956,1790997594,ai.elimu.filamu,{'video_playback_position_ms': 29024},,,चिड़िया,1
485957,1790997639,ai.elimu.filamu,,,,चिड़िया,1
485958,1790997688,ai.elimu.filamu,{'video_playback_position_ms': 57266},,,चिड़िया,1
486001,1791013181,ai.elimu.filamu,,,,चिड़िया,1
486002,1791013216,ai.elimu.filamu,{'video_playback_position_ms': 15259},,,चिड़िया,1
486007,1791084217,ai.elimu.filamu,,,,चिड़िया,1
486008,1791084232,ai.elimu.filamu,{'video_playback_position_ms': 4342},,,चिड़िया,1
486009,1791084266,ai.elimu.filamu,,,,चिड़िया,1
486010,1791084301,ai.elimu.filamu,{'video_playback_position_ms': 43480},,,चिड़िया,1
486011,1791084320,ai.elimu.filamu,,,,चिड़िया,1
486012,1791084342,ai.elimu.filamu,{'video_playback_position_ms': 40792},,,चिड़िया,1
486013,1791084413,ai.elimu.filamu,,,,चिड़िया,1
486014,1791084436,ai.elimu.filamu,{'video_playback_position_ms': 50779},,,चिड़िया,1
486015,1791084524,ai.elimu.filamu,,,,चिड़िया,1
486016,1791084565,ai.elimu.filamu,{'video_playback_position_ms': 33375},,,चिड़िया,1
486017,1791084632,ai.elimu.filamu,,,,चिड़िया,1
486018,1791084635,ai.elimu.filamu,{'video_playback_position_ms': 13741},,,चिड़िया,1
486019,1791084728,ai.elimu.filamu,,,,चिड़िया,1
486020,1791084749,ai.elimu.filamu,{'video_playback_position_ms': 34905},,,चिड़िया,1
486021,1791084841,ai.elimu.filamu,,,,चिड़िया,1
486022,1791084876,ai.elimu.filamu,{'video_playback_position_ms': 22767},,,चिड़िया,1
486023,1791084944,ai.elimu.filamu,,,,चिड़िया,1
486024,1791084984,ai.elimu.filamu,{'video_playback_position_ms': 49273},,,चिड़िया,1
486025,1791085096,ai.elimu.filamu,,,,चिड़िया,1
486026,1791085122,ai.elimu.filamu,{'video_playback_position_ms': 18733},,,चिड़िया,1
486027,1791085220,ai.elimu.filamu,,,,चिड़िया,1
486028,1791085233,ai.elimu.filamu,{'video_playback_position_ms': 46300},,,चिड़िया,1
486029,1791085335,ai.elimu.filamu,,,,चिड़िया,1
486030,1791085382,ai.elimu.filamu,{'video_playback_position_ms': 40845},,,चिड़िया,1
486031,1791085420,ai.elimu.filamu,,,,चिड़िया,1
486032,1791085477,ai.elimu.filamu,{'video_playback_position_ms': 5413},,,चिड़िया,1
