id,timestamp,package_name,additional_data,research_experiment,experiment_group,video_title,video_id
473041,1749512477,ai.elimu.filamu,,,,चिड़िया,1
473042,1749512525,ai.elimu.filamu,{'video_playback_position_ms': 29984},,,चिड़िया,1
473043,1749512641,ai.elimu.filamu,,,,चिड़िया,1
473044,1749512696,ai.elimu.filamu,{'video_playback_position_ms': 47839},,,चिड़िया,1
473045,1749512776,ai.elimu.filamu,,,,चिड़िया,1
473046,1749512795,ai.elimu.filamu,{'video_playback_position_ms': 12817},,,चिड़िया,1
473047,1749512864,ai.elimu.filamu,,,,चिड़िया,1
473048,1749512873,ai.elimu.filamu,{'video_playback_position_ms': 1293},,,चिड़िया,1
473049,1749512977,ai.elimu.filamu,,,,चिड़िया,1
473050,1749513011,ai.elimu.filamu,{'video_playback_position_ms': 43281},,,चिड़िया,1
473051,1749513047,ai.elimu.filamu,,,,चिड़िया,1
473052,1749513070,ai.elimu.filamu,{'video_playback_position_ms': 32165},,,चिड़िया,1
473053,1749598525,ai.elimu.filamu,,,,चिड़िया,1
473054,1749598530,ai.elimu.filamu,{'video_playback_position_ms': 49477},,,चिड़िया,1
473055,1749598569,ai.elimu.filamu,,,,चिड़िया,1
473056,1749598580,ai.elimu.filamu,{'video_playback_position_ms': 41605},,,चिड़िया,1
473057,1749598596,ai.elimu.filamu,,,,चिड़िया,1
473058,1749598623,ai.elimu.filamu,{'video_playback_position_ms': 5002},,,चिड़िया,1
473059,1749598666,ai.elimu.filamu,,,,चिड़िया,1
473060,1749598693,ai.elimu.filamu,{'video_playback_position_ms': 3616},,,चिड़िया,1
473061,1749598746,ai.elimu.filamu,,,,चिड़िया,1
473062,1749598787,ai.elimu.filamu,{'video_playback_position_ms': 22646},,,चिड़िया,1
473063,1749598841,ai.elimu.filamu,,,,चिड़िया,1
473064,1749598874,ai.elimu.filamu,{'video_playback_position_ms': 39579},,,चिड़िया,1
473065,1749598986,ai.elimu.filamu,,,,चिड़िया,1
473066,1749599004,ai.elimu.filamu,{'video_playback_position_ms': 18421},,,चिड़िया,1
473067,1749599116,ai.elimu.filamu,,,,चिड़िया,1
473068,1749599148,ai.elimu.filamu,{'video_playback_position_ms': 11345},,,चिड़िया,1
473069,1749686192,ai.elimu.filamu,,,,चिड़िया,1
473070,1749686207,ai.elimu.filamu,{'video_playback_position_ms': 53750},,,चिड़िया,1
473071,1749686274,ai.elimu.filamu,,,,चिड़िया,1
473072,1749686314,ai.elimu.filamu,{'video_playback_position_ms': 52651},,,चिड़िया,1
473073,1749686338,ai.elimu.filamu,,,,चिड़िया,1
473074,1749686345,ai.elimu.filamu,{'video_playback_position_ms': 1338},,,चिड़िया,1
473075,1749686407,ai.elimu.filamu,,,,चिड़िया,1
473076,1749686414,ai.elimu.filamu,{'video_playback_position_ms': 7991},,,चिड़िया,1
473077,1749686463,ai.elimu.filamu,,,,चिड़िया,1
473078,1749686511,ai.elimu.filamu,{'video_playback_position_ms': 37933},,,चिड़िया,1
473079,1749686553,ai.elimu.filamu,,,,चिड़िया,1
473080,1749686589,ai.elimu.filamu,{'video_playback_position_ms': 58331},,,चिड़िया,1
473081,1749686664,ai.elimu.filamu,,,,चिड़िया,1
473082,1749686706,ai.elimu.filamu,{'video_playback_position_ms': 36678},,,चिड़िया,1
473083,1749686799,ai.elimu.filamu,,,,चिड़िया,1
473084,1749686835,ai.elimu.filamu,{'video_playback_position_ms': 16662},,,चिड़िया,1
473085,1749686918,ai.elimu.filamu,,,,चिड़िया,1
473086,1749686972,ai.elimu.filamu,{'video_playback_position_ms': 34534},,,चिड़िया,1
473087,1749687088,ai.elimu.filamu,,,,चिड़िया,1
473088,1749687109,ai.elimu.filamu,{'video_playback_position_ms': 13620},,,चिड़िया,1
473089,1749687174,ai.elimu.filamu,,,,चिड़िया,1
473090,1749687182,ai.elimu.filamu,{'video_playback_position_ms': 15574},,,चिड़िया,1
473091,1749687294,ai.elimu.filamu,,,,चिड़िया,1
473092,1749687350,ai.elimu.filamu,{'video_playback_position_ms': 57882},,,चिड़िया,1
473093,1749687404,ai.elimu.filamu,,,,चिड़िया,1
473094,1749687458,ai.elimu.filamu,{'video_playback_position_ms': 44651},,,चिड़िया,1
473095,1749687505,ai.elimu.filamu,,,,चिड़िया,1
473096,1749687535,ai.elimu.filamu,{'video_playback_position_ms': 22285},,,चिड़िया,1
473097,1749687645,ai.elimu.filamu,,,,चिड़िया,1
473098,1749687702,ai.elimu.filamu,{'video_playback_position_ms': 55583},,,चिड़िया,1
473099,1749687783,ai.elimu.filamu,,,,चिड़िया,1
473100,1749687807,ai.elimu.filamu,{'video_playback_position_ms': 49635},,,चिड़िया,1
473167,1749771906,ai.elimu.filamu,,,,चिड़िया,1
473168,1749771950,ai.elimu.filamu,{'video_playback_position_ms': 30277},,,चिड़िया,1
473169,1749771986,ai.elimu.filamu,,,,चिड़िया,1
473170,1749772028,ai.elimu.filamu,{'video_playback_position_ms': 8934},,,चिड़िया,1
473171,1749772112,ai.elimu.filamu,,,,चिड़िया,1
473172,1749772116,ai.elimu.filamu,{'video_playback_position_ms': 6423},,,चिड़िया,1
473173,1749772169,ai.elimu.filamu,,,,चिड़िया,1
473174,1749772183,ai.elimu.filamu,{'video_playback_position_ms': 44006},,,चिड़िया,1
473175,1749772240,ai.elimu.filamu,,,,चिड़िया,1
473176,1749772286,ai.elimu.filamu,{'video_playback_position_ms': 34963},,,चिड़िया,1
473177,1749772327,ai.elimu.filamu,,,,चिड़िया,1
473178,1749772369,ai.elimu.filamu,{'video_playback_position_ms': 18485},,,चिड़िया,1
473179,1749772450,ai.elimu.filamu,,,,चिड़िया,1
473180,1749772471,ai.elimu.filamu,{'video_playback_position_ms': 32195},,,चिड़िया,1
473181,1749772528,ai.elimu.filamu,,,,चिड़िया,1
473182,1749772546,ai.elimu.filamu,{'video_playback_position_ms': 53942},,,चिड़िया,1
473183,1749772605,ai.elimu.filamu,,,,चिड़िया,1
473184,1749772661,ai.elimu.filamu,{'video_playback_position_ms': 36398},,,चिड़िया,1
473185,1749772679,ai.elimu.filamu,,,,चिड़िया,1
473186,1749772690,ai.elimu.filamu,{'video_playback_position_ms': 53406},,,चिड़िया,1
473187,1749772809,ai.elimu.filamu,,,,चिड़िया,1
473188,1749772839,ai.elimu.filamu,{'video_playback_position_ms': 7048},,,चिड़िया,1
473189,1749772956,ai.elimu.filamu,,,,चिड़िया,1
473190,1749772999,ai.elimu.filamu,{'video_playback_position_ms': 5361},,,चिड़िया,1
473191,1749773101,ai.elimu.filamu,,,,चिड़िया,1
473192,1749773144,ai.elimu.filamu,{'video_playback_position_ms': 15383},,,चिड़िया,1
473193,1749773231,ai.elimu.filamu,,,,चिड़िया,1
473194,1749773288,ai.elimu.filamu,{'video_playback_position_ms': 1090},,,चिड़िया,1
473195,1749773390,ai.elimu.filamu,,,,चिड़िया,1
473196,1749773403,ai.elimu.filamu,{'video_playback_position_ms': 41298},,,चिड़िया,1
473197,1749773499,ai.elimu.filamu,,,,चिड़िया,1
473198,1749773559,ai.elimu.filamu,{'video_playback_position_ms': 18469},,,चिड़िया,1
473235,1749781677,ai.elimu.filamu,,,,चिड़िया,1
473236,1749781682,ai.elimu.filamu,{'video_playback_position_ms': 42487},,,चिड़िया,1
473237,1749781734,ai.elimu.filamu,,,,चिड़िया,1
473238,1749781787,ai.elimu.filamu,{'video_playback_position_ms': 21677},,,चिड़िया,1
473387,1750119847,ai.elimu.filamu,,,,चिड़िया,1
473388,1750119873,ai.elimu.filamu,{'video_playback_position_ms': 16873},,,चिड़िया,1
473389,1750119927,ai.elimu.filamu,,,,चिड़िया,1
473390,1750119929,ai.elimu.filamu,{'video_playback_position_ms': 42396},,,चिड़िया,1
473391,1750119989,ai.elimu.filamu,,,,चिड़िया,1
473392,1750120007,ai.elimu.filamu,{'video_playback_position_ms': 53450},,,चिड़िया,1
473393,1750120057,ai.elimu.filamu,,,,चिड़िया,1
473394,1750120113,ai.elimu.filamu,{'video_playback_position_ms': 16711},,,चिड़िया,1
473395,1750120226,ai.elimu.filamu,,,,चिड़िया,1
473396,1750120248,ai.elimu.filamu,{'video_playback_position_ms': 39519},,,चिड़िया,1
473397,1750120272,ai.elimu.filamu,,,,चिड़िया,1
473398,1750120309,ai.elimu.filamu,{'video_playback_position_ms': 8943},,,चिड़िया,1
473399,1750120425,ai.elimu.filamu,,,,चिड़िया,1
473400,1750120447,ai.elimu.filamu,{'video_playback_position_ms': 11117},,,चिड़िया,1
473401,1750120507,ai.elimu.filamu,,,,चिड़िया,1
473402,1750120536,ai.elimu.filamu,{'video_playback_position_ms': 33556},,,चिड़िया,1
473403,1750120613,ai.elimu.filamu,,,,चिड़िया,1
473404,1750120655,ai.elimu.filamu,{'video_playback_position_ms': 5180},,,चिड़िया,1
473405,1750120774,ai.elimu.filamu,,,,चिड़िया,1
473406,1750120805,ai.elimu.filamu,{'video_playback_position_ms': 51701},,,चिड़िया,1
473407,1750120834,ai.elimu.filamu,,,,चिड़िया,1
473408,1750120894,ai.elimu.filamu,{'video_playback_position_ms': 57000},,,चिड़िया,1
473409,1750120910,ai.elimu.filamu,,,,चिड़िया,1
473410,1750120967,ai.elimu.filamu,{'video_playback_position_ms': 25074},,,चिड़िया,1
473411,1750121058,ai.elimu.filamu,,,,चिड़िया,1
473412,1750121070,ai.elimu.filamu,{'video_playback_position_ms': 11220},,,चिड़िया,1
473413,1750121131,ai.elimu.filamu,,,,चिड़िया,1
473414,1750121155,ai.elimu.filamu,{'video_playback_position_ms': 59887},,,चिड़िया,1
473415,1750121199,ai.elimu.filamu,,,,चिड़िया,1
473416,1750121239,ai.elimu.filamu,{'video_playback_position_ms': 27563},,,चिड़िया,1
473417,1750121356,ai.elimu.filamu,,,,चिड़िया,1
473418,1750121384,ai.elimu.filamu,{'video_playback_position_ms': 17661},,,चिड़िया,1
473459,1750204951,ai.elimu.filamu,,,,चिड़िया,1
473460,1750205010,ai.elimu.filamu,{'video_playback_position_ms': 51419},,,चिड़िया,1
473461,1750205071,ai.elimu.filamu,,,,चिड़िया,1
473462,1750205119,ai.elimu.filamu,{'video_playback_position_ms': 30693},,,चिड़िया,1
473463,1750205155,ai.elimu.filamu,,,,चिड़िया,1
473464,1750205205,ai.elimu.filamu,{'video_playback_position_ms': 11675},,,चिड़िया,1
473465,1750205260,ai.elimu.filamu,,,,चिड़िया,1
473466,1750205264,ai.elimu.filamu,{'video_playback_position_ms': 45096},,,चिड़िया,1
473467,1750205333,ai.elimu.filamu,,,,चिड़िया,1
473468,1750205342,ai.elimu.filamu,{'video_playback_position_ms': 43280},,,चिड़िया,1
473469,1750205441,ai.elimu.filamu,,,,चिड़िया,1
473470,1750205480,ai.elimu.filamu,{'video_playback_position_ms': 51003},,,चिड़िया,1
473471,1750205551,ai.elimu.filamu,,,,चिड़िया,1
473472,1750205606,ai.elimu.filamu,{'video_playback_position_ms': 17389},,,चिड़िया,1
473473,1750205668,ai.elimu.filamu,,,,चिड़िया,1
473474,1750205700,ai.elimu.filamu,{'video_playback_position_ms': 7540},,,चिड़िया,1
473475,1750205800,ai.elimu.filamu,,,,चिड़िया,1
473476,1750205816,ai.elimu.filamu,{'video_playback_position_ms': 18225},,,चिड़िया,1
473477,1750205859,ai.elimu.filamu,,,,चिड़िया,1
473478,1750205895,ai.elimu.filamu,{'video_playback_position_ms': 6425},,,चिड़िया,1
473479,1750205966,ai.elimu.filamu,,,,चिड़िया,1
473480,1750205982,ai.elimu.filamu,{'video_playback_position_ms': 24579},,,चिड़िया,1
473481,1750206055,ai.elimu.filamu,,,,चिड़िया,1
473482,1750206074,ai.elimu.filamu,{'video_playback_position_ms': 22777},,,चिड़िया,1
473483,1750206157,ai.elimu.filamu,,,,चिड़िया,1
473484,1750206199,ai.elimu.filamu,{'video_playback_position_ms': 50037},,,चिड़िया,1
473485,1750206264,ai.elimu.filamu,,,,चिड़िया,1
473486,1750206304,ai.elimu.filamu,{'video_playback_position_ms': 24464},,,चिड़िया,1
473487,1750206352,ai.elimu.filamu,,,,चिड़िया,1
473488,1750206382,ai.elimu.filamu,{'video_playback_position_ms': 43897},,,चिड़िया,1
473493,1750290812,ai.elimu.filamu,,,,चिड़िया,1
473494,1750290827,ai.elimu.filamu,{'video_playback_position_ms': 47720},,,चिड़िया,1
473495,1750290899,ai.elimu.filamu,,,,चिड़िया,1
473496,1750290915,ai.elimu.filamu,{'video_playback_position_ms': 23403},,,चिड़िया,1
473497,1750290940,ai.elimu.filamu,,,,चिड़िया,1
473498,1750290967,ai.elimu.filamu,{'video_playback_position_ms': 28342},,,चिड़िया,1
473499,1750291001,ai.elimu.filamu,,,,चिड़िया,1
473500,1750291042,ai.elimu.filamu,{'video_playback_position_ms': 49382},,,चिड़िया,1
473501,1750291101,ai.elimu.filamu,,,,चिड़िया,1
473502,1750291132,ai.elimu.filamu,{'video_playback_position_ms': 26533},,,चिड़िया,1
473503,1750291234,ai.elimu.filamu,,,,चिड़िया,1
473504,1750291260,ai.elimu.filamu,{'video_playback_position_ms': 30286},,,चिड़िया,1
473505,1750291304,ai.elimu.filamu,,,,चिड़िया,1
473506,1750291314,ai.elimu.filamu,{'video_playback_position_ms': 36027},,,चिड़िया,1
473507,1750291336,ai.elimu.filamu,,,,चिड़िया,1
473508,1750291360,ai.elimu.filamu,{'video_playback_position_ms': 26492},,,चिड़िया,1
473509,1750291382,ai.elimu.filamu,,,,चिड़िया,1
473510,1750291417,ai.elimu.filamu,{'video_playback_position_ms': 49751},,,चिड़िया,1
473511,1750291488,ai.elimu.filamu,,,,चिड़िया,1
473512,1750291541,ai.elimu.filamu,{'video_playback_position_ms': 51530},,,चिड़िया,1
473513,1750291598,ai.elimu.filamu,,,,चिड़िया,1
473514,1750291624,ai.elimu.filamu,{'video_playback_position_ms': 38554},,,चिड़िया,1
473515,1750291736,ai.elimu.filamu,,,,चिड़िया,1
473516,1750291783,ai.elimu.filamu,{'video_playback_position_ms': 54366},,,चिड़िया,1
473517,1750291881,ai.elimu.filamu,,,,चिड़िया,1
473518,1750291888,ai.elimu.filamu,{'video_playback_position_ms': 14179},,,चिड़िया,1
473519,1750292000,ai.elimu.filamu,,,,चिड़िया,1
473520,1750292037,ai.elimu.filamu,{'video_playback_position_ms': 8436},,,चिड़िया,1
473521,1750292111,ai.elimu.filamu,,,,चिड़िया,1
473522,1750292167,ai.elimu.filamu,{'video_playback_position_ms': 1085},,,चिड़िया,1
473523,1750292187,ai.elimu.filamu,,,,चिड़िया,1
473524,1750292237,ai.elimu.filamu,{'video_playback_position_ms': 38162},,,चिड़िया,1
473525,1750292269,ai.elimu.filamu,,,,चिड़िया,1
473526,1750292328,ai.elimu.filamu,{'video_playback_position_ms': 47192},,,चिड़िया,1
473527,1750292356,ai.elimu.filamu,,,,चिड़िया,1
473528,1750292385,ai.elimu.filamu,{'video_playback_position_ms': 6898},,,चिड़िया,1
473533,1750376198,ai.elimu.filamu,,,,चिड़िया,1
473534,1750376254,ai.elimu.filamu,{'video_playback_position_ms': 4336},,,चिड़िया,1
473535,1750376370,ai.elimu.filamu,,,,चिड़िया,1
473536,1750376375,ai.elimu.filamu,{'video_playback_position_ms': 36042},,,चिड़िया,1
473537,1750376489,ai.elimu.filamu,,,,चिड़िया,1
473538,1750376542,ai.elimu.filamu,{'video_playback_position_ms': 48616},,,चिड़िया,1
473539,1750376557,ai.elimu.filamu,,,,चिड़िया,1
473540,1750376575,ai.elimu.filamu,{'video_playback_position_ms': 56026},,,चिड़िया,1
473541,1750376648,ai.elimu.filamu,,,,चिड़िया,1
473542,1750376656,ai.elimu.filamu,{'video_playback_position_ms': 40562},,,चिड़िया,1
473543,1750376771,ai.elimu.filamu,,,,चिड़िया,1
473544,1750376810,ai.elimu.filamu,{'video_playback_position_ms': 2453},,,चिड़िया,1
473545,1750376885,ai.elimu.filamu,,,,चिड़िया,1
473546,1750376907,ai.elimu.filamu,{'video_playback_position_ms': 33841},,,चिड़िया,1
473547,1750376939,ai.elimu.filamu,,,,चिड़िया,1
473548,1750376999,ai.elimu.filamu,{'video_playback_position_ms': 59497},,,चिड़िया,1
473549,1750377041,ai.elimu.filamu,,,,चिड़िया,1
473550,1750377044,ai.elimu.filamu,{'video_playback_position_ms': 57875},,,चिड़िया,1
473551,1750377070,ai.elimu.filamu,,,,चिड़िया,1
473552,1750377104,ai.elimu.filamu,{'video_playback_position_ms': 21992},,,चिड़िया,1
473553,1750377175,ai.elimu.filamu,,,,चिड़िया,1
473554,1750377189,ai.elimu.filamu,{'video_playback_position_ms': 31746},,,चिड़िया,1
473555,1750377232,ai.elimu.filamu,,,,चिड़िया,1
473556,1750377276,ai.elimu.filamu,{'video_playback_position_ms': 45348},,,चिड़िया,1
473557,1750377307,ai.elimu.filamu,,,,चिड़िया,1
473558,1750377313,ai.elimu.filamu,{'video_playback_position_ms': 45985},,,चिड़िया,1
473559,1750377391,ai.elimu.filamu,,,,चिड़िया,1
473560,1750377427,ai.elimu.filamu,{'video_playback_position_ms': 9115},,,चिड़िया,1
473561,1750377477,ai.elimu.filamu,,,,चिड़िया,1
473562,1750377504,ai.elimu.filamu,{'video_playback_position_ms': 23336},,,चिड़िया,1
473563,1750377577,ai.elimu.filamu,,,,चिड़िया,1
473564,1750377633,ai.elimu.filamu,{'video_playback_position_ms': 59378},,,चिड़िया,1
473639,1750549835,ai.elimu.filamu,,,,चिड़िया,1
473640,1750549886,ai.elimu.filamu,{'video_playback_position_ms': 17629},,,चिड़िया,1
473641,1750549944,ai.elimu.filamu,,,,चिड़िया,1
473642,1750549966,ai.elimu.filamu,{'video_playback_position_ms': 15221},,,चिड़िया,1
473643,1750550076,ai.elimu.filamu,,,,चिड़िया,1
473644,1750550086,ai.elimu.filamu,{'video_playback_position_ms': 39278},,,चिड़िया,1
473683,1750635873,ai.elimu.filamu,,,,चिड़िया,1
473684,1750635925,ai.elimu.filamu,{'video_playback_position_ms': 38155},,,चिड़िया,1
473685,1750635946,ai.elimu.filamu,,,,चिड़िया,1
473686,1750636002,ai.elimu.filamu,{'video_playback_position_ms': 6867},,,चिड़िया,1
473687,1750636099,ai.elimu.filamu,,,,चिड़िया,1
473688,1750636154,ai.elimu.filamu,{'video_playback_position_ms': 35510},,,चिड़िया,1
473689,1750636221,ai.elimu.filamu,,,,चिड़िया,1
473690,1750636227,ai.elimu.filamu,{'video_playback_position_ms': 53084},,,चिड़िया,1
473691,1750636288,ai.elimu.filamu,,,,चिड़िया,1
473692,1750636329,ai.elimu.filamu,{'video_playback_position_ms': 19215},,,चिड़िया,1
473693,1750636399,ai.elimu.filamu,,,,चिड़िया,1
473694,1750636448,ai.elimu.filamu,{'video_playback_position_ms': 4742},,,चिड़िया,1
473695,1750636486,ai.elimu.filamu,,,,चिड़िया,1
473696,1750636541,ai.elimu.filamu,{'video_playback_position_ms': 7824},,,चिड़िया,1
473697,1750636615,ai.elimu.filamu,,,,चिड़िया,1
473698,1750636651,ai.elimu.filamu,{'video_playback_position_ms': 38321},,,चिड़िया,1
473699,1750636684,ai.elimu.filamu,,,,चिड़िया,1
473700,1750636743,ai.elimu.filamu,{'video_playback_position_ms': 10826},,,चिड़िया,1
473701,1750636766,ai.elimu.filamu,,,,चिड़िया,1
473702,1750636803,ai.elimu.filamu,{'video_playback_position_ms': 35983},,,चिड़िया,1
473779,1750809279,ai.elimu.filamu,,,,चिड़िया,1
473780,1750809335,ai.elimu.filamu,{'video_playback_position_ms': 42099},,,चिड़िया,1
473781,1750809448,ai.elimu.filamu,,,,चिड़िया,1
473782,1750809502,ai.elimu.filamu,{'video_playback_position_ms': 30520},,,चिड़िया,1
473783,1750809603,ai.elimu.filamu,,,,चिड़िया,1
473784,1750809654,ai.elimu.filamu,{'video_playback_position_ms': 47953},,,चिड़िया,1
473785,1750809768,ai.elimu.filamu,,,,चिड़िया,1
473786,1750809781,ai.elimu.filamu,{'video_playback_position_ms': 48841},,,चिड़िया,1
473787,1750809876,ai.elimu.filamu,,,,चिड़िया,1
473788,1750809928,ai.elimu.filamu,{'video_playback_position_ms': 50203},,,चिड़िया,1
473789,1750809954,ai.elimu.filamu,,,,चिड़िया,1
473790,1750809994,ai.elimu.filamu,{'video_playback_position_ms': 34290},,,चिड़िया,1
473791,1750810073,ai.elimu.filamu,,,,चिड़िया,1
473792,1750810106,ai.elimu.filamu,{'video_playback_position_ms': 57647},,,चिड़िया,1
473793,1750810201,ai.elimu.filamu,,,,चिड़िया,1
473794,1750810227,ai.elimu.filamu,{'video_playback_position_ms': 54800},,,चिड़िया,1
473795,1750810268,ai.elimu.filamu,,,,चिड़िया,1
473796,1750810313,ai.elimu.filamu,{'video_playback_position_ms': 52248},,,चिड़िया,1
473797,1750810351,ai.elimu.filamu,,,,चिड़िया,1
473798,1750810367,ai.elimu.filamu,{'video_playback_position_ms': 34277},,,चिड़िया,1
473833,1750894778,ai.elimu.filamu,,,,चिड़िया,1
473834,1750894798,ai.elimu.filamu,{'video_playback_position_ms': 7147},,,चिड़िया,1
473835,1750894883,ai.elimu.filamu,,,,चिड़िया,1
473836,1750894924,ai.elimu.filamu,{'video_playback_position_ms': 11088},,,चिड़िया,1
473837,1750895019,ai.elimu.filamu,,,,चिड़िया,1
473838,1750895055,ai.elimu.filamu,{'video_playback_position_ms': 49516},,,चिड़िया,1
473839,1750895081,ai.elimu.filamu,,,,चिड़िया,1
473840,1750895085,ai.elimu.filamu,{'video_playback_position_ms': 12093},,,चिड़िया,1
473841,1750895129,ai.elimu.filamu,,,,चिड़िया,1
473842,1750895154,ai.elimu.filamu,{'video_playback_position_ms': 48805},,,चिड़िया,1
473843,1750895185,ai.elimu.filamu,,,,चिड़िया,1
473844,1750895208,ai.elimu.filamu,{'video_playback_position_ms': 25417},,,चिड़िया,1
473845,1750895223,ai.elimu.filamu,,,,चिड़िया,1
473846,1750895230,ai.elimu.filamu,{'video_playback_position_ms': 6571},,,चिड़िया,1
473847,1750895253,ai.elimu.filamu,,,,चिड़िया,1
473848,1750895279,ai.elimu.filamu,{'video_playback_position_ms': 49792},,,चिड़िया,1
473849,1750895379,ai.elimu.filamu,,,,चिड़िया,1
473850,1750895429,ai.elimu.filamu,{'video_playback_position_ms': 55681},,,चिड़िया,1
473851,1750895512,ai.elimu.filamu,,,,चिड़िया,1
473852,1750895531,ai.elimu.filamu,{'video_playback_position_ms': 32479},,,चिड़िया,1
473853,1750895556,ai.elimu.filamu,,,,चिड़िया,1
473854,1750895569,ai.elimu.filamu,{'video_playback_position_ms': 35921},,,चिड़िया,1
473855,1750895625,ai.elimu.filamu,,,,चिड़िया,1
473856,1750895680,ai.elimu.filamu,{'video_playback_position_ms': 44633},,,चिड़िया,1
473857,1750895772,ai.elimu.filamu,,,,चिड़िया,1
473858,1750895802,ai.elimu.filamu,{'video_playback_position_ms': 25522},,,चिड़िया,1
473859,1750895870,ai.elimu.filamu,,,,चिड़िया,1
473860,1750895928,ai.elimu.filamu,{'video_playback_position_ms': 31243},,,चिड़िया,1
473861,1750895961,ai.elimu.filamu,,,,चिड़िया,1
473862,1750896001,ai.elimu.filamu,{'video_playback_position_ms': 15484},,,चिड़िया,1
473863,1750896118,ai.elimu.filamu,,,,चिड़िया,1
473864,1750896156,ai.elimu.filamu,{'video_playback_position_ms': 2776},,,चिड़िया,1
473865,1750896176,ai.elimu.filamu,,,,चिड़िया,1
473866,1750896208,ai.elimu.filamu,{'video_playback_position_ms': 24239},,,चिड़िया,1
473867,1750896309,ai.elimu.filamu,,,,चिड़िया,1
473868,1750896337,ai.elimu.filamu,{'video_playback_position_ms': 53888},,,चिड़िया,1
473899,1751069084,ai.elimu.filamu,,,,चिड़िया,1
473900,1751069118,ai.elimu.filamu,{'video_playback_position_ms': 48936},,,चिड़िया,1
473901,1751069176,ai.elimu.filamu,,,,चिड़िया,1
473902,1751069226,ai.elimu.filamu,{'video_playback_position_ms': 23446},,,चिड़िया,1
474017,1751326997,ai.elimu.filamu,,,,चिड़िया,1
474018,1751327042,ai.elimu.filamu,{'video_playback_position_ms': 35955},,,चिड़िया,1
474067,1751500859,ai.elimu.filamu,,,,चिड़िया,1
474068,1751500905,ai.elimu.filamu,{'video_playback_position_ms': 11757},,,चिड़िया,1
474069,1751501019,ai.elimu.filamu,,,,चिड़िया,1
474070,1751501079,ai.elimu.filamu,{'video_playback_position_ms': 54118},,,चिड़िया,1
474071,1751501112,ai.elimu.filamu,,,,चिड़िया,1
474072,1751501167,ai.elimu.filamu,{'video_playback_position_ms': 57240},,,चिड़िया,1
474073,1751501282,ai.elimu.filamu,,,,चिड़िया,1
474074,1751501316,ai.elimu.filamu,{'video_playback_position_ms': 32430},,,चिड़िया,1
474075,1751501347,ai.elimu.filamu,,,,चिड़िया,1
474076,1751501407,ai.elimu.filamu,{'video_playback_position_ms': 59880},,,चिड़िया,1
474077,1751501471,ai.elimu.filamu,,,,चिड़िया,1
474078,1751501490,ai.elimu.filamu,{'video_playback_position_ms': 55977},,,चिड़िया,1
474079,1751501600,ai.elimu.filamu,,,,चिड़िया,1
474080,1751501646,ai.elimu.filamu,{'video_playback_position_ms': 7173},,,चिड़िया,1
474081,1751501733,ai.elimu.filamu,,,,चिड़िया,1
474082,1751501782,ai.elimu.filamu,{'video_playback_position_ms': 27010},,,चिड़िया,1
474083,1751501872,ai.elimu.filamu,,,,चिड़िया,1
474084,1751501924,ai.elimu.filamu,{'video_playback_position_ms': 58144},,,चिड़िया,1
474085,1751502006,ai.elimu.filamu,,,,चिड़िया,1
474086,1751502017,ai.elimu.filamu,{'video_playback_position_ms': 8561},,,चिड़िया,1
474087,1751502071,ai.elimu.filamu,,,,चिड़िया,1
474088,1751502077,ai.elimu.filamu,{'video_playback_position_ms': 40603},,,चिड़िया,1
474089,1751502180,ai.elimu.filamu,,,,चिड़िया,1
474090,1751502234,ai.elimu.filamu,{'video_playback_position_ms': 3265},,,चिड़िया,1
474091,1751502283,ai.elimu.filamu,,,,चिड़िया,1
474092,1751502299,ai.elimu.filamu,{'video_playback_position_ms': 36549},,,चिड़िया,1
474093,1751502370,ai.elimu.filamu,,,,चिड़िया,1
474094,1751502413,ai.elimu.filamu,{'video_playback_position_ms': 6003},,,चिड़िया,1
474127,1751588760,ai.elimu.filamu,,,,चिड़िया,1
474128,1751588776,ai.elimu.filamu,{'video_playback_position_ms': 45516},,,चिड़िया,1
474129,1751588825,ai.elimu.filamu,,,,चिड़िया,1
474130,1751588840,ai.elimu.filamu,{'video_playback_position_ms': 16231},,,चिड़िया,1
474131,1751588883,ai.elimu.filamu,,,,चिड़िया,1
474132,1751588887,ai.elimu.filamu,{'video_playback_position_ms': 6522},,,चिड़िया,1
474133,1751588996,ai.elimu.filamu,,,,चिड़िया,1
474134,1751589051,ai.elimu.filamu,{'video_playback_position_ms': 42278},,,चिड़िया,1
474135,1751589072,ai.elimu.filamu,,,,चिड़िया,1
474136,1751589120,ai.elimu.filamu,{'video_playback_position_ms': 49759},,,चिड़िया,1
474291,1751846070,ai.elimu.filamu,,,,चिड़िया,1
474292,1751846073,ai.elimu.filamu,{'video_playback_position_ms': 15782},,,चिड़िया,1
474293,1751846097,ai.elimu.filamu,,,,चिड़िया,1
474294,1751846127,ai.elimu.filamu,{'video_playback_position_ms': 47416},,,चिड़िया,1
474295,1751846173,ai.elimu.filamu,,,,चिड़िया,1
474296,1751846199,ai.elimu.filamu,{'video_playback_position_ms': 7996},,,चिड़िया,1
474297,1751846268,ai.elimu.filamu,,,,चिड़िया,1
474298,1751846284,ai.elimu.filamu,{'video_playback_position_ms': 52793},,,चिड़िया,1
474299,1751846302,ai.elimu.filamu,,,,चिड़िया,1
474300,1751846317,ai.elimu.filamu,{'video_playback_position_ms': 57113},,,चिड़िया,1
474301,1751846350,ai.elimu.filamu,,,,चिड़िया,1
474302,1751846372,ai.elimu.filamu,{'video_playback_position_ms': 45165},,,चिड़िया,1
474303,1751846449,ai.elimu.filamu,,,,चिड़िया,1
474304,1751846461,ai.elimu.filamu,{'video_playback_position_ms': 54786},,,चिड़िया,1
474305,1751846560,ai.elimu.filamu,,,,चिड़िया,1
474306,1751846612,ai.elimu.filamu,{'video_playback_position_ms': 38022},,,चिड़िया,1
474307,1751846683,ai.elimu.filamu,,,,चिड़िया,1
474308,1751846730,ai.elimu.filamu,{'video_playback_position_ms': 34880},,,चिड़िया,1
474309,1751846819,ai.elimu.filamu,,,,चिड़िया,1
474310,1751846823,ai.elimu.filamu,{'video_playback_position_ms': 27591},,,चिड़िया,1
474311,1751846939,ai.elimu.filamu,,,,चिड़िया,1
474312,1751846944,ai.elimu.filamu,{'video_playback_position_ms': 59047},,,चिड़िया,1
474313,1751846965,ai.elimu.filamu,,,,चिड़िया,1
474314,1751847004,ai.elimu.filamu,{'video_playback_position_ms': 23527},,,चिड़िया,1
474315,1751847064,ai.elimu.filamu,,,,चिड़िया,1
474316,1751847088,ai.elimu.filamu,{'video_playback_position_ms': 45322},,,चिड़िया,1
474317,1751847183,ai.elimu.filamu,,,,चिड़िया,1
474318,1751847242,ai.elimu.filamu,{'video_playback_position_ms': 28168},,,चिड़िया,1
474319,1751847357,ai.elimu.filamu,,,,चिड़िया,1
474320,1751847366,ai.elimu.filamu,{'video_playback_position_ms': 4048},,,चिड़िया,1
474383,1751937216,ai.elimu.filamu,,,,चिड़िया,1
474384,1751937242,ai.elimu.filamu,{'video_playback_position_ms': 57845},,,चिड़िया,1
474385,1751937307,ai.elimu.filamu,,,,चिड़िया,1
474386,1751937339,ai.elimu.filamu,{'video_playback_position_ms': 26985},,,चिड़िया,1
474387,1751937385,ai.elimu.filamu,,,,चिड़िया,1
474388,1751937440,ai.elimu.filamu,{'video_playback_position_ms': 3479},,,चिड़िया,1
474389,1751937537,ai.elimu.filamu,,,,चिड़िया,1
474390,1751937573,ai.elimu.filamu,{'video_playback_position_ms': 10127},,,चिड़िया,1
474391,1751937676,ai.elimu.filamu,,,,चिड़िया,1
474392,1751937682,ai.elimu.filamu,{'video_playback_position_ms': 52778},,,चिड़िया,1
474393,1751937784,ai.elimu.filamu,,,,चिड़िया,1
474394,1751937834,ai.elimu.filamu,{'video_playback_position_ms': 19547},,,चिड़िया,1
474395,1751937852,ai.elimu.filamu,,,,चिड़िया,1
474396,1751937907,ai.elimu.filamu,{'video_playback_position_ms': 46038},,,चिड़िया,1
474397,1751937966,ai.elimu.filamu,,,,चिड़िया,1
474398,1751937971,ai.elimu.filamu,{'video_playback_position_ms': 13070},,,चिड़िया,1
474399,1751937995,ai.elimu.filamu,,,,चिड़िया,1
474400,1751938035,ai.elimu.filamu,{'video_playback_position_ms': 51495},,,चिड़िया,1
474401,1751938142,ai.elimu.filamu,,,,चिड़िया,1
474402,1751938158,ai.elimu.filamu,{'video_playback_position_ms': 7981},,,चिड़िया,1
474403,1751938221,ai.elimu.filamu,,,,चिड़िया,1
474404,1751938266,ai.elimu.filamu,{'video_playback_position_ms': 20609},,,चिड़िया,1
474405,1751938371,ai.elimu.filamu,,,,चिड़िया,1
474406,1751938416,ai.elimu.filamu,{'video_playback_position_ms': 51303},,,चिड़िया,1
474407,1751938506,ai.elimu.filamu,,,,चिड़िया,1
474408,1751938562,ai.elimu.filamu,{'video_playback_position_ms': 4011},,,चिड़िया,1
474409,1751938636,ai.elimu.filamu,,,,चिड़िया,1
474410,1751938690,ai.elimu.filamu,{'video_playback_position_ms': 59992},,,चिड़िया,1
474411,1751938803,ai.elimu.filamu,,,,चिड़िया,1
474412,1751938823,ai.elimu.filamu,{'video_playback_position_ms': 34126},,,चिड़िया,1
474413,1751938880,ai.elimu.filamu,,,,चिड़िया,1
474414,1751938933,ai.elimu.filamu,{'video_playback_position_ms': 15205},,,चिड़िया,1
474415,1751939037,ai.elimu.filamu,,,,चिड़िया,1
474416,1751939070,ai.elimu.filamu,{'video_playback_position_ms': 50340},,,चिड़िया,1
474417,1751939123,ai.elimu.filamu,,,,चिड़िया,1
474418,1751939140,ai.elimu.filamu,{'video_playback_position_ms': 44360},,,चिड़िया,1
474419,1751939193,ai.elimu.filamu,,,,चिड़िया,1
474420,1751939220,ai.elimu.filamu,{'video_playback_position_ms': 23667},,,चिड़िया,1
474487,1752105624,ai.elimu.filamu,,,,चिड़िया,1
474488,1752105650,ai.elimu.filamu,{'video_playback_position_ms': 39423},,,चिड़िया,1
474529,1752191087,ai.elimu.filamu,,,,चिड़िया,1
474530,1752191141,ai.elimu.filamu,{'video_playback_position_ms': 18576},,,चिड़िया,1
474561,1752363596,ai.elimu.filamu,,,,चिड़िया,1
474562,1752363628,ai.elimu.filamu,{'video_playback_position_ms': 52970},,,चिड़िया,1
474563,1752363644,ai.elimu.filamu,,,,चिड़िया,1
474564,1752363677,ai.elimu.filamu,{'video_playback_position_ms': 47458},,,चिड़िया,1
474565,1752363763,ai.elimu.filamu,,,,चिड़िया,1
474566,1752363800,ai.elimu.filamu,{'video_playback_position_ms': 27782},,,चिड़िया,1
474567,1752363899,ai.elimu.filamu,,,,चिड़िया,1
474568,1752363918,ai.elimu.filamu,{'video_playback_position_ms': 23779},,,चिड़िया,1
474569,1752363984,ai.elimu.filamu,,,,चिड़िया,1
474570,1752364023,ai.elimu.filamu,{'video_playback_position_ms': 22495},,,चिड़िया,1
474571,1752364141,ai.elimu.filamu,,,,चिड़िया,1
474572,1752364175,ai.elimu.filamu,{'video_playback_position_ms': 18348},,,चिड़िया,1
474573,1752364209,ai.elimu.filamu,,,,चिड़िया,1
474574,1752364260,ai.elimu.filamu,{'video_playback_position_ms': 14963},,,चिड़िया,1
474575,1752364311,ai.elimu.filamu,,,,चिड़िया,1
474576,1752364326,ai.elimu.filamu,{'video_playback_position_ms': 51300},,,चिड़िया,1
474577,1752364382,ai.elimu.filamu,,,,चिड़िया,1
474578,1752364437,ai.elimu.filamu,{'video_playback_position_ms': 38506},,,चिड़िया,1
474579,1752364484,ai.elimu.filamu,,,,चिड़िया,1
474580,1752364539,ai.elimu.filamu,{'video_playback_position_ms': 11115},,,चिड़िया,1
474581,1752364567,ai.elimu.filamu,,,,चिड़िया,1
474582,1752364594,ai.elimu.filamu,{'video_playback_position_ms': 7876},,,चिड़िया,1
474583,1752364628,ai.elimu.filamu,,,,चिड़िया,1
474584,1752364652,ai.elimu.filamu,{'video_playback_position_ms': 41182},,,चिड़िया,1
474585,1752364721,ai.elimu.filamu,,,,चिड़िया,1
474586,1752364737,ai.elimu.filamu,{'video_playback_position_ms': 18561},,,चिड़िया,1
474587,1752364812,ai.elimu.filamu,,,,चिड़िया,1
474588,1752364863,ai.elimu.filamu,{'video_playback_position_ms': 39843},,,चिड़िया,1
474589,1752364902,ai.elimu.filamu,,,,चिड़िया,1
474590,1752364918,ai.elimu.filamu,{'video_playback_position_ms': 8293},,,चिड़िया,1
474591,1752365032,ai.elimu.filamu,,,,चिड़िया,1
474592,1752365068,ai.elimu.filamu,{'video_playback_position_ms': 21429},,,चिड़िया,1
474593,1752365162,ai.elimu.filamu,,,,चिड़िया,1
474594,1752365177,ai.elimu.filamu,{'video_playback_position_ms': 25704},,,चिड़िया,1
474595,1752365262,ai.elimu.filamu,,,,चिड़िया,1
474596,1752365271,ai.elimu.filamu,{'video_playback_position_ms': 13818},,,चिड़िया,1
474659,1752538640,ai.elimu.filamu,,,,चिड़िया,1
474660,1752538687,ai.elimu.filamu,{'video_playback_position_ms': 27010},,,चिड़िया,1
474661,1752538738,ai.elimu.filamu,,,,चिड़िया,1
474662,1752538741,ai.elimu.filamu,{'video_playback_position_ms': 54966},,,चिड़िया,1
474663,1752538823,ai.elimu.filamu,,,,चिड़िया,1
474664,1752538839,ai.elimu.filamu,{'video_playback_position_ms': 26846},,,चिड़िया,1
474747,1752796722,ai.elimu.filamu,,,,चिड़िया,1
474748,1752796729,ai.elimu.filamu,{'video_playback_position_ms': 59651},,,चिड़िया,1
474749,1752796753,ai.elimu.filamu,,,,चिड़िया,1
474750,1752796760,ai.elimu.filamu,{'video_playback_position_ms': 53786},,,चिड़िया,1
474751,1752796784,ai.elimu.filamu,,,,चिड़िया,1
474752,1752796840,ai.elimu.filamu,{'video_playback_position_ms': 55578},,,चिड़िया,1
474753,1752796869,ai.elimu.filamu,,,,चिड़िया,1
474754,1752796882,ai.elimu.filamu,{'video_playback_position_ms': 26771},,,चिड़िया,1
474755,1752796982,ai.elimu.filamu,,,,चिड़िया,1
474756,1752797002,ai.elimu.filamu,{'video_playback_position_ms': 52546},,,चिड़िया,1
474757,1752797073,ai.elimu.filamu,,,,चिड़िया,1
474758,1752797094,ai.elimu.filamu,{'video_playback_position_ms': 18977},,,चिड़िया,1
474759,1752797212,ai.elimu.filamu,,,,चिड़िया,1
474760,1752797226,ai.elimu.filamu,{'video_playback_position_ms': 33822},,,चिड़िया,1
474761,1752797286,ai.elimu.filamu,,,,चिड़िया,1
474762,1752797311,ai.elimu.filamu,{'video_playback_position_ms': 6452},,,चिड़िया,1
474763,1752797429,ai.elimu.filamu,,,,चिड़िया,1
474764,1752797485,ai.elimu.filamu,{'video_playback_position_ms': 56827},,,चिड़िया,1
474765,1752797596,ai.elimu.filamu,,,,चिड़िया,1
474766,1752797618,ai.elimu.filamu,{'video_playback_position_ms': 57791},,,चिड़िया,1
474767,1752797637,ai.elimu.filamu,,,,चिड़िया,1
474768,1752797686,ai.elimu.filamu,{'video_playback_position_ms': 1554},,,चिड़िया,1
474769,1752797747,ai.elimu.filamu,,,,चिड़िया,1
474770,1752797801,ai.elimu.filamu,{'video_playback_position_ms': 51537},,,चिड़िया,1
474771,1752797848,ai.elimu.filamu,,,,चिड़िया,1
474772,1752797877,ai.elimu.filamu,{'video_playback_position_ms': 3076},,,चिड़िया,1
474773,1752797943,ai.elimu.filamu,,,,चिड़िया,1
474774,1752797978,ai.elimu.filamu,{'video_playback_position_ms': 57036},,,चिड़िया,1
474775,1752798067,ai.elimu.filamu,,,,चिड़िया,1
474776,1752798091,ai.elimu.filamu,{'video_playback_position_ms': 31398},,,चिड़िया,1
474777,1752798164,ai.elimu.filamu,,,,चिड़िया,1
474778,1752798199,ai.elimu.filamu,{'video_playback_position_ms': 48186},,,चिड़िया,1
474779,1752882294,ai.elimu.filamu,,,,चिड़िया,1
474780,1752882326,ai.elimu.filamu,{'video_playback_position_ms': 30735},,,चिड़िया,1
474785,1752968987,ai.elimu.filamu,,,,चिड़िया,1
474786,1752969011,ai.elimu.filamu,{'video_playback_position_ms': 9739},,,चिड़िया,1
474801,1753057615,ai.elimu.filamu,,,,चिड़िया,1
474802,1753057664,ai.elimu.filamu,{'video_playback_position_ms': 34526},,,चिड़िया,1
474803,1753057729,ai.elimu.filamu,,,,चिड़िया,1
474804,1753057739,ai.elimu.filamu,{'video_playback_position_ms': 35980},,,चिड़िया,1
474805,1753057833,ai.elimu.filamu,,,,चिड़िया,1
474806,1753057862,ai.elimu.filamu,{'video_playback_position_ms': 42955},,,चिड़िया,1
474807,1753057965,ai.elimu.filamu,,,,चिड़िया,1
474808,1753057992,ai.elimu.filamu,{'video_playback_position_ms': 43779},,,चिड़िया,1
474853,1753141222,ai.elimu.filamu,,,,चिड़िया,1
474854,1753141256,ai.elimu.filamu,{'video_playback_position_ms': 33547},,,चिड़िया,1
474855,1753141374,ai.elimu.filamu,,,,चिड़िया,1
474856,1753141406,ai.elimu.filamu,{'video_playback_position_ms': 2000},,,चिड़िया,1
474857,1753141515,ai.elimu.filamu,,,,चिड़िया,1
474858,1753141550,ai.elimu.filamu,{'video_playback_position_ms': 15813},,,चिड़िया,1
474859,1753141590,ai.elimu.filamu,,,,चिड़िया,1
474860,1753141600,ai.elimu.filamu,{'video_playback_position_ms': 33047},,,चिड़िया,1
474861,1753141619,ai.elimu.filamu,,,,चिड़िया,1
474862,1753141651,ai.elimu.filamu,{'video_playback_position_ms': 46740},,,चिड़िया,1
474863,1753141682,ai.elimu.filamu,,,,चिड़िया,1
474864,1753141699,ai.elimu.filamu,{'video_playback_position_ms': 57259},,,चिड़िया,1
474865,1753141725,ai.elimu.filamu,,,,चिड़िया,1
474866,1753141756,ai.elimu.filamu,{'video_playback_position_ms': 44141},,,चिड़िया,1
474867,1753141791,ai.elimu.filamu,,,,चिड़िया,1
474868,1753141807,ai.elimu.filamu,{'video_playback_position_ms': 14343},,,चिड़िया,1
474869,1753141880,ai.elimu.filamu,,,,चिड़िया,1
474870,1753141894,ai.elimu.filamu,{'video_playback_position_ms': 27509},,,चिड़िया,1
474871,1753141959,ai.elimu.filamu,,,,चिड़िया,1
474872,1753142017,ai.elimu.filamu,{'video_playback_position_ms': 53807},,,चिड़िया,1
474873,1753142055,ai.elimu.filamu,,,,चिड़िया,1
474874,1753142058,ai.elimu.filamu,{'video_playback_position_ms': 23231},,,चिड़िया,1
474875,1753142141,ai.elimu.filamu,,,,चिड़िया,1
474876,1753142199,ai.elimu.filamu,{'video_playback_position_ms': 42765},,,चिड़िया,1
474877,1753142246,ai.elimu.filamu,,,,चिड़िया,1
474878,1753142266,ai.elimu.filamu,{'video_playback_position_ms': 44357},,,चिड़िया,1
474879,1753142301,ai.elimu.filamu,,,,चिड़िया,1
474880,1753142304,ai.elimu.filamu,{'video_playback_position_ms': 55926},,,चिड़िया,1
474881,1753142383,ai.elimu.filamu,,,,चिड़िया,1
474882,1753142390,ai.elimu.filamu,{'video_playback_position_ms': 24480},,,चिड़िया,1
474883,1753142429,ai.elimu.filamu,,,,चिड़िया,1
474884,1753142450,ai.elimu.filamu,{'video_playback_position_ms': 43334},,,चिड़िया,1
474937,1753313449,ai.elimu.filamu,,,,चिड़िया,1
474938,1753313451,ai.elimu.filamu,{'video_playback_position_ms': 50928},,,चिड़िया,1
474939,1753313479,ai.elimu.filamu,,,,चिड़िया,1
474940,1753313520,ai.elimu.filamu,{'video_playback_position_ms': 11205},,,चिड़िया,1
474941,1753313572,ai.elimu.filamu,,,,चिड़िया,1
474942,1753313620,ai.elimu.filamu,{'video_playback_position_ms': 4516},,,चिड़िया,1
474943,1753313641,ai.elimu.filamu,,,,चिड़िया,1
474944,1753313688,ai.elimu.filamu,{'video_playback_position_ms': 18950},,,चिड़िया,1
474945,1753313787,ai.elimu.filamu,,,,चिड़िया,1
474946,1753313806,ai.elimu.filamu,{'video_playback_position_ms': 3352},,,चिड़िया,1
475019,1753660317,ai.elimu.filamu,,,,चिड़िया,1
475020,1753660354,ai.elimu.filamu,{'video_playback_position_ms': 6522},,,चिड़िया,1
475021,1753660473,ai.elimu.filamu,,,,चिड़िया,1
475022,1753660494,ai.elimu.filamu,{'video_playback_position_ms': 45784},,,चिड़िया,1
475023,1753660561,ai.elimu.filamu,,,,चिड़िया,1
475024,1753660573,ai.elimu.filamu,{'video_playback_position_ms': 5038},,,चिड़िया,1
475025,1753660656,ai.elimu.filamu,,,,चिड़िया,1
475026,1753660699,ai.elimu.filamu,{'video_playback_position_ms': 55469},,,चिड़िया,1
475027,1753660748,ai.elimu.filamu,,,,चिड़िया,1
475028,1753660776,ai.elimu.filamu,{'video_playback_position_ms': 23997},,,चिड़िया,1
475029,1753660800,ai.elimu.filamu,,,,चिड़िया,1
475030,1753660819,ai.elimu.filamu,{'video_playback_position_ms': 24498},,,चिड़िया,1
475031,1753660878,ai.elimu.filamu,,,,चिड़िया,1
475032,1753660885,ai.elimu.filamu,{'video_playback_position_ms': 12574},,,चिड़िया,1
475033,1753660980,ai.elimu.filamu,,,,चिड़िया,1
475034,1753660991,ai.elimu.filamu,{'video_playback_position_ms': 40377},,,चिड़िया,1
475035,1753661034,ai.elimu.filamu,,,,चिड़िया,1
475036,1753661063,ai.elimu.filamu,{'video_playback_position_ms': 47408},,,चिड़िया,1
475037,1753661098,ai.elimu.filamu,,,,चिड़िया,1
475038,1753661119,ai.elimu.filamu,{'video_playback_position_ms': 5236},,,चिड़िया,1
475039,1753661192,ai.elimu.filamu,,,,चिड़िया,1
475040,1753661229,ai.elimu.filamu,{'video_playback_position_ms': 25446},,,चिड़िया,1
475055,1753746727,ai.elimu.filamu,,,,चिड़िया,1
475056,1753746781,ai.elimu.filamu,{'video_playback_position_ms': 34653},,,चिड़िया,1
475057,1753746825,ai.elimu.filamu,,,,चिड़िया,1
475058,1753746853,ai.elimu.filamu,{'video_playback_position_ms': 35169},,,चिड़िया,1
475059,1753746971,ai.elimu.filamu,,,,चिड़िया,1
475060,1753747005,ai.elimu.filamu,{'video_playback_position_ms': 24664},,,चिड़िया,1
475061,1753747030,ai.elimu.filamu,,,,चिड़िया,1
475062,1753747086,ai.elimu.filamu,{'video_playback_position_ms': 29860},,,चिड़िया,1
475063,1753747142,ai.elimu.filamu,,,,चिड़िया,1
475064,1753747148,ai.elimu.filamu,{'video_playback_position_ms': 31525},,,चिड़िया,1
475065,1753747167,ai.elimu.filamu,,,,चिड़िया,1
475066,1753747183,ai.elimu.filamu,{'video_playback_position_ms': 12222},,,चिड़िया,1
475067,1753747211,ai.elimu.filamu,,,,चिड़िया,1
475068,1753747231,ai.elimu.filamu,{'video_playback_position_ms': 16012},,,चिड़िया,1
475069,1753747304,ai.elimu.filamu,,,,चिड़िया,1
475070,1753747308,ai.elimu.filamu,{'video_playback_position_ms': 52219},,,चिड़िया,1
475071,1753747334,ai.elimu.filamu,,,,चिड़िया,1
475072,1753747340,ai.elimu.filamu,{'video_playback_position_ms': 39014},,,चिड़िया,1
475073,1753747419,ai.elimu.filamu,,,,चिड़िया,1
475074,1753747470,ai.elimu.filamu,{'video_playback_position_ms': 39809},,,चिड़िया,1
475075,1753747513,ai.elimu.filamu,,,,चिड़िया,1
475076,1753747529,ai.elimu.filamu,{'video_playback_position_ms': 9230},,,चिड़िया,1
475077,1753747545,ai.elimu.filamu,,,,चिड़िया,1
475078,1753747574,ai.elimu.filamu,{'video_playback_position_ms': 51002},,,चिड़िया,1
475079,1753747648,ai.elimu.filamu,,,,चिड़िया,1
475080,1753747661,ai.elimu.filamu,{'video_playback_position_ms': 44231},,,चिड़िया,1
475081,1753747711,ai.elimu.filamu,,,,चिड़िया,1
475082,1753747755,ai.elimu.filamu,{'video_playback_position_ms': 43431},,,चिड़िया,1
475083,1753747848,ai.elimu.filamu,,,,चिड़िया,1
475084,1753747851,ai.elimu.filamu,{'video_playback_position_ms': 30770},,,चिड़िया,1
475085,1753747894,ai.elimu.filamu,,,,चिड़िया,1
475086,1753747929,ai.elimu.filamu,{'video_playback_position_ms': 37932},,,चिड़िया,1
475133,1753834114,ai.elimu.filamu,,,,चिड़िया,1
475134,1753834118,ai.elimu.filamu,{'video_playback_position_ms': 51461},,,चिड़िया,1
475135,1753834204,ai.elimu.filamu,,,,चिड़िया,1
475136,1753834262,ai.elimu.filamu,{'video_playback_position_ms': 38035},,,चिड़िया,1
475137,1753834289,ai.elimu.filamu,,,,चिड़िया,1
475138,1753834298,ai.elimu.filamu,{'video_playback_position_ms': 46658},,,चिड़िया,1
475139,1753834384,ai.elimu.filamu,,,,चिड़िया,1
475140,1753834394,ai.elimu.filamu,{'video_playback_position_ms': 14968},,,चिड़िया,1
475141,1753834460,ai.elimu.filamu,,,,चिड़िया,1
475142,1753834475,ai.elimu.filamu,{'video_playback_position_ms': 56062},,,चिड़िया,1
475143,1753834579,ai.elimu.filamu,,,,चिड़िया,1
475144,1753834628,ai.elimu.filamu,{'video_playback_position_ms': 3603},,,चिड़िया,1
475145,1753834649,ai.elimu.filamu,,,,चिड़िया,1
475146,1753834684,ai.elimu.filamu,{'video_playback_position_ms': 33698},,,चिड़िया,1
475147,1753834740,ai.elimu.filamu,,,,चिड़िया,1
475148,1753834770,ai.elimu.filamu,{'video_playback_position_ms': 51664},,,चिड़िया,1
475187,1753919590,ai.elimu.filamu,,,,चिड़िया,1
475188,1753919597,ai.elimu.filamu,{'video_playback_position_ms': 42073},,,चिड़िया,1
475189,1753919631,ai.elimu.filamu,,,,चिड़िया,1
475190,1753919680,ai.elimu.filamu,{'video_playback_position_ms': 19914},,,चिड़िया,1
475191,1753919774,ai.elimu.filamu,,,,चिड़िया,1
475192,1753919789,ai.elimu.filamu,{'video_playback_position_ms': 36476},,,चिड़िया,1
475193,1753919814,ai.elimu.filamu,,,,चिड़िया,1
475194,1753919841,ai.elimu.filamu,{'video_playback_position_ms': 44254},,,चिड़िया,1
475195,1753919901,ai.elimu.filamu,,,,चिड़िया,1
475196,1753919945,ai.elimu.filamu,{'video_playback_position_ms': 54897},,,चिड़िया,1
475197,1753919971,ai.elimu.filamu,,,,चिड़िया,1
475198,1753919991,ai.elimu.filamu,{'video_playback_position_ms': 58334},,,चिड़िया,1
475199,1753920007,ai.elimu.filamu,,,,चिड़िया,1
475200,1753920050,ai.elimu.filamu,{'video_playback_position_ms': 42937},,,चिड़िया,1
475201,1753920103,ai.elimu.filamu,,,,चिड़िया,1
475202,1753920149,ai.elimu.filamu,{'video_playback_position_ms': 43929},,,चिड़िया,1
475203,1753920267,ai.elimu.filamu,,,,चिड़िया,1
475204,1753920325,ai.elimu.filamu,{'video_playback_position_ms': 41550},,,चिड़िया,1
475253,1754005833,ai.elimu.filamu,,,,चिड़िया,1
475254,1754005868,ai.elimu.filamu,{'video_playback_position_ms': 55980},,,चिड़िया,1
475255,1754005888,ai.elimu.filamu,,,,चिड़िया,1
475256,1754005948,ai.elimu.filamu,{'video_playback_position_ms': 44980},,,चिड़िया,1
475257,1754006030,ai.elimu.filamu,,,,चिड़िया,1
475258,1754006063,ai.elimu.filamu,{'video_playback_position_ms': 54947},,,चिड़िया,1
475259,1754006138,ai.elimu.filamu,,,,चिड़िया,1
475260,1754006174,ai.elimu.filamu,{'video_playback_position_ms': 12639},,,चिड़िया,1
475261,1754006220,ai.elimu.filamu,,,,चिड़िया,1
475262,1754006275,ai.elimu.filamu,{'video_playback_position_ms': 33839},,,चिड़िया,1
475263,1754006341,ai.elimu.filamu,,,,चिड़िया,1
475264,1754006376,ai.elimu.filamu,{'video_playback_position_ms': 17933},,,चिड़िया,1
475265,1754006396,ai.elimu.filamu,,,,चिड़िया,1
475266,1754006408,ai.elimu.filamu,{'video_playback_position_ms': 2299},,,चिड़िया,1
475267,1754006526,ai.elimu.filamu,,,,चिड़िया,1
475268,1754006561,ai.elimu.filamu,{'video_playback_position_ms': 28599},,,चिड़िया,1
475269,1754006643,ai.elimu.filamu,,,,चिड़िया,1
475270,1754006649,ai.elimu.filamu,{'video_playback_position_ms': 54779},,,चिड़िया,1
475271,1754006697,ai.elimu.filamu,,,,चिड़िया,1
475272,1754006745,ai.elimu.filamu,{'video_playback_position_ms': 25868},,,चिड़िया,1
475273,1754006789,ai.elimu.filamu,,,,चिड़िया,1
475274,1754006808,ai.elimu.filamu,{'video_playback_position_ms': 45763},,,चिड़िया,1
475275,1754006884,ai.elimu.filamu,,,,चिड़िया,1
475276,1754006937,ai.elimu.filamu,{'video_playback_position_ms': 17612},,,चिड़िया,1
475277,1754006965,ai.elimu.filamu,,,,चिड़िया,1
475278,1754007017,ai.elimu.filamu,{'video_playback_position_ms': 46320},,,चिड़िया,1
475279,1754007074,ai.elimu.filamu,,,,चिड़िया,1
475280,1754007127,ai.elimu.filamu,{'video_playback_position_ms': 24127},,,चिड़िया,1
475281,1754007189,ai.elimu.filamu,,,,चिड़िया,1
475282,1754007204,ai.elimu.filamu,{'video_playback_position_ms': 6161},,,चिड़िया,1
475283,1754007237,ai.elimu.filamu,,,,चिड़िया,1
475284,1754007292,ai.elimu.filamu,{'video_playback_position_ms': 35806},,,चिड़िया,1
475285,1754007352,ai.elimu.filamu,,,,चिड़िया,1
475286,1754007398,ai.elimu.filamu,{'video_playback_position_ms': 55886},,,चिड़िया,1
475321,1754179455,ai.elimu.filamu,,,,चिड़िया,1
475322,1754179493,ai.elimu.filamu,{'video_playback_position_ms': 38827},,,चिड़िया,1
475323,1754179578,ai.elimu.filamu,,,,चिड़िया,1
475324,1754179602,ai.elimu.filamu,{'video_playback_position_ms': 51320},,,चिड़िया,1
475325,1754179646,ai.elimu.filamu,,,,चिड़िया,1
475326,1754179693,ai.elimu.filamu,{'video_playback_position_ms': 51278},,,चिड़िया,1
475327,1754179717,ai.elimu.filamu,,,,चिड़िया,1
475328,1754179741,ai.elimu.filamu,{'video_playback_position_ms': 54044},,,चिड़िया,1
475329,1754179846,ai.elimu.filamu,,,,चिड़िया,1
475330,1754179898,ai.elimu.filamu,{'video_playback_position_ms': 12928},,,चिड़िया,1
475331,1754179976,ai.elimu.filamu,,,,चिड़िया,1
475332,1754180034,ai.elimu.filamu,{'video_playback_position_ms': 54403},,,चिड़िया,1
475365,1754266142,ai.elimu.filamu,,,,चिड़िया,1
475366,1754266170,ai.elimu.filamu,{'video_playback_position_ms': 59064},,,चिड़िया,1
475367,1754266189,ai.elimu.filamu,,,,चिड़िया,1
475368,1754266196,ai.elimu.filamu,{'video_playback_position_ms': 40327},,,चिड़िया,1
475369,1754266250,ai.elimu.filamu,,,,चिड़िया,1
475370,1754266263,ai.elimu.filamu,{'video_playback_position_ms': 44313},,,चिड़िया,1
475371,1754266334,ai.elimu.filamu,,,,चिड़िया,1
475372,1754266388,ai.elimu.filamu,{'video_playback_position_ms': 4964},,,चिड़िया,1
475373,1754266468,ai.elimu.filamu,,,,चिड़िया,1
475374,1754266516,ai.elimu.filamu,{'video_playback_position_ms': 44071},,,चिड़िया,1
475375,1754266589,ai.elimu.filamu,,,,चिड़िया,1
475376,1754266642,ai.elimu.filamu,{'video_playback_position_ms': 53970},,,चिड़िया,1
475377,1754266716,ai.elimu.filamu,,,,चिड़िया,1
475378,1754266733,ai.elimu.filamu,{'video_playback_position_ms': 14305},,,चिड़िया,1
475379,1754266802,ai.elimu.filamu,,,,चिड़िया,1
475380,1754266847,ai.elimu.filamu,{'video_playback_position_ms': 17110},,,चिड़िया,1
475381,1754266866,ai.elimu.filamu,,,,चिड़िया,1
475382,1754266884,ai.elimu.filamu,{'video_playback_position_ms': 8072},,,चिड़िया,1
475383,1754266925,ai.elimu.filamu,,,,चिड़िया,1
475384,1754266961,ai.elimu.filamu,{'video_playback_position_ms': 6988},,,चिड़िया,1
475385,1754267030,ai.elimu.filamu,,,,चिड़िया,1
475386,1754267085,ai.elimu.filamu,{'video_playback_position_ms': 38686},,,चिड़िया,1
475387,1754267173,ai.elimu.filamu,,,,चिड़िया,1
475388,1754267182,ai.elimu.filamu,{'video_playback_position_ms': 21221},,,चिड़िया,1
475389,1754267300,ai.elimu.filamu,,,,चिड़िया,1
475390,1754267350,ai.elimu.filamu,{'video_playback_position_ms': 48605},,,चिड़िया,1
475391,1754267444,ai.elimu.filamu,,,,चिड़िया,1
475392,1754267479,ai.elimu.filamu,{'video_playback_position_ms': 38803},,,चिड़िया,1
475393,1754267596,ai.elimu.filamu,,,,चिड़िया,1
475394,1754267613,ai.elimu.filamu,{'video_playback_position_ms': 59957},,,चिड़िया,1
475395,1754267658,ai.elimu.filamu,,,,चिड़िया,1
475396,1754267693,ai.elimu.filamu,{'video_playback_position_ms': 20575},,,चिड़िया,1
475397,1754267761,ai.elimu.filamu,,,,चिड़िया,1
475398,1754267791,ai.elimu.filamu,{'video_playback_position_ms': 9498},,,चिड़िया,1
475399,1754267826,ai.elimu.filamu,,,,चिड़िया,1
475400,1754267835,ai.elimu.filamu,{'video_playback_position_ms': 21867},,,चिड़िया,1
475401,1754267913,ai.elimu.filamu,,,,चिड़िया,1
475402,1754267941,ai.elimu.filamu,{'video_playback_position_ms': 48805},,,चिड़िया,1
475445,1754439232,ai.elimu.filamu,,,,चिड़िया,1
475446,1754439278,ai.elimu.filamu,{'video_playback_position_ms': 53628},,,चिड़िया,1
475447,1754439367,ai.elimu.filamu,,,,चिड़िया,1
475448,1754439412,ai.elimu.filamu,{'video_playback_position_ms': 25839},,,चिड़िया,1
475449,1754439471,ai.elimu.filamu,,,,चिड़िया,1
475450,1754439491,ai.elimu.filamu,{'video_playback_position_ms': 13311},,,चिड़िया,1
475451,1754439590,ai.elimu.filamu,,,,चिड़िया,1
475452,1754439633,ai.elimu.filamu,{'video_playback_position_ms': 12274},,,चिड़िया,1
475453,1754439664,ai.elimu.filamu,,,,चिड़िया,1
475454,1754439716,ai.elimu.filamu,{'video_playback_position_ms': 51172},,,चिड़िया,1
475455,1754439807,ai.elimu.filamu,,,,चिड़िया,1
475456,1754439854,ai.elimu.filamu,{'video_playback_position_ms': 4731},,,चिड़िया,1
475457,1754439922,ai.elimu.filamu,,,,चिड़िया,1
475458,1754439967,ai.elimu.filamu,{'video_playback_position_ms': 10928},,,चिड़िया,1
475459,1754440085,ai.elimu.filamu,,,,चिड़िया,1
475460,1754440141,ai.elimu.filamu,{'video_playback_position_ms': 30945},,,चिड़िया,1
475461,1754440177,ai.elimu.filamu,,,,चिड़िया,1
475462,1754440237,ai.elimu.filamu,{'video_playback_position_ms': 25348},,,चिड़िया,1
475463,1754440284,ai.elimu.filamu,,,,चिड़िया,1
475464,1754440340,ai.elimu.filamu,{'video_playback_position_ms': 9768},,,चिड़िया,1
475465,1754440408,ai.elimu.filamu,,,,चिड़िया,1
475466,1754440417,ai.elimu.filamu,{'video_playback_position_ms': 56521},,,चिड़िया,1
475519,1754523985,ai.elimu.filamu,,,,चिड़िया,1
475520,1754524029,ai.elimu.filamu,{'video_playback_position_ms': 9514},,,चिड़िया,1
475521,1754524098,ai.elimu.filamu,,,,चिड़िया,1
475522,1754524125,ai.elimu.filamu,{'video_playback_position_ms': 29189},,,चिड़िया,1
475525,1754610715,ai.elimu.filamu,,,,चिड़िया,1
475526,1754610752,ai.elimu.filamu,{'video_playback_position_ms': 57952},,,चिड़िया,1
475527,1754610869,ai.elimu.filamu,,,,चिड़िया,1
475528,1754610915,ai.elimu.filamu,{'video_playback_position_ms': 42142},,,चिड़िया,1
475529,1754611015,ai.elimu.filamu,,,,चिड़िया,1
475530,1754611056,ai.elimu.filamu,{'video_playback_position_ms': 26471},,,चिड़िया,1
475531,1754611122,ai.elimu.filamu,,,,चिड़िया,1
475532,1754611133,ai.elimu.filamu,{'video_playback_position_ms': 45634},,,चिड़िया,1
475533,1754611160,ai.elimu.filamu,,,,चिड़िया,1
475534,1754611173,ai.elimu.filamu,{'video_playback_position_ms': 19361},,,चिड़िया,1
475535,1754611250,ai.elimu.filamu,,,,चिड़िया,1
475536,1754611300,ai.elimu.filamu,{'video_playback_position_ms': 51618},,,चिड़िया,1
475537,1754611365,ai.elimu.filamu,,,,चिड़िया,1
475538,1754611423,ai.elimu.filamu,{'video_playback_position_ms': 2012},,,चिड़िया,1
475539,1754611502,ai.elimu.filamu,,,,चिड़िया,1
475540,1754611535,ai.elimu.filamu,{'video_playback_position_ms': 6091},,,चिड़िया,1
475541,1754611639,ai.elimu.filamu,,,,चिड़िया,1
475542,1754611654,ai.elimu.filamu,{'video_playback_position_ms': 5532},,,चिड़िया,1
475543,1754611695,ai.elimu.filamu,,,,चिड़िया,1
475544,1754611753,ai.elimu.filamu,{'video_playback_position_ms': 25095},,,चिड़िया,1
475545,1754611809,ai.elimu.filamu,,,,चिड़िया,1
475546,1754611821,ai.elimu.filamu,{'video_playback_position_ms': 41919},,,चिड़िया,1
475547,1754611859,ai.elimu.filamu,,,,चिड़िया,1
475548,1754611890,ai.elimu.filamu,{'video_playback_position_ms': 11258},,,चिड़िया,1
475549,1754611930,ai.elimu.filamu,,,,चिड़िया,1
475550,1754611938,ai.elimu.filamu,{'video_playback_position_ms': 31308},,,चिड़िया,1
475551,1754612034,ai.elimu.filamu,,,,चिड़िया,1
475552,1754612046,ai.elimu.filamu,{'video_playback_position_ms': 1813},,,चिड़िया,1
475585,1754699851,ai.elimu.filamu,,,,चिड़िया,1
475586,1754699884,ai.elimu.filamu,{'video_playback_position_ms': 9913},,,चिड़िया,1
475587,1754699964,ai.elimu.filamu,,,,चिड़िया,1
475588,1754700010,ai.elimu.filamu,{'video_playback_position_ms': 10343},,,चिड़िया,1
475617,1754786244,ai.elimu.filamu,,,,चिड़िया,1
475618,1754786268,ai.elimu.filamu,{'video_playback_position_ms': 11695},,,चिड़िया,1
475619,1754786307,ai.elimu.filamu,,,,चिड़िया,1
475620,1754786353,ai.elimu.filamu,{'video_playback_position_ms': 14272},,,चिड़िया,1
475621,1754786444,ai.elimu.filamu,,,,चिड़िया,1
475622,1754786469,ai.elimu.filamu,{'video_playback_position_ms': 55723},,,चिड़िया,1
475623,1754786521,ai.elimu.filamu,,,,चिड़िया,1
475624,1754786566,ai.elimu.filamu,{'video_playback_position_ms': 6955},,,चिड़िया,1
475625,1754786656,ai.elimu.filamu,,,,चिड़िया,1
475626,1754786670,ai.elimu.filamu,{'video_playback_position_ms': 52833},,,चिड़िया,1
475627,1754786730,ai.elimu.filamu,,,,चिड़िया,1
475628,1754786767,ai.elimu.filamu,{'video_playback_position_ms': 22657},,,चिड़िया,1
475629,1754786821,ai.elimu.filamu,,,,चिड़िया,1
475630,1754786841,ai.elimu.filamu,{'video_playback_position_ms': 30857},,,चिड़िया,1
475631,1754786958,ai.elimu.filamu,,,,चिड़िया,1
475632,1754786999,ai.elimu.filamu,{'video_playback_position_ms': 1400},,,चिड़िया,1
475633,1754787050,ai.elimu.filamu,,,,चिड़िया,1
475634,1754787105,ai.elimu.filamu,{'video_playback_position_ms': 29554},,,चिड़िया,1
475635,1754787200,ai.elimu.filamu,,,,चिड़िया,1
475636,1754787224,ai.elimu.filamu,{'video_playback_position_ms': 36100},,,चिड़िया,1
475637,1754787246,ai.elimu.filamu,,,,चिड़िया,1
475638,1754787290,ai.elimu.filamu,{'video_playback_position_ms': 32835},,,चिड़िया,1
475677,1754957591,ai.elimu.filamu,,,,चिड़िया,1
475678,1754957649,ai.elimu.filamu,{'video_playback_position_ms': 16709},,,चिड़िया,1
475679,1754957760,ai.elimu.filamu,,,,चिड़िया,1
475680,1754957782,ai.elimu.filamu,{'video_playback_position_ms': 1224},,,चिड़िया,1
475697,1755043655,ai.elimu.filamu,,,,चिड़िया,1
475698,1755043683,ai.elimu.filamu,{'video_playback_position_ms': 26567},,,चिड़िया,1
475699,1755043722,ai.elimu.filamu,,,,चिड़िया,1
475700,1755043725,ai.elimu.filamu,{'video_playback_position_ms': 32906},,,चिड़िया,1
475701,1755043767,ai.elimu.filamu,,,,चिड़िया,1
475702,1755043827,ai.elimu.filamu,{'video_playback_position_ms': 36577},,,चिड़िया,1
475703,1755043895,ai.elimu.filamu,,,,चिड़िया,1
475704,1755043908,ai.elimu.filamu,{'video_playback_position_ms': 36229},,,चिड़िया,1
475705,1755043953,ai.elimu.filamu,,,,चिड़िया,1
475706,1755043992,ai.elimu.filamu,{'video_playback_position_ms': 26952},,,चिड़िया,1
475707,1755044103,ai.elimu.filamu,,,,चिड़िया,1
475708,1755044158,ai.elimu.filamu,{'video_playback_position_ms': 19586},,,चिड़िया,1
475709,1755044178,ai.elimu.filamu,,,,चिड़िया,1
475710,1755044237,ai.elimu.filamu,{'video_playback_position_ms': 29161},,,चिड़िया,1
475711,1755044279,ai.elimu.filamu,,,,चिड़िया,1
475712,1755044309,ai.elimu.filamu,{'video_playback_position_ms': 32414},,,चिड़िया,1
475713,1755044338,ai.elimu.filamu,,,,चिड़िया,1
475714,1755044367,ai.elimu.filamu,{'video_playback_position_ms': 18011},,,चिड़िया,1
475715,1755044426,ai.elimu.filamu,,,,चिड़िया,1
475716,1755044446,ai.elimu.filamu,{'video_playback_position_ms': 53658},,,चिड़िया,1
475717,1755044498,ai.elimu.filamu,,,,चिड़िया,1
475718,1755044518,ai.elimu.filamu,{'video_playback_position_ms': 1078},,,चिड़िया,1
475767,1755129845,ai.elimu.filamu,,,,चिड़िया,1
475768,1755129887,ai.elimu.filamu,{'video_playback_position_ms': 17788},,,चिड़िया,1
475769,1755129945,ai.elimu.filamu,,,,चिड़िया,1
475770,1755130001,ai.elimu.filamu,{'video_playback_position_ms': 37080},,,चिड़िया,1
475771,1755130062,ai.elimu.filamu,,,,चिड़िया,1
475772,1755130109,ai.elimu.filamu,{'video_playback_position_ms': 56356},,,चिड़िया,1
475773,1755130152,ai.elimu.filamu,,,,चिड़िया,1
475774,1755130185,ai.elimu.filamu,{'video_playback_position_ms': 18466},,,चिड़िया,1
475775,1755130305,ai.elimu.filamu,,,,चिड़िया,1
475776,1755130334,ai.elimu.filamu,{'video_playback_position_ms': 29865},,,चिड़िया,1
475777,1755130399,ai.elimu.filamu,,,,चिड़िया,1
475778,1755130419,ai.elimu.filamu,{'video_playback_position_ms': 34920},,,चिड़िया,1
475779,1755130474,ai.elimu.filamu,,,,चिड़िया,1
475780,1755130490,ai.elimu.filamu,{'video_playback_position_ms': 11960},,,चिड़िया,1
475869,1755301886,ai.elimu.filamu,,,,चिड़िया,1
475870,1755301906,ai.elimu.filamu,{'video_playback_position_ms': 33264},,,चिड़िया,1
475871,1755301928,ai.elimu.filamu,,,,चिड़िया,1
475872,1755301985,ai.elimu.filamu,{'video_playback_position_ms': 14178},,,चिड़िया,1
475873,1755302076,ai.elimu.filamu,,,,चिड़िया,1
475874,1755302094,ai.elimu.filamu,{'video_playback_position_ms': 52367},,,चिड़िया,1
475875,1755302159,ai.elimu.filamu,,,,चिड़िया,1
475876,1755302184,ai.elimu.filamu,{'video_playback_position_ms': 57767},,,चिड़िया,1
475877,1755302284,ai.elimu.filamu,,,,चिड़िया,1
475878,1755302320,ai.elimu.filamu,{'video_playback_position_ms': 23599},,,चिड़िया,1
475879,1755302346,ai.elimu.filamu,,,,चिड़िया,1
475880,1755302380,ai.elimu.filamu,{'video_playback_position_ms': 20401},,,चिड़िया,1
475881,1755302492,ai.elimu.filamu,,,,चिड़िया,1
475882,1755302522,ai.elimu.filamu,{'video_playback_position_ms': 27864},,,चिड़िया,1
475883,1755302541,ai.elimu.filamu,,,,चिड़िया,1
475884,1755302567,ai.elimu.filamu,{'video_playback_position_ms': 32338},,,चिड़िया,1
475885,1755302685,ai.elimu.filamu,,,,चिड़िया,1
475886,1755302690,ai.elimu.filamu,{'video_playback_position_ms': 25093},,,चिड़िया,1
475887,1755302807,ai.elimu.filamu,,,,चिड़िया,1
475888,1755302850,ai.elimu.filamu,{'video_playback_position_ms': 48659},,,चिड़िया,1
475889,1755302964,ai.elimu.filamu,,,,चिड़िया,1
475890,1755302970,ai.elimu.filamu,{'video_playback_position_ms': 45468},,,चिड़िया,1
475891,1755302990,ai.elimu.filamu,,,,चिड़िया,1
475892,1755303001,ai.elimu.filamu,{'video_playback_position_ms': 59886},,,चिड़िया,1
475893,1755303037,ai.elimu.filamu,,,,चिड़िया,1
475894,1755303049,ai.elimu.filamu,{'video_playback_position_ms': 12690},,,चिड़िया,1
475973,1755560936,ai.elimu.filamu,,,,चिड़िया,1
475974,1755560987,ai.elimu.filamu,{'video_playback_position_ms': 32717},,,चिड़िया,1
475975,1755561003,ai.elimu.filamu,,,,चिड़िया,1
475976,1755561057,ai.elimu.filamu,{'video_playback_position_ms': 34869},,,चिड़िया,1
475977,1755561149,ai.elimu.filamu,,,,चिड़िया,1
475978,1755561185,ai.elimu.filamu,{'video_playback_position_ms': 23333},,,चिड़िया,1
475979,1755561280,ai.elimu.filamu,,,,चिड़िया,1
475980,1755561307,ai.elimu.filamu,{'video_playback_position_ms': 46321},,,चिड़िया,1
475981,1755561407,ai.elimu.filamu,,,,चिड़िया,1
475982,1755561419,ai.elimu.filamu,{'video_playback_position_ms': 51977},,,चिड़िया,1
475983,1755561440,ai.elimu.filamu,,,,चिड़िया,1
475984,1755561477,ai.elimu.filamu,{'video_playback_position_ms': 47622},,,चिड़िया,1
475985,1755561514,ai.elimu.filamu,,,,चिड़िया,1
475986,1755561562,ai.elimu.filamu,{'video_playback_position_ms': 39976},,,चिड़िया,1
475987,1755561608,ai.elimu.filamu,,,,चिड़िया,1
475988,1755561656,ai.elimu.filamu,{'video_playback_position_ms': 46819},,,चिड़िया,1
475989,1755561706,ai.elimu.filamu,,,,चिड़िया,1
475990,1755561710,ai.elimu.filamu,{'video_playback_position_ms': 25742},,,चिड़िया,1
475991,1755561819,ai.elimu.filamu,,,,चिड़िया,1
475992,1755561838,ai.elimu.filamu,{'video_playback_position_ms': 47002},,,चिड़िया,1
475993,1755561925,ai.elimu.filamu,,,,चिड़िया,1
475994,1755561944,ai.elimu.filamu,{'video_playback_position_ms': 55890},,,चिड़िया,1
475995,1755562055,ai.elimu.filamu,,,,चिड़िया,1
475996,1755562092,ai.elimu.filamu,{'video_playback_position_ms': 24089},,,चिड़िया,1
475997,1755562185,ai.elimu.filamu,,,,चिड़िया,1
475998,1755562235,ai.elimu.filamu,{'video_playback_position_ms': 46398},,,चिड़िया,1
475999,1755562314,ai.elimu.filamu,,,,चिड़िया,1
476000,1755562336,ai.elimu.filamu,{'video_playback_position_ms': 26185},,,चिड़िया,1
476075,1757118350,ai.elimu.filamu,,,,चिड़िया,1
476076,1757118376,ai.elimu.filamu,{'video_playback_position_ms': 31019},,,चिड़िया,1
476077,1757118410,ai.elimu.filamu,,,,चिड़िया,1
476078,1757118431,ai.elimu.filamu,{'video_playback_position_ms': 2689},,,चिड़िया,1
476079,1757118515,ai.elimu.filamu,,,,चिड़िया,1
476080,1757118566,ai.elimu.filamu,{'video_playback_position_ms': 48692},,,चिड़िया,1
476081,1757118634,ai.elimu.filamu,,,,चिड़िया,1
476082,1757118689,ai.elimu.filamu,{'video_playback_position_ms': 9563},,,चिड़िया,1
476083,1757118713,ai.elimu.filamu,,,,चिड़िया,1
476084,1757118753,ai.elimu.filamu,{'video_playback_position_ms': 56016},,,चिड़िया,1
476085,1757118847,ai.elimu.filamu,,,,चिड़िया,1
476086,1757118849,ai.elimu.filamu,{'video_playback_position_ms': 42773},,,चिड़िया,1
476087,1757118886,ai.elimu.filamu,,,,चिड़िया,1
476088,1757118922,ai.elimu.filamu,{'video_playback_position_ms': 1674},,,चिड़िया,1
476089,1757118997,ai.elimu.filamu,,,,चिड़िया,1
476090,1757119025,ai.elimu.filamu,{'video_playback_position_ms': 21218},,,चिड़िया,1
476091,1757119075,ai.elimu.filamu,,,,चिड़िया,1
476092,1757119084,ai.elimu.filamu,{'video_playback_position_ms': 57407},,,चिड़िया,1
476093,1757119101,ai.elimu.filamu,,,,चिड़िया,1
476094,1757119153,ai.elimu.filamu,{'video_playback_position_ms': 25038},,,चिड़िया,1
476095,1757119244,ai.elimu.filamu,,,,चिड़िया,1
476096,1757119301,ai.elimu.filamu,{'video_playback_position_ms': 31291},,,चिड़िया,1
476097,1757119391,ai.elimu.filamu,,,,चिड़िया,1
476098,1757119405,ai.elimu.filamu,{'video_playback_position_ms': 9086},,,चिड़िया,1
476099,1757119442,ai.elimu.filamu,,,,चिड़िया,1
476100,1757119470,ai.elimu.filamu,{'video_playback_position_ms': 32651},,,चिड़िया,1
476101,1757119500,ai.elimu.filamu,,,,चिड़िया,1
476102,1757119556,ai.elimu.filamu,{'video_playback_position_ms': 38843},,,चिड़िया,1
476103,1757119572,ai.elimu.filamu,,,,चिड़िया,1
476104,1757119619,ai.elimu.filamu,{'video_playback_position_ms': 29418},,,चिड़िया,1
476105,1757119699,ai.elimu.filamu,,,,चिड़िया,1
476106,1757119742,ai.elimu.filamu,{'video_playback_position_ms': 46366},,,चिड़िया,1
476107,1757119762,ai.elimu.filamu,,,,चिड़िया,1
476108,1757119815,ai.elimu.filamu,{'video_playback_position_ms': 14163},,,चिड़िया,1
476135,1757290805,ai.elimu.filamu,,,,चिड़िया,1
476136,1757290840,ai.elimu.filamu,{'video_playback_position_ms': 43910},,,चिड़िया,1
476137,1757290922,ai.elimu.filamu,,,,चिड़िया,1
476138,1757290949,ai.elimu.filamu,{'video_playback_position_ms': 46141},,,चिड़िया,1
476139,1757291025,ai.elimu.filamu,,,,चिड़िया,1
476140,1757291043,ai.elimu.filamu,{'video_playback_position_ms': 58844},,,चिड़िया,1
476141,1757291135,ai.elimu.filamu,,,,चिड़िया,1
476142,1757291143,ai.elimu.filamu,{'video_playback_position_ms': 2981},,,चिड़िया,1
476143,1757291168,ai.elimu.filamu,,,,चिड़िया,1
476144,1757291216,ai.elimu.filamu,{'video_playback_position_ms': 10318},,,चिड़िया,1
476145,1757291251,ai.elimu.filamu,,,,चिड़िया,1
476146,1757291300,ai.elimu.filamu,{'video_playback_position_ms': 9870},,,चिड़िया,1
476147,1757291324,ai.elimu.filamu,,,,चिड़िया,1
476148,1757291381,ai.elimu.filamu,{'video_playback_position_ms': 21638},,,चिड़िया,1
476149,1757291479,ai.elimu.filamu,,,,चिड़िया,1
476150,1757291486,ai.elimu.filamu,{'video_playback_position_ms': 46711},,,चिड़िया,1
476151,1757291514,ai.elimu.filamu,,,,चिड़िया,1
476152,1757291570,ai.elimu.filamu,{'video_playback_position_ms': 49152},,,चिड़िया,1
476153,1757291689,ai.elimu.filamu,,,,चिड़िया,1
476154,1757291706,ai.elimu.filamu,{'video_playback_position_ms': 16391},,,चिड़िया,1
476155,1757291741,ai.elimu.filamu,,,,चिड़िया,1
476156,1757291745,ai.elimu.filamu,{'video_playback_position_ms': 50942},,,चिड़िया,1
476157,1757291799,ai.elimu.filamu,,,,चिड़िया,1
476158,1757291809,ai.elimu.filamu,{'video_playback_position_ms': 6783},,,चिड़िया,1
476159,1757291893,ai.elimu.filamu,,,,चिड़िया,1
476160,1757291918,ai.elimu.filamu,{'video_playback_position_ms': 58234},,,चिड़िया,1
476161,1757291976,ai.elimu.filamu,,,,चिड़िया,1
476162,1757292026,ai.elimu.filamu,{'video_playback_position_ms': 2472},,,चिड़िया,1
476163,1757292096,ai.elimu.filamu,,,,चिड़िया,1
476164,1757292100,ai.elimu.filamu,{'video_playback_position_ms': 57596},,,चिड़िया,1
476165,1757292136,ai.elimu.filamu,,,,चिड़िया,1
476166,1757292140,ai.elimu.filamu,{'video_playback_position_ms': 58822},,,चिड़िया,1
476195,1757374104,ai.elimu.filamu,,,,चिड़िया,1
476196,1757374160,ai.elimu.filamu,{'video_playback_position_ms': 36308},,,चिड़िया,1
476197,1757374188,ai.elimu.filamu,,,,चिड़िया,1
476198,1757374229,ai.elimu.filamu,{'video_playback_position_ms': 2454},,,चिड़िया,1
476199,1757374308,ai.elimu.filamu,,,,चिड़िया,1
476200,1757374317,ai.elimu.filamu,{'video_playback_position_ms': 36659},,,चिड़िया,1
476201,1757374357,ai.elimu.filamu,,,,चिड़िया,1
476202,1757374411,ai.elimu.filamu,{'video_playback_position_ms': 46904},,,चिड़िया,1
476203,1757374444,ai.elimu.filamu,,,,चिड़िया,1
476204,1757374485,ai.elimu.filamu,{'video_playback_position_ms': 24187},,,चिड़िया,1
476205,1757374532,ai.elimu.filamu,,,,चिड़िया,1
476206,1757374591,ai.elimu.filamu,{'video_playback_position_ms': 51510},,,चिड़िया,1
476207,1757374701,ai.elimu.filamu,,,,चिड़िया,1
476208,1757374731,ai.elimu.filamu,{'video_playback_position_ms': 21690},,,चिड़िया,1
476209,1757374774,ai.elimu.filamu,,,,चिड़िया,1
476210,1757374786,ai.elimu.filamu,{'video_playback_position_ms': 23808},,,चिड़िया,1
476211,1757374823,ai.elimu.filamu,,,,चिड़िया,1
476212,1757374829,ai.elimu.filamu,{'video_playback_position_ms': 44805},,,चिड़िया,1
476213,1757374890,ai.elimu.filamu,,,,चिड़िया,1
476214,1757374944,ai.elimu.filamu,{'video_playback_position_ms': 40451},,,चिड़िया,1
476215,1757374997,ai.elimu.filamu,,,,चिड़िया,1
476216,1757375051,ai.elimu.filamu,{'video_playback_position_ms': 33120},,,चिड़िया,1
476217,1757375089,ai.elimu.filamu,,,,चिड़िया,1
476218,1757375123,ai.elimu.filamu,{'video_playback_position_ms': 33812},,,चिड़िया,1
476219,1757375234,ai.elimu.filamu,,,,चिड़िया,1
476220,1757375248,ai.elimu.filamu,{'video_playback_position_ms': 7538},,,चिड़िया,1
476221,1757375303,ai.elimu.filamu,,,,चिड़िया,1
476222,1757375313,ai.elimu.filamu,{'video_playback_position_ms': 20515},,,चिड़िया,1
476223,1757375401,ai.elimu.filamu,,,,चिड़िया,1
476224,1757375410,ai.elimu.filamu,{'video_playback_position_ms': 21711},,,चिड़िया,1
476225,1757375435,ai.elimu.filamu,,,,चिड़िया,1
476226,1757375460,ai.elimu.filamu,{'video_playback_position_ms': 44106},,,चिड़िया,1
476227,1757375552,ai.elimu.filamu,,,,चिड़िया,1
476228,1757375563,ai.elimu.filamu,{'video_playback_position_ms': 52343},,,चिड़िया,1
476229,1757375653,ai.elimu.filamu,,,,चिड़िया,1
476230,1757375681,ai.elimu.filamu,{'video_playback_position_ms': 31625},,,चिड़िया,1
476231,1757375771,ai.elimu.filamu,,,,चिड़िया,1
476232,1757375830,ai.elimu.filamu,{'video_playback_position_ms': 59283},,,चिड़िया,1
476261,1757464951,ai.elimu.filamu,,,,चिड़िया,1
476262,1757464982,ai.elimu.filamu,{'video_playback_position_ms': 47565},,,चिड़िया,1
476307,1757634616,ai.elimu.filamu,,,,चिड़िया,1
476308,1757634626,ai.elimu.filamu,{'video_playback_position_ms': 23072},,,चिड़िया,1
476309,1757634686,ai.elimu.filamu,,,,चिड़िया,1
476310,1757634697,ai.elimu.filamu,{'video_playback_position_ms': 29663},,,चिड़िया,1
476311,1757634810,ai.elimu.filamu,,,,चिड़िया,1
476312,1757634857,ai.elimu.filamu,{'video_playback_position_ms': 26215},,,चिड़िया,1
476313,1757634958,ai.elimu.filamu,,,,चिड़िया,1
476314,1757634978,ai.elimu.filamu,{'video_playback_position_ms': 1158},,,चिड़िया,1
476315,1757635087,ai.elimu.filamu,,,,चिड़िया,1
476316,1757635129,ai.elimu.filamu,{'video_playback_position_ms': 1801},,,चिड़िया,1
476317,1757635170,ai.elimu.filamu,,,,चिड़िया,1
476318,1757635191,ai.elimu.filamu,{'video_playback_position_ms': 34097},,,चिड़िया,1
476319,1757635301,ai.elimu.filamu,,,,चिड़िया,1
476320,1757635358,ai.elimu.filamu,{'video_playback_position_ms': 30819},,,चिड़िया,1
476321,1757635407,ai.elimu.filamu,,,,चिड़िया,1
476322,1757635434,ai.elimu.filamu,{'video_playback_position_ms': 26709},,,चिड़िया,1
476323,1757635464,ai.elimu.filamu,,,,चिड़िया,1
476324,1757635476,ai.elimu.filamu,{'video_playback_position_ms': 44914},,,चिड़िया,1
476325,1757635495,ai.elimu.filamu,,,,चिड़िया,1
476326,1757635534,ai.elimu.filamu,{'video_playback_position_ms': 7970},,,चिड़िया,1
476327,1757635608,ai.elimu.filamu,,,,चिड़िया,1
476328,1757635611,ai.elimu.filamu,{'video_playback_position_ms': 52831},,,चिड़िया,1
476329,1757635727,ai.elimu.filamu,,,,चिड़िया,1
476330,1757635765,ai.elimu.filamu,{'video_playback_position_ms': 2059},,,चिड़िया,1
476331,1757635845,ai.elimu.filamu,,,,चिड़िया,1
476332,1757635854,ai.elimu.filamu,{'video_playback_position_ms': 44012},,,चिड़िया,1
476333,1757635935,ai.elimu.filamu,,,,चिड़िया,1
476334,1757635957,ai.elimu.filamu,{'video_playback_position_ms': 24699},,,चिड़िया,1
476335,1757635977,ai.elimu.filamu,,,,चिड़िया,1
476336,1757635983,ai.elimu.filamu,{'video_playback_position_ms': 32384},,,चिड़िया,1
476391,1757806791,ai.elimu.filamu,,,,चिड़िया,1
476392,1757806819,ai.elimu.filamu,{'video_playback_position_ms': 9519},,,चिड़िया,1
476393,1757806848,ai.elimu.filamu,,,,चिड़िया,1
476394,1757806893,ai.elimu.filamu,{'video_playback_position_ms': 31964},,,चिड़िया,1
476395,1757806998,ai.elimu.filamu,,,,चिड़िया,1
476396,1757807046,ai.elimu.filamu,{'video_playback_position_ms': 49345},,,चिड़िया,1
476397,1757807081,ai.elimu.filamu,,,,चिड़िया,1
476398,1757807095,ai.elimu.filamu,{'video_playback_position_ms': 2889},,,चिड़िया,1
476399,1757807113,ai.elimu.filamu,,,,चिड़िया,1
476400,1757807156,ai.elimu.filamu,{'video_playback_position_ms': 50426},,,चिड़िया,1
476401,1757807242,ai.elimu.filamu,,,,चिड़िया,1
476402,1757807265,ai.elimu.filamu,{'video_playback_position_ms': 43410},,,चिड़िया,1
476403,1757807326,ai.elimu.filamu,,,,चिड़िया,1
476404,1757807355,ai.elimu.filamu,{'video_playback_position_ms': 3093},,,चिड़िया,1
476405,1757807383,ai.elimu.filamu,,,,चिड़िया,1
476406,1757807410,ai.elimu.filamu,{'video_playback_position_ms': 50796},,,चिड़िया,1
476407,1757807428,ai.elimu.filamu,,,,चिड़िया,1
476408,1757807481,ai.elimu.filamu,{'video_playback_position_ms': 47661},,,चिड़िया,1
476409,1757807560,ai.elimu.filamu,,,,चिड़िया,1
476410,1757807582,ai.elimu.filamu,{'video_playback_position_ms': 35130},,,चिड़िया,1
476411,1757807662,ai.elimu.filamu,,,,चिड़िया,1
476412,1757807721,ai.elimu.filamu,{'video_playback_position_ms': 16645},,,चिड़िया,1
476413,1757807820,ai.elimu.filamu,,,,चिड़िया,1
476414,1757807829,ai.elimu.filamu,{'video_playback_position_ms': 58137},,,चिड़िया,1
476415,1757807927,ai.elimu.filamu,,,,चिड़िया,1
476416,1757807978,ai.elimu.filamu,{'video_playback_position_ms': 20353},,,चिड़िया,1
476417,1757808040,ai.elimu.filamu,,,,चिड़िया,1
476418,1757808064,ai.elimu.filamu,{'video_playback_position_ms': 34078},,,चिड़िया,1
476453,1757894454,ai.elimu.filamu,,,,चिड़िया,1
476454,1757894494,ai.elimu.filamu,{'video_playback_position_ms': 47779},,,चिड़िया,1
476455,1757894608,ai.elimu.filamu,,,,चिड़िया,1
476456,1757894659,ai.elimu.filamu,{'video_playback_position_ms': 12177},,,चिड़िया,1
476457,1757894723,ai.elimu.filamu,,,,चिड़िया,1
476458,1757894757,ai.elimu.filamu,{'video_playback_position_ms': 20310},,,चिड़िया,1
476459,1757894849,ai.elimu.filamu,,,,चिड़िया,1
476460,1757894864,ai.elimu.filamu,{'video_playback_position_ms': 40364},,,चिड़िया,1
476461,1757894886,ai.elimu.filamu,,,,चिड़िया,1
476462,1757894890,ai.elimu.filamu,{'video_playback_position_ms': 54380},,,चिड़िया,1
476463,1757894924,ai.elimu.filamu,,,,चिड़िया,1
476464,1757894964,ai.elimu.filamu,{'video_playback_position_ms': 54156},,,चिड़िया,1
476465,1757895057,ai.elimu.filamu,,,,चिड़िया,1
476466,1757895095,ai.elimu.filamu,{'video_playback_position_ms': 16484},,,चिड़िया,1
476467,1757895112,ai.elimu.filamu,,,,चिड़िया,1
476468,1757895161,ai.elimu.filamu,{'video_playback_position_ms': 32127},,,चिड़िया,1
476469,1757895200,ai.elimu.filamu,,,,चिड़िया,1
476470,1757895249,ai.elimu.filamu,{'video_playback_position_ms': 54827},,,चिड़िया,1
476593,1758671307,ai.elimu.filamu,,,,चिड़िया,1
476594,1758671340,ai.elimu.filamu,{'video_playback_position_ms': 25254},,,चिड़िया,1
476595,1758671398,ai.elimu.filamu,,,,चिड़िया,1
476596,1758671438,ai.elimu.filamu,{'video_playback_position_ms': 22463},,,चिड़िया,1
476597,1758671478,ai.elimu.filamu,,,,चिड़िया,1
476598,1758671534,ai.elimu.filamu,{'video_playback_position_ms': 22637},,,चिड़िया,1
476599,1758671607,ai.elimu.filamu,,,,चिड़िया,1
476600,1758671636,ai.elimu.filamu,{'video_playback_position_ms': 42663},,,चिड़िया,1
476601,1758671730,ai.elimu.filamu,,,,चिड़िया,1
476602,1758671762,ai.elimu.filamu,{'video_playback_position_ms': 18833},,,चिड़िया,1
476603,1758671830,ai.elimu.filamu,,,,चिड़िया,1
476604,1758671856,ai.elimu.filamu,{'video_playback_position_ms': 18904},,,चिड़िया,1
476605,1758671912,ai.elimu.filamu,,,,चिड़िया,1
476606,1758671961,ai.elimu.filamu,{'video_playback_position_ms': 40638},,,चिड़िया,1
476607,1758672038,ai.elimu.filamu,,,,चिड़िया,1
476608,1758672082,ai.elimu.filamu,{'video_playback_position_ms': 5522},,,चिड़िया,1
476609,1758672150,ai.elimu.filamu,,,,चिड़िया,1
476610,1758672184,ai.elimu.filamu,{'video_playback_position_ms': 6988},,,चिड़िया,1
476611,1758672234,ai.elimu.filamu,,,,चिड़िया,1
476612,1758672271,ai.elimu.filamu,{'video_playback_position_ms': 41444},,,चिड़िया,1
476613,1758672313,ai.elimu.filamu,,,,चिड़िया,1
476614,1758672334,ai.elimu.filamu,{'video_playback_position_ms': 30783},,,चिड़िया,1
476615,1758672417,ai.elimu.filamu,,,,चिड़िया,1
476616,1758672467,ai.elimu.filamu,{'video_playback_position_ms': 23266},,,चिड़िया,1
476617,1758672484,ai.elimu.filamu,,,,चिड़िया,1
476618,1758672500,ai.elimu.filamu,{'video_playback_position_ms': 37210},,,चिड़िया,1
476631,1758760561,ai.elimu.filamu,,,,चिड़िया,1
476632,1758760608,ai.elimu.filamu,{'video_playback_position_ms': 4625},,,चिड़िया,1
476633,1758760679,ai.elimu.filamu,,,,चिड़िया,1
476634,1758760687,ai.elimu.filamu,{'video_playback_position_ms': 12433},,,चिड़िया,1
476635,1758760733,ai.elimu.filamu,,,,चिड़िया,1
476636,1758760767,ai.elimu.filamu,{'video_playback_position_ms': 12673},,,चिड़िया,1
476637,1758760811,ai.elimu.filamu,,,,चिड़िया,1
476638,1758760852,ai.elimu.filamu,{'video_playback_position_ms': 1852},,,चिड़िया,1
476639,1758760911,ai.elimu.filamu,,,,चिड़िया,1
476640,1758760940,ai.elimu.filamu,{'video_playback_position_ms': 6374},,,चिड़िया,1
476641,1758761057,ai.elimu.filamu,,,,चिड़िया,1
476642,1758761113,ai.elimu.filamu,{'video_playback_position_ms': 41759},,,चिड़िया,1
476643,1758761130,ai.elimu.filamu,,,,चिड़िया,1
476644,1758761161,ai.elimu.filamu,{'video_playback_position_ms': 58698},,,चिड़िया,1
476645,1758761214,ai.elimu.filamu,,,,चिड़िया,1
476646,1758761223,ai.elimu.filamu,{'video_playback_position_ms': 53047},,,चिड़िया,1
476647,1758761319,ai.elimu.filamu,,,,चिड़िया,1
476648,1758761367,ai.elimu.filamu,{'video_playback_position_ms': 38636},,,चिड़िया,1
476649,1758761486,ai.elimu.filamu,,,,चिड़िया,1
476650,1758761507,ai.elimu.filamu,{'video_playback_position_ms': 29838},,,चिड़िया,1
476721,1758843765,ai.elimu.filamu,,,,चिड़िया,1
476722,1758843803,ai.elimu.filamu,{'video_playback_position_ms': 27081},,,चिड़िया,1
476723,1758843922,ai.elimu.filamu,,,,चिड़िया,1
476724,1758843942,ai.elimu.filamu,{'video_playback_position_ms': 43639},,,चिड़िया,1
476725,1758844019,ai.elimu.filamu,,,,चिड़िया,1
476726,1758844077,ai.elimu.filamu,{'video_playback_position_ms': 9418},,,चिड़िया,1
476727,1758844138,ai.elimu.filamu,,,,चिड़िया,1
476728,1758844181,ai.elimu.filamu,{'video_playback_position_ms': 30654},,,चिड़िया,1
476729,1758844254,ai.elimu.filamu,,,,चिड़िया,1
476730,1758844257,ai.elimu.filamu,{'video_playback_position_ms': 38319},,,चिड़िया,1
476731,1758844300,ai.elimu.filamu,,,,चिड़िया,1
476732,1758844303,ai.elimu.filamu,{'video_playback_position_ms': 43501},,,चिड़िया,1
476733,1758844367,ai.elimu.filamu,,,,चिड़िया,1
476734,1758844397,ai.elimu.filamu,{'video_playback_position_ms': 4914},,,चिड़िया,1
476735,1758844482,ai.elimu.filamu,,,,चिड़िया,1
476736,1758844489,ai.elimu.filamu,{'video_playback_position_ms': 20576},,,चिड़िया,1
476737,1758844565,ai.elimu.filamu,,,,चिड़िया,1
476738,1758844579,ai.elimu.filamu,{'video_playback_position_ms': 44232},,,चिड़िया,1
476739,1758844688,ai.elimu.filamu,,,,चिड़िया,1
476740,1758844733,ai.elimu.filamu,{'video_playback_position_ms': 25294},,,चिड़िया,1
476741,1758844827,ai.elimu.filamu,,,,चिड़िया,1
476742,1758844843,ai.elimu.filamu,{'video_playback_position_ms': 3348},,,चिड़िया,1
476743,1758844864,ai.elimu.filamu,,,,चिड़िया,1
476744,1758844916,ai.elimu.filamu,{'video_playback_position_ms': 5086},,,चिड़िया,1
476745,1758845030,ai.elimu.filamu,,,,चिड़िया,1
476746,1758845075,ai.elimu.filamu,{'video_playback_position_ms': 19510},,,चिड़िया,1
476747,1758845158,ai.elimu.filamu,,,,चिड़िया,1
476748,1758845179,ai.elimu.filamu,{'video_playback_position_ms': 18357},,,चिड़िया,1
476749,1758845233,ai.elimu.filamu,,,,चिड़िया,1
476750,1758845285,ai.elimu.filamu,{'video_playback_position_ms': 6248},,,चिड़िया,1
476793,1758929081,ai.elimu.filamu,,,,चिड़िया,1
476794,1758929115,ai.elimu.filamu,{'video_playback_position_ms': 21411},,,चिड़िया,1
476795,1758929152,ai.elimu.filamu,,,,चिड़िया,1
476796,1758929175,ai.elimu.filamu,{'video_playback_position_ms': 57487},,,चिड़िया,1
476797,1758929279,ai.elimu.filamu,,,,चिड़िया,1
476798,1758929311,ai.elimu.filamu,{'video_playback_position_ms': 46125},,,चिड़िया,1
476859,1759105304,ai.elimu.filamu,,,,चिड़िया,1
476860,1759105311,ai.elimu.filamu,{'video_playback_position_ms': 15045},,,चिड़िया,1
476861,1759105425,ai.elimu.filamu,,,,चिड़िया,1
476862,1759105441,ai.elimu.filamu,{'video_playback_position_ms': 44143},,,चिड़िया,1
476863,1759105539,ai.elimu.filamu,,,,चिड़िया,1
476864,1759105572,ai.elimu.filamu,{'video_playback_position_ms': 42964},,,चिड़िया,1
476865,1759105618,ai.elimu.filamu,,,,चिड़िया,1
476866,1759105625,ai.elimu.filamu,{'video_playback_position_ms': 1478},,,चिड़िया,1
476867,1759105663,ai.elimu.filamu,,,,चिड़िया,1
476868,1759105711,ai.elimu.filamu,{'video_playback_position_ms': 26832},,,चिड़िया,1
476869,1759105788,ai.elimu.filamu,,,,चिड़िया,1
476870,1759105842,ai.elimu.filamu,{'video_playback_position_ms': 53880},,,चिड़िया,1
476871,1759105929,ai.elimu.filamu,,,,चिड़िया,1
476872,1759105979,ai.elimu.filamu,{'video_playback_position_ms': 59408},,,चिड़िया,1
476873,1759106014,ai.elimu.filamu,,,,चिड़िया,1
476874,1759106074,ai.elimu.filamu,{'video_playback_position_ms': 22895},,,चिड़िया,1
476919,1759267687,ai.elimu.filamu,,,,चिड़िया,1
476920,1759267700,ai.elimu.filamu,{'video_playback_position_ms': 31881},,,चिड़िया,1
476921,1759267731,ai.elimu.filamu,,,,चिड़िया,1
476922,1759267741,ai.elimu.filamu,{'video_playback_position_ms': 8485},,,चिड़िया,1
476923,1759267829,ai.elimu.filamu,,,,चिड़िया,1
476924,1759267889,ai.elimu.filamu,{'video_playback_position_ms': 24782},,,चिड़िया,1
476925,1759267962,ai.elimu.filamu,,,,चिड़िया,1
476926,1759267987,ai.elimu.filamu,{'video_playback_position_ms': 21473},,,चिड़िया,1
476927,1759268010,ai.elimu.filamu,,,,चिड़िया,1
476928,1759268016,ai.elimu.filamu,{'video_playback_position_ms': 13833},,,चिड़िया,1
476929,1759268070,ai.elimu.filamu,,,,चिड़िया,1
476930,1759268086,ai.elimu.filamu,{'video_playback_position_ms': 19259},,,चिड़िया,1
476931,1759268169,ai.elimu.filamu,,,,चिड़िया,1
476932,1759268184,ai.elimu.filamu,{'video_playback_position_ms': 39703},,,चिड़िया,1
476933,1759268292,ai.elimu.filamu,,,,चिड़िया,1
476934,1759268298,ai.elimu.filamu,{'video_playback_position_ms': 50183},,,चिड़िया,1
476935,1759268401,ai.elimu.filamu,,,,चिड़िया,1
476936,1759268433,ai.elimu.filamu,{'video_playback_position_ms': 42030},,,चिड़िया,1
476937,1759268525,ai.elimu.filamu,,,,चिड़िया,1
476938,1759268569,ai.elimu.filamu,{'video_playback_position_ms': 13339},,,चिड़िया,1
476939,1759268597,ai.elimu.filamu,,,,चिड़िया,1
476940,1759268609,ai.elimu.filamu,{'video_playback_position_ms': 10749},,,चिड़िया,1
476941,1759268625,ai.elimu.filamu,,,,चिड़िया,1
476942,1759268628,ai.elimu.filamu,{'video_playback_position_ms': 1688},,,चिड़िया,1
477017,1759451982,ai.elimu.filamu,,,,चिड़िया,1
477018,1759452003,ai.elimu.filamu,{'video_playback_position_ms': 18110},,,चिड़िया,1
477019,1759452079,ai.elimu.filamu,,,,चिड़िया,1
477020,1759452101,ai.elimu.filamu,{'video_playback_position_ms': 51077},,,चिड़िया,1
477021,1759452163,ai.elimu.filamu,,,,चिड़िया,1
477022,1759452221,ai.elimu.filamu,{'video_playback_position_ms': 52996},,,चिड़िया,1
477023,1759452312,ai.elimu.filamu,,,,चिड़िया,1
477024,1759452319,ai.elimu.filamu,{'video_playback_position_ms': 40918},,,चिड़िया,1
477025,1759452434,ai.elimu.filamu,,,,चिड़िया,1
477026,1759452445,ai.elimu.filamu,{'video_playback_position_ms': 3945},,,चिड़िया,1
477027,1759452477,ai.elimu.filamu,,,,चिड़िया,1
477028,1759452489,ai.elimu.filamu,{'video_playback_position_ms': 37778},,,चिड़िया,1
477029,1759452507,ai.elimu.filamu,,,,चिड़िया,1
477030,1759452537,ai.elimu.filamu,{'video_playback_position_ms': 6239},,,चिड़िया,1
477031,1759452557,ai.elimu.filamu,,,,चिड़िया,1
477032,1759452567,ai.elimu.filamu,{'video_playback_position_ms': 38390},,,चिड़िया,1
477053,1759534360,ai.elimu.filamu,,,,चिड़िया,1
477054,1759534366,ai.elimu.filamu,{'video_playback_position_ms': 23406},,,चिड़िया,1
477055,1759534475,ai.elimu.filamu,,,,चिड़िया,1
477056,1759534486,ai.elimu.filamu,{'video_playback_position_ms': 46788},,,चिड़िया,1
477057,1759534510,ai.elimu.filamu,,,,चिड़िया,1
477058,1759534555,ai.elimu.filamu,{'video_playback_position_ms': 9372},,,चिड़िया,1
477059,1759534624,ai.elimu.filamu,,,,चिड़िया,1
477060,1759534635,ai.elimu.filamu,{'video_playback_position_ms': 29442},,,चिड़िया,1
477061,1759534733,ai.elimu.filamu,,,,चिड़िया,1
477062,1759534787,ai.elimu.filamu,{'video_playback_position_ms': 5962},,,चिड़िया,1
477063,1759534896,ai.elimu.filamu,,,,चिड़िया,1
477064,1759534907,ai.elimu.filamu,{'video_playback_position_ms': 6672},,,चिड़िया,1
477065,1759534958,ai.elimu.filamu,,,,चिड़िया,1
477066,1759535017,ai.elimu.filamu,{'video_playback_position_ms': 29973},,,चिड़िया,1
477067,1759535072,ai.elimu.filamu,,,,चिड़िया,1
477068,1759535083,ai.elimu.filamu,{'video_playback_position_ms': 42307},,,चिड़िया,1
477069,1759535140,ai.elimu.filamu,,,,चिड़िया,1
477070,1759535192,ai.elimu.filamu,{'video_playback_position_ms': 45483},,,चिड़िया,1
477071,1759535294,ai.elimu.filamu,,,,चिड़िया,1
477072,1759535342,ai.elimu.filamu,{'video_playback_position_ms': 2949},,,चिड़िया,1
477073,1759535375,ai.elimu.filamu,,,,चिड़िया,1
477074,1759535409,ai.elimu.filamu,{'video_playback_position_ms': 11580},,,चिड़िया,1
477075,1759535470,ai.elimu.filamu,,,,चिड़िया,1
477076,1759535474,ai.elimu.filamu,{'video_playback_position_ms': 47806},,,चिड़िया,1
477077,1759535541,ai.elimu.filamu,,,,चिड़िया,1
477078,1759535585,ai.elimu.filamu,{'video_playback_position_ms': 36037},,,चिड़िया,1
477079,1759535601,ai.elimu.filamu,,,,चिड़िया,1
477080,1759535644,ai.elimu.filamu,{'video_playback_position_ms': 51060},,,चिड़िया,1
477081,1759535677,ai.elimu.filamu,,,,चिड़िया,1
477082,1759535721,ai.elimu.filamu,{'video_playback_position_ms': 54852},,,चिड़िया,1
477083,1759535835,ai.elimu.filamu,,,,चिड़िया,1
477084,1759535863,ai.elimu.filamu,{'video_playback_position_ms': 43713},,,चिड़िया,1
477119,1759621637,ai.elimu.filamu,,,,चिड़िया,1
477120,1759621689,ai.elimu.filamu,{'video_playback_position_ms': 47148},,,चिड़िया,1
477121,1759621728,ai.elimu.filamu,,,,चिड़िया,1
477122,1759621752,ai.elimu.filamu,{'video_playback_position_ms': 55329},,,चिड़िया,1
477123,1759621824,ai.elimu.filamu,,,,चिड़िया,1
477124,1759621883,ai.elimu.filamu,{'video_playback_position_ms': 31039},,,चिड़िया,1
477125,1759621930,ai.elimu.filamu,,,,चिड़िया,1
477126,1759621977,ai.elimu.filamu,{'video_playback_position_ms': 1201},,,चिड़िया,1
477127,1759622001,ai.elimu.filamu,,,,चिड़िया,1
477128,1759622032,ai.elimu.filamu,{'video_playback_position_ms': 27107},,,चिड़िया,1
477129,1759622121,ai.elimu.filamu,,,,चिड़िया,1
477130,1759622168,ai.elimu.filamu,{'video_playback_position_ms': 3480},,,चिड़िया,1
477131,1759622267,ai.elimu.filamu,,,,चिड़िया,1
477132,1759622300,ai.elimu.filamu,{'video_playback_position_ms': 26555},,,चिड़िया,1
477133,1759622396,ai.elimu.filamu,,,,चिड़िया,1
477134,1759622451,ai.elimu.filamu,{'video_playback_position_ms': 3290},,,चिड़िया,1
477135,1759622564,ai.elimu.filamu,,,,चिड़िया,1
477136,1759622607,ai.elimu.filamu,{'video_playback_position_ms': 31904},,,चिड़िया,1
477137,1759622681,ai.elimu.filamu,,,,चिड़िया,1
477138,1759622705,ai.elimu.filamu,{'video_playback_position_ms': 35428},,,चिड़िया,1
477139,1759622765,ai.elimu.filamu,,,,चिड़िया,1
477140,1759622801,ai.elimu.filamu,{'video_playback_position_ms': 28023},,,चिड़िया,1
477141,1759622894,ai.elimu.filamu,,,,चिड़िया,1
477142,1759622951,ai.elimu.filamu,{'video_playback_position_ms': 7836},,,चिड़िया,1
477143,1759622985,ai.elimu.filamu,,,,चिड़िया,1
477144,1759623014,ai.elimu.filamu,{'video_playback_position_ms': 56676},,,चिड़िया,1
477145,1759623049,ai.elimu.filamu,,,,चिड़िया,1
477146,1759623107,ai.elimu.filamu,{'video_playback_position_ms': 5490},,,चिड़िया,1
477203,1759708253,ai.elimu.filamu,,,,चिड़िया,1
477204,1759708300,ai.elimu.filamu,{'video_playback_position_ms': 2930},,,चिड़िया,1
477205,1759708405,ai.elimu.filamu,,,,चिड़िया,1
477206,1759708419,ai.elimu.filamu,{'video_playback_position_ms': 30348},,,चिड़िया,1
477207,1759708464,ai.elimu.filamu,,,,चिड़िया,1
477208,1759708506,ai.elimu.filamu,{'video_playback_position_ms': 53565},,,चिड़िया,1
477209,1759708564,ai.elimu.filamu,,,,चिड़िया,1
477210,1759708593,ai.elimu.filamu,{'video_playback_position_ms': 19704},,,चिड़िया,1
477211,1759708623,ai.elimu.filamu,,,,चिड़िया,1
477212,1759708662,ai.elimu.filamu,{'video_playback_position_ms': 26325},,,चिड़िया,1
477213,1759708767,ai.elimu.filamu,,,,चिड़िया,1
477214,1759708800,ai.elimu.filamu,{'video_playback_position_ms': 35097},,,चिड़िया,1
477215,1759708816,ai.elimu.filamu,,,,चिड़िया,1
477216,1759708819,ai.elimu.filamu,{'video_playback_position_ms': 27282},,,चिड़िया,1
477217,1759708899,ai.elimu.filamu,,,,चिड़िया,1
477218,1759708902,ai.elimu.filamu,{'video_playback_position_ms': 54927},,,चिड़िया,1
477219,1759708986,ai.elimu.filamu,,,,चिड़िया,1
477220,1759709040,ai.elimu.filamu,{'video_playback_position_ms': 58760},,,चिड़िया,1
477221,1759709119,ai.elimu.filamu,,,,चिड़िया,1
477222,1759709122,ai.elimu.filamu,{'video_playback_position_ms': 15639},,,चिड़िया,1
477297,1759796167,ai.elimu.filamu,,,,चिड़िया,1
477298,1759796177,ai.elimu.filamu,{'video_playback_position_ms': 5538},,,चिड़िया,1
477299,1759796279,ai.elimu.filamu,,,,चिड़िया,1
477300,1759796307,ai.elimu.filamu,{'video_playback_position_ms': 13954},,,चिड़िया,1
477301,1759796347,ai.elimu.filamu,,,,चिड़िया,1
477302,1759796358,ai.elimu.filamu,{'video_playback_position_ms': 31275},,,चिड़िया,1
477303,1759796398,ai.elimu.filamu,,,,चिड़िया,1
477304,1759796436,ai.elimu.filamu,{'video_playback_position_ms': 17175},,,चिड़िया,1
477305,1759796530,ai.elimu.filamu,,,,चिड़िया,1
477306,1759796577,ai.elimu.filamu,{'video_playback_position_ms': 18982},,,चिड़िया,1
477307,1759796619,ai.elimu.filamu,,,,चिड़िया,1
477308,1759796666,ai.elimu.filamu,{'video_playback_position_ms': 57548},,,चिड़िया,1
477309,1759796761,ai.elimu.filamu,,,,चिड़िया,1
477310,1759796816,ai.elimu.filamu,{'video_playback_position_ms': 19351},,,चिड़िया,1
477311,1759796856,ai.elimu.filamu,,,,चिड़िया,1
477312,1759796872,ai.elimu.filamu,{'video_playback_position_ms': 43773},,,चिड़िया,1
477313,1759796974,ai.elimu.filamu,,,,चिड़िया,1
477314,1759796994,ai.elimu.filamu,{'video_playback_position_ms': 30053},,,चिड़िया,1
477315,1759797082,ai.elimu.filamu,,,,चिड़िया,1
477316,1759797110,ai.elimu.filamu,{'video_playback_position_ms': 43837},,,चिड़िया,1
477317,1759797150,ai.elimu.filamu,,,,चिड़िया,1
477318,1759797175,ai.elimu.filamu,{'video_playback_position_ms': 22936},,,चिड़िया,1
477319,1759797222,ai.elimu.filamu,,,,चिड़िया,1
477320,1759797226,ai.elimu.filamu,{'video_playback_position_ms': 4161},,,चिड़िया,1
477321,1759797321,ai.elimu.filamu,,,,चिड़िया,1
477322,1759797364,ai.elimu.filamu,{'video_playback_position_ms': 13283},,,चिड़िया,1
477323,1759797458,ai.elimu.filamu,,,,चिड़िया,1
477324,1759797463,ai.elimu.filamu,{'video_playback_position_ms': 49471},,,चिड़िया,1
477423,1760053259,ai.elimu.filamu,,,,चिड़िया,1
477424,1760053277,ai.elimu.filamu,{'video_playback_position_ms': 10360},,,चिड़िया,1
477425,1760053377,ai.elimu.filamu,,,,चिड़िया,1
477426,1760053391,ai.elimu.filamu,{'video_playback_position_ms': 25313},,,चिड़िया,1
477427,1760053406,ai.elimu.filamu,,,,चिड़िया,1
477428,1760053458,ai.elimu.filamu,{'video_playback_position_ms': 24566},,,चिड़िया,1
477429,1760053553,ai.elimu.filamu,,,,चिड़िया,1
477430,1760053558,ai.elimu.filamu,{'video_playback_position_ms': 57527},,,चिड़िया,1
477431,1760053617,ai.elimu.filamu,,,,चिड़िया,1
477432,1760053667,ai.elimu.filamu,{'video_playback_position_ms': 8446},,,चिड़िया,1
477433,1760053750,ai.elimu.filamu,,,,चिड़िया,1
477434,1760053761,ai.elimu.filamu,{'video_playback_position_ms': 13766},,,चिड़िया,1
477435,1760053782,ai.elimu.filamu,,,,चिड़िया,1
477436,1760053836,ai.elimu.filamu,{'video_playback_position_ms': 57930},,,चिड़िया,1
477437,1760053929,ai.elimu.filamu,,,,चिड़िया,1
477438,1760053970,ai.elimu.filamu,{'video_playback_position_ms': 28724},,,चिड़िया,1
477439,1760054071,ai.elimu.filamu,,,,चिड़िया,1
477440,1760054122,ai.elimu.filamu,{'video_playback_position_ms': 40997},,,चिड़िया,1
477441,1760054169,ai.elimu.filamu,,,,चिड़िया,1
477442,1760054208,ai.elimu.filamu,{'video_playback_position_ms': 48202},,,चिड़िया,1
477443,1760054292,ai.elimu.filamu,,,,चिड़िया,1
477444,1760054349,ai.elimu.filamu,{'video_playback_position_ms': 49285},,,चिड़िया,1
477445,1760054397,ai.elimu.filamu,,,,चिड़िया,1
477446,1760054405,ai.elimu.filamu,{'video_playback_position_ms': 33222},,,चिड़िया,1
477447,1760054470,ai.elimu.filamu,,,,चिड़िया,1
477448,1760054526,ai.elimu.filamu,{'video_playback_position_ms': 22112},,,चिड़िया,1
477449,1760054555,ai.elimu.filamu,,,,चिड़िया,1
477450,1760054590,ai.elimu.filamu,{'video_playback_position_ms': 50097},,,चिड़िया,1
477451,1760054708,ai.elimu.filamu,,,,चिड़िया,1
477452,1760054726,ai.elimu.filamu,{'video_playback_position_ms': 19738},,,चिड़िया,1
477453,1760054767,ai.elimu.filamu,,,,चिड़िया,1
477454,1760054797,ai.elimu.filamu,{'video_playback_position_ms': 6877},,,चिड़िया,1
477455,1760054857,ai.elimu.filamu,,,,चिड़िया,1
477456,1760054893,ai.elimu.filamu,{'video_playback_position_ms': 48696},,,चिड़िया,1
477457,1760054931,ai.elimu.filamu,,,,चिड़िया,1
477458,1760054980,ai.elimu.filamu,{'video_playback_position_ms': 10931},,,चिड़िया,1
477459,1760055056,ai.elimu.filamu,,,,चिड़िया,1
477460,1760055091,ai.elimu.filamu,{'video_playback_position_ms': 16009},,,चिड़िया,1
477493,1760139845,ai.elimu.filamu,,,,चिड़िया,1
477494,1760139901,ai.elimu.filamu,{'video_playback_position_ms': 29316},,,चिड़िया,1
477495,1760139942,ai.elimu.filamu,,,,चिड़िया,1
477496,1760139968,ai.elimu.filamu,{'video_playback_position_ms': 36522},,,चिड़िया,1
477497,1760140078,ai.elimu.filamu,,,,चिड़िया,1
477498,1760140129,ai.elimu.filamu,{'video_playback_position_ms': 14633},,,चिड़िया,1
477499,1760140216,ai.elimu.filamu,,,,चिड़िया,1
477500,1760140224,ai.elimu.filamu,{'video_playback_position_ms': 9949},,,चिड़िया,1
477501,1760140312,ai.elimu.filamu,,,,चिड़िया,1
477502,1760140330,ai.elimu.filamu,{'video_playback_position_ms': 7635},,,चिड़िया,1
477549,1760316300,ai.elimu.filamu,,,,चिड़िया,1
477550,1760316348,ai.elimu.filamu,{'video_playback_position_ms': 17282},,,चिड़िया,1
477551,1760316393,ai.elimu.filamu,,,,चिड़िया,1
477552,1760316414,ai.elimu.filamu,{'video_playback_position_ms': 53278},,,चिड़िया,1
477553,1760316445,ai.elimu.filamu,,,,चिड़िया,1
477554,1760316483,ai.elimu.filamu,{'video_playback_position_ms': 22164},,,चिड़िया,1
477555,1760316516,ai.elimu.filamu,,,,चिड़िया,1
477556,1760316545,ai.elimu.filamu,{'video_playback_position_ms': 47752},,,चिड़िया,1
477557,1760316613,ai.elimu.filamu,,,,चिड़िया,1
477558,1760316668,ai.elimu.filamu,{'video_playback_position_ms': 39036},,,चिड़िया,1
477559,1760316730,ai.elimu.filamu,,,,चिड़िया,1
477560,1760316763,ai.elimu.filamu,{'video_playback_position_ms': 42355},,,चिड़िया,1
477561,1760316819,ai.elimu.filamu,,,,चिड़िया,1
477562,1760316855,ai.elimu.filamu,{'video_playback_position_ms': 20322},,,चिड़िया,1
477563,1760316903,ai.elimu.filamu,,,,चिड़िया,1
477564,1760316962,ai.elimu.filamu,{'video_playback_position_ms': 58697},,,चिड़िया,1
477565,1760317021,ai.elimu.filamu,,,,चिड़िया,1
477566,1760317073,ai.elimu.filamu,{'video_playback_position_ms': 50517},,,चिड़िया,1
477567,1760317164,ai.elimu.filamu,,,,चिड़िया,1
477568,1760317209,ai.elimu.filamu,{'video_playback_position_ms': 11379},,,चिड़िया,1
477569,1760317278,ai.elimu.filamu,,,,चिड़िया,1
477570,1760317328,ai.elimu.filamu,{'video_playback_position_ms': 50618},,,चिड़िया,1
477571,1760317395,ai.elimu.filamu,,,,चिड़िया,1
477572,1760317411,ai.elimu.filamu,{'video_playback_position_ms': 37868},,,चिड़िया,1
477573,1760317484,ai.elimu.filamu,,,,चिड़िया,1
477574,1760317489,ai.elimu.filamu,{'video_playback_position_ms': 22399},,,चिड़िया,1
477575,1760317515,ai.elimu.filamu,,,,चिड़िया,1
477576,1760317559,ai.elimu.filamu,{'video_playback_position_ms': 12738},,,चिड़िया,1
477595,1760400056,ai.elimu.filamu,,,,चिड़िया,1
477596,1760400093,ai.elimu.filamu,{'video_playback_position_ms': 24729},,,चिड़िया,1
477597,1760400208,ai.elimu.filamu,,,,चिड़िया,1
477598,1760400223,ai.elimu.filamu,{'video_playback_position_ms': 43560},,,चिड़िया,1
477599,1760400269,ai.elimu.filamu,,,,चिड़िया,1
477600,1760400273,ai.elimu.filamu,{'video_playback_position_ms': 35899},,,चिड़िया,1
477601,1760400332,ai.elimu.filamu,,,,चिड़िया,1
477602,1760400374,ai.elimu.filamu,{'video_playback_position_ms': 6128},,,चिड़िया,1
477603,1760400446,ai.elimu.filamu,,,,चिड़िया,1
477604,1760400457,ai.elimu.filamu,{'video_playback_position_ms': 53094},,,चिड़िया,1
477605,1760400570,ai.elimu.filamu,,,,चिड़िया,1
477606,1760400602,ai.elimu.filamu,{'video_playback_position_ms': 7594},,,चिड़िया,1
477607,1760400650,ai.elimu.filamu,,,,चिड़िया,1
477608,1760400689,ai.elimu.filamu,{'video_playback_position_ms': 53804},,,चिड़िया,1
477609,1760400754,ai.elimu.filamu,,,,चिड़िया,1
477610,1760400788,ai.elimu.filamu,{'video_playback_position_ms': 25216},,,चिड़िया,1
477611,1760400886,ai.elimu.filamu,,,,चिड़िया,1
477612,1760400906,ai.elimu.filamu,{'video_playback_position_ms': 48246},,,चिड़िया,1
477613,1760400932,ai.elimu.filamu,,,,चिड़िया,1
477614,1760400975,ai.elimu.filamu,{'video_playback_position_ms': 35568},,,चिड़िया,1
477615,1760401000,ai.elimu.filamu,,,,चिड़िया,1
477616,1760401044,ai.elimu.filamu,{'video_playback_position_ms': 53947},,,चिड़िया,1
477617,1760401102,ai.elimu.filamu,,,,चिड़िया,1
477618,1760401139,ai.elimu.filamu,{'video_playback_position_ms': 23865},,,चिड़िया,1
477619,1760401190,ai.elimu.filamu,,,,चिड़िया,1
477620,1760401203,ai.elimu.filamu,{'video_playback_position_ms': 39375},,,चिड़िया,1
477621,1760401265,ai.elimu.filamu,,,,चिड़िया,1
477622,1760401287,ai.elimu.filamu,{'video_playback_position_ms': 29611},,,चिड़िया,1
477623,1760401310,ai.elimu.filamu,,,,चिड़िया,1
477624,1760401337,ai.elimu.filamu,{'video_playback_position_ms': 13827},,,चिड़िया,1
477663,1760486884,ai.elimu.filamu,,,,चिड़िया,1
477664,1760486919,ai.elimu.filamu,{'video_playback_position_ms': 2951},,,चिड़िया,1
477665,1760486967,ai.elimu.filamu,,,,चिड़िया,1
477666,1760487008,ai.elimu.filamu,{'video_playback_position_ms': 46547},,,चिड़िया,1
477667,1760487096,ai.elimu.filamu,,,,चिड़िया,1
477668,1760487127,ai.elimu.filamu,{'video_playback_position_ms': 50624},,,चिड़िया,1
477669,1760487147,ai.elimu.filamu,,,,चिड़िया,1
477670,1760487155,ai.elimu.filamu,{'video_playback_position_ms': 34010},,,चिड़िया,1
477671,1760487202,ai.elimu.filamu,,,,चिड़िया,1
477672,1760487204,ai.elimu.filamu,{'video_playback_position_ms': 30692},,,चिड़िया,1
477673,1760487241,ai.elimu.filamu,,,,चिड़िया,1
477674,1760487255,ai.elimu.filamu,{'video_playback_position_ms': 57222},,,चिड़िया,1
477675,1760487321,ai.elimu.filamu,,,,चिड़िया,1
477676,1760487378,ai.elimu.filamu,{'video_playback_position_ms': 2814},,,चिड़िया,1
477677,1760487457,ai.elimu.filamu,,,,चिड़िया,1
477678,1760487484,ai.elimu.filamu,{'video_playback_position_ms': 35085},,,चिड़िया,1
477679,1760487561,ai.elimu.filamu,,,,चिड़िया,1
477680,1760487597,ai.elimu.filamu,{'video_playback_position_ms': 25920},,,चिड़िया,1
477681,1760487644,ai.elimu.filamu,,,,चिड़िया,1
477682,1760487685,ai.elimu.filamu,{'video_playback_position_ms': 5535},,,चिड़िया,1
477683,1760487790,ai.elimu.filamu,,,,चिड़िया,1
477684,1760487803,ai.elimu.filamu,{'video_playback_position_ms': 38643},,,चिड़िया,1
477685,1760487882,ai.elimu.filamu,,,,चिड़िया,1
477686,1760487939,ai.elimu.filamu,{'video_playback_position_ms': 6209},,,चिड़िया,1
477687,1760487967,ai.elimu.filamu,,,,चिड़िया,1
477688,1760487991,ai.elimu.filamu,{'video_playback_position_ms': 24351},,,चिड़िया,1
477689,1760488015,ai.elimu.filamu,,,,चिड़िया,1
477690,1760488065,ai.elimu.filamu,{'video_playback_position_ms': 40138},,,चिड़िया,1
477691,1760488109,ai.elimu.filamu,,,,चिड़िया,1
477692,1760488113,ai.elimu.filamu,{'video_playback_position_ms': 16678},,,चिड़िया,1
477693,1760488174,ai.elimu.filamu,,,,चिड़िया,1
477694,1760488179,ai.elimu.filamu,{'video_playback_position_ms': 40245},,,चिड़िया,1
477695,1760488194,ai.elimu.filamu,,,,चिड़िया,1
477696,1760488228,ai.elimu.filamu,{'video_playback_position_ms': 9916},,,चिड़िया,1
477697,1760488276,ai.elimu.filamu,,,,चिड़िया,1
477698,1760488322,ai.elimu.filamu,{'video_playback_position_ms': 16565},,,चिड़िया,1
477699,1760488382,ai.elimu.filamu,,,,चिड़िया,1
477700,1760488393,ai.elimu.filamu,{'video_playback_position_ms': 48919},,,चिड़िया,1
477733,1760572070,ai.elimu.filamu,,,,चिड़िया,1
477734,1760572076,ai.elimu.filamu,{'video_playback_position_ms': 18356},,,चिड़िया,1
477735,1760572186,ai.elimu.filamu,,,,चिड़िया,1
477736,1760572189,ai.elimu.filamu,{'video_playback_position_ms': 12093},,,चिड़िया,1
477737,1760572220,ai.elimu.filamu,,,,चिड़िया,1
477738,1760572261,ai.elimu.filamu,{'video_playback_position_ms': 26108},,,चिड़िया,1
477739,1760572363,ai.elimu.filamu,,,,चिड़िया,1
477740,1760572376,ai.elimu.filamu,{'video_playback_position_ms': 22872},,,चिड़िया,1
477741,1760572444,ai.elimu.filamu,,,,चिड़िया,1
477742,1760572478,ai.elimu.filamu,{'video_playback_position_ms': 3249},,,चिड़िया,1
477743,1760572587,ai.elimu.filamu,,,,चिड़िया,1
477744,1760572636,ai.elimu.filamu,{'video_playback_position_ms': 4882},,,चिड़िया,1
477745,1760572707,ai.elimu.filamu,,,,चिड़िया,1
477746,1760572727,ai.elimu.filamu,{'video_playback_position_ms': 55381},,,चिड़िया,1
477747,1760572787,ai.elimu.filamu,,,,चिड़िया,1
477748,1760572799,ai.elimu.filamu,{'video_playback_position_ms': 46670},,,चिड़िया,1
477749,1760572868,ai.elimu.filamu,,,,चिड़िया,1
477750,1760572914,ai.elimu.filamu,{'video_playback_position_ms': 16841},,,चिड़िया,1
477779,1760658023,ai.elimu.filamu,,,,चिड़िया,1
477780,1760658027,ai.elimu.filamu,{'video_playback_position_ms': 45943},,,चिड़िया,1
477781,1760658129,ai.elimu.filamu,,,,चिड़िया,1
477782,1760658176,ai.elimu.filamu,{'video_playback_position_ms': 26920},,,चिड़िया,1
477783,1760658296,ai.elimu.filamu,,,,चिड़िया,1
477784,1760658313,ai.elimu.filamu,{'video_playback_position_ms': 25478},,,चिड़िया,1
477785,1760658335,ai.elimu.filamu,,,,चिड़िया,1
477786,1760658348,ai.elimu.filamu,{'video_playback_position_ms': 24963},,,चिड़िया,1
477787,1760658391,ai.elimu.filamu,,,,चिड़िया,1
477788,1760658428,ai.elimu.filamu,{'video_playback_position_ms': 31383},,,चिड़िया,1
477789,1760658509,ai.elimu.filamu,,,,चिड़िया,1
477790,1760658545,ai.elimu.filamu,{'video_playback_position_ms': 15875},,,चिड़िया,1
477791,1760658660,ai.elimu.filamu,,,,चिड़िया,1
477792,1760658677,ai.elimu.filamu,{'video_playback_position_ms': 31275},,,चिड़िया,1
477793,1760658752,ai.elimu.filamu,,,,चिड़िया,1
477794,1760658785,ai.elimu.filamu,{'video_playback_position_ms': 23765},,,चिड़िया,1
477847,1760831528,ai.elimu.filamu,,,,चिड़िया,1
477848,1760831553,ai.elimu.filamu,{'video_playback_position_ms': 22686},,,चिड़िया,1
477849,1760831576,ai.elimu.filamu,,,,चिड़िया,1
477850,1760831601,ai.elimu.filamu,{'video_playback_position_ms': 49157},,,चिड़िया,1
477851,1760831673,ai.elimu.filamu,,,,चिड़िया,1
477852,1760831690,ai.elimu.filamu,{'video_playback_position_ms': 27984},,,चिड़िया,1
477853,1760831756,ai.elimu.filamu,,,,चिड़िया,1
477854,1760831800,ai.elimu.filamu,{'video_playback_position_ms': 51304},,,चिड़िया,1
477855,1760831834,ai.elimu.filamu,,,,चिड़िया,1
477856,1760831882,ai.elimu.filamu,{'video_playback_position_ms': 42200},,,चिड़िया,1
477857,1760831944,ai.elimu.filamu,,,,चिड़िया,1
477858,1760831963,ai.elimu.filamu,{'video_playback_position_ms': 31107},,,चिड़िया,1
477859,1760832027,ai.elimu.filamu,,,,चिड़िया,1
477860,1760832042,ai.elimu.filamu,{'video_playback_position_ms': 31949},,,चिड़िया,1
477861,1760832060,ai.elimu.filamu,,,,चिड़िया,1
477862,1760832063,ai.elimu.filamu,{'video_playback_position_ms': 16928},,,चिड़िया,1
477863,1760832137,ai.elimu.filamu,,,,चिड़िया,1
477864,1760832162,ai.elimu.filamu,{'video_playback_position_ms': 41626},,,चिड़िया,1
477865,1760832205,ai.elimu.filamu,,,,चिड़िया,1
477866,1760832264,ai.elimu.filamu,{'video_playback_position_ms': 35485},,,चिड़िया,1
477867,1760832313,ai.elimu.filamu,,,,चिड़िया,1
477868,1760832352,ai.elimu.filamu,{'video_playback_position_ms': 36059},,,चिड़िया,1
477869,1760832417,ai.elimu.filamu,,,,चिड़िया,1
477870,1760832421,ai.elimu.filamu,{'video_playback_position_ms': 4262},,,चिड़िया,1
477871,1760832497,ai.elimu.filamu,,,,चिड़िया,1
477872,1760832522,ai.elimu.filamu,{'video_playback_position_ms': 22034},,,चिड़िया,1
477873,1760832541,ai.elimu.filamu,,,,चिड़िया,1
477874,1760832591,ai.elimu.filamu,{'video_playback_position_ms': 11226},,,चिड़िया,1
477875,1760832612,ai.elimu.filamu,,,,चिड़िया,1
477876,1760832667,ai.elimu.filamu,{'video_playback_position_ms': 26355},,,चिड़िया,1
477877,1760832764,ai.elimu.filamu,,,,चिड़िया,1
477878,1760832771,ai.elimu.filamu,{'video_playback_position_ms': 12210},,,चिड़िया,1
477879,1760832806,ai.elimu.filamu,,,,चिड़िया,1
477880,1760832844,ai.elimu.filamu,{'video_playback_position_ms': 39878},,,चिड़िया,1
477881,1760832895,ai.elimu.filamu,,,,चिड़िया,1
477882,1760832901,ai.elimu.filamu,{'video_playback_position_ms': 46566},,,चिड़िया,1
477931,1761090234,ai.elimu.filamu,,,,चिड़िया,1
477932,1761090262,ai.elimu.filamu,{'video_playback_position_ms': 19464},,,चिड़िया,1
477933,1761090374,ai.elimu.filamu,,,,चिड़िया,1
477934,1761090386,ai.elimu.filamu,{'video_playback_position_ms': 35691},,,चिड़िया,1
477935,1761090489,ai.elimu.filamu,,,,चिड़िया,1
477936,1761090543,ai.elimu.filamu,{'video_playback_position_ms': 28355},,,चिड़िया,1
477937,1761090625,ai.elimu.filamu,,,,चिड़िया,1
477938,1761090640,ai.elimu.filamu,{'video_playback_position_ms': 36229},,,चिड़िया,1
477939,1761090665,ai.elimu.filamu,,,,चिड़िया,1
477940,1761090700,ai.elimu.filamu,{'video_playback_position_ms': 29814},,,चिड़िया,1
477941,1761090781,ai.elimu.filamu,,,,चिड़िया,1
477942,1761090803,ai.elimu.filamu,{'video_playback_position_ms': 27509},,,चिड़िया,1
477943,1761090860,ai.elimu.filamu,,,,चिड़िया,1
477944,1761090918,ai.elimu.filamu,{'video_playback_position_ms': 25754},,,चिड़िया,1
477945,1761091035,ai.elimu.filamu,,,,चिड़िया,1
477946,1761091038,ai.elimu.filamu,{'video_playback_position_ms': 48950},,,चिड़िया,1
477947,1761091133,ai.elimu.filamu,,,,चिड़िया,1
477948,1761091136,ai.elimu.filamu,{'video_playback_position_ms': 11195},,,चिड़िया,1
477949,1761091230,ai.elimu.filamu,,,,चिड़िया,1
477950,1761091247,ai.elimu.filamu,{'video_playback_position_ms': 12437},,,चिड़िया,1
477951,1761091320,ai.elimu.filamu,,,,चिड़िया,1
477952,1761091333,ai.elimu.filamu,{'video_playback_position_ms': 45879},,,चिड़िया,1
477953,1761091405,ai.elimu.filamu,,,,चिड़िया,1
477954,1761091457,ai.elimu.filamu,{'video_playback_position_ms': 47361},,,चिड़िया,1
477955,1761091528,ai.elimu.filamu,,,,चिड़िया,1
477956,1761091546,ai.elimu.filamu,{'video_playback_position_ms': 52652},,,चिड़िया,1
477957,1761091576,ai.elimu.filamu,,,,चिड़िया,1
477958,1761091616,ai.elimu.filamu,{'video_playback_position_ms': 19207},,,चिड़िया,1
477959,1761091657,ai.elimu.filamu,,,,चिड़िया,1
477960,1761091702,ai.elimu.filamu,{'video_playback_position_ms': 29898},,,चिड़िया,1
477961,1761091777,ai.elimu.filamu,,,,चिड़िया,1
477962,1761091781,ai.elimu.filamu,{'video_playback_position_ms': 41576},,,चिड़िया,1
477999,1761177647,ai.elimu.filamu,,,,चिड़िया,1
478000,1761177675,ai.elimu.filamu,{'video_playback_position_ms': 55019},,,चिड़िया,1
478001,1761177698,ai.elimu.filamu,,,,चिड़िया,1
478002,1761177741,ai.elimu.filamu,{'video_playback_position_ms': 36832},,,चिड़िया,1
478003,1761177850,ai.elimu.filamu,,,,चिड़िया,1
478004,1761177869,ai.elimu.filamu,{'video_playback_position_ms': 53002},,,चिड़िया,1
478005,1761177939,ai.elimu.filamu,,,,चिड़िया,1
478006,1761177951,ai.elimu.filamu,{'video_playback_position_ms': 51638},,,चिड़िया,1
478007,1761178015,ai.elimu.filamu,,,,चिड़िया,1
478008,1761178073,ai.elimu.filamu,{'video_playback_position_ms': 31882},,,चिड़िया,1
478009,1761178102,ai.elimu.filamu,,,,चिड़िया,1
478010,1761178122,ai.elimu.filamu,{'video_playback_position_ms': 50365},,,चिड़िया,1
478011,1761178151,ai.elimu.filamu,,,,चिड़िया,1
478012,1761178199,ai.elimu.filamu,{'video_playback_position_ms': 20219},,,चिड़िया,1
478013,1761178244,ai.elimu.filamu,,,,चिड़िया,1
478014,1761178280,ai.elimu.filamu,{'video_playback_position_ms': 6534},,,चिड़िया,1
478015,1761178361,ai.elimu.filamu,,,,चिड़िया,1
478016,1761178386,ai.elimu.filamu,{'video_playback_position_ms': 58989},,,चिड़िया,1
478017,1761178448,ai.elimu.filamu,,,,चिड़िया,1
478018,1761178494,ai.elimu.filamu,{'video_playback_position_ms': 8273},,,चिड़िया,1
478019,1761178521,ai.elimu.filamu,,,,चिड़िया,1
478020,1761178560,ai.elimu.filamu,{'video_playback_position_ms': 5263},,,चिड़िया,1
478021,1761178644,ai.elimu.filamu,,,,चिड़िया,1
478022,1761178650,ai.elimu.filamu,{'video_playback_position_ms': 21127},,,चिड़िया,1
478023,1761178748,ai.elimu.filamu,,,,चिड़िया,1
478024,1761178754,ai.elimu.filamu,{'video_playback_position_ms': 26391},,,चिड़िया,1
478025,1761178841,ai.elimu.filamu,,,,चिड़िया,1
478026,1761178888,ai.elimu.filamu,{'video_playback_position_ms': 8415},,,चिड़िया,1
478027,1761178986,ai.elimu.filamu,,,,चिड़िया,1
478028,1761178996,ai.elimu.filamu,{'video_playback_position_ms': 30847},,,चिड़िया,1
478029,1761179055,ai.elimu.filamu,,,,चिड़िया,1
478030,1761179072,ai.elimu.filamu,{'video_playback_position_ms': 38140},,,चिड़िया,1
478031,1761179133,ai.elimu.filamu,,,,चिड़िया,1
478032,1761179186,ai.elimu.filamu,{'video_playback_position_ms': 34503},,,चिड़िया,1
478033,1761179272,ai.elimu.filamu,,,,चिड़िया,1
478034,1761179323,ai.elimu.filamu,{'video_playback_position_ms': 57422},,,चिड़िया,1
478035,1761179395,ai.elimu.filamu,,,,चिड़िया,1
478036,1761179417,ai.elimu.filamu,{'video_playback_position_ms': 13773},,,चिड़िया,1
478113,1761522697,ai.elimu.filamu,,,,चिड़िया,1
478114,1761522743,ai.elimu.filamu,{'video_playback_position_ms': 42023},,,चिड़िया,1
478115,1761522822,ai.elimu.filamu,,,,चिड़िया,1
478116,1761522881,ai.elimu.filamu,{'video_playback_position_ms': 20732},,,चिड़िया,1
478117,1761522957,ai.elimu.filamu,,,,चिड़िया,1
478118,1761523012,ai.elimu.filamu,{'video_playback_position_ms': 50890},,,चिड़िया,1
478119,1761523032,ai.elimu.filamu,,,,चिड़िया,1
478120,1761523085,ai.elimu.filamu,{'video_playback_position_ms': 46456},,,चिड़िया,1
478121,1761523203,ai.elimu.filamu,,,,चिड़िया,1
478122,1761523211,ai.elimu.filamu,{'video_playback_position_ms': 1799},,,चिड़िया,1
478123,1761523231,ai.elimu.filamu,,,,चिड़िया,1
478124,1761523243,ai.elimu.filamu,{'video_playback_position_ms': 40537},,,चिड़िया,1
478125,1761523323,ai.elimu.filamu,,,,चिड़िया,1
478126,1761523331,ai.elimu.filamu,{'video_playback_position_ms': 32278},,,चिड़िया,1
478127,1761523392,ai.elimu.filamu,,,,चिड़िया,1
478128,1761523400,ai.elimu.filamu,{'video_playback_position_ms': 11066},,,चिड़िया,1
478129,1761523479,ai.elimu.filamu,,,,चिड़िया,1
478130,1761523502,ai.elimu.filamu,{'video_playback_position_ms': 14009},,,चिड़िया,1
478131,1761523572,ai.elimu.filamu,,,,चिड़िया,1
478132,1761523620,ai.elimu.filamu,{'video_playback_position_ms': 42053},,,चिड़िया,1
478133,1761523732,ai.elimu.filamu,,,,चिड़िया,1
478134,1761523778,ai.elimu.filamu,{'video_playback_position_ms': 5458},,,चिड़िया,1
478135,1761523815,ai.elimu.filamu,,,,चिड़िया,1
478136,1761523870,ai.elimu.filamu,{'video_playback_position_ms': 26390},,,चिड़िया,1
478175,1761610993,ai.elimu.filamu,,,,चिड़िया,1
478176,1761611040,ai.elimu.filamu,{'video_playback_position_ms': 36496},,,चिड़िया,1
478177,1761611058,ai.elimu.filamu,,,,चिड़िया,1
478178,1761611091,ai.elimu.filamu,{'video_playback_position_ms': 6868},,,चिड़िया,1
478179,1761611152,ai.elimu.filamu,,,,चिड़िया,1
478180,1761611182,ai.elimu.filamu,{'video_playback_position_ms': 8496},,,चिड़िया,1
478181,1761611226,ai.elimu.filamu,,,,चिड़िया,1
478182,1761611267,ai.elimu.filamu,{'video_playback_position_ms': 2038},,,चिड़िया,1
478183,1761611321,ai.elimu.filamu,,,,चिड़िया,1
478184,1761611352,ai.elimu.filamu,{'video_playback_position_ms': 52341},,,चिड़िया,1
478185,1761611405,ai.elimu.filamu,,,,चिड़िया,1
478186,1761611457,ai.elimu.filamu,{'video_playback_position_ms': 42761},,,चिड़िया,1
478187,1761611540,ai.elimu.filamu,,,,चिड़िया,1
478188,1761611554,ai.elimu.filamu,{'video_playback_position_ms': 5782},,,चिड़िया,1
478189,1761611652,ai.elimu.filamu,,,,चिड़िया,1
478190,1761611707,ai.elimu.filamu,{'video_playback_position_ms': 44897},,,चिड़िया,1
478191,1761611802,ai.elimu.filamu,,,,चिड़िया,1
478192,1761611846,ai.elimu.filamu,{'video_playback_position_ms': 50654},,,चिड़िया,1
478221,1761866785,ai.elimu.filamu,,,,चिड़िया,1
478222,1761866810,ai.elimu.filamu,{'video_playback_position_ms': 9669},,,चिड़िया,1
478223,1761866886,ai.elimu.filamu,,,,चिड़िया,1
478224,1761866898,ai.elimu.filamu,{'video_playback_position_ms': 43735},,,चिड़िया,1
478225,1761867002,ai.elimu.filamu,,,,चिड़िया,1
478226,1761867054,ai.elimu.filamu,{'video_playback_position_ms': 39143},,,चिड़िया,1
478227,1761867128,ai.elimu.filamu,,,,चिड़िया,1
478228,1761867132,ai.elimu.filamu,{'video_playback_position_ms': 31871},,,चिड़िया,1
478229,1761867183,ai.elimu.filamu,,,,चिड़िया,1
478230,1761867197,ai.elimu.filamu,{'video_playback_position_ms': 4270},,,चिड़िया,1
478231,1761867247,ai.elimu.filamu,,,,चिड़िया,1
478232,1761867293,ai.elimu.filamu,{'video_playback_position_ms': 50338},,,चिड़िया,1
478233,1761867363,ai.elimu.filamu,,,,चिड़िया,1
478234,1761867420,ai.elimu.filamu,{'video_playback_position_ms': 34833},,,चिड़िया,1
478235,1761867524,ai.elimu.filamu,,,,चिड़िया,1
478236,1761867540,ai.elimu.filamu,{'video_playback_position_ms': 28852},,,चिड़िया,1
478237,1761867620,ai.elimu.filamu,,,,चिड़िया,1
478238,1761867667,ai.elimu.filamu,{'video_playback_position_ms': 11720},,,चिड़िया,1
478239,1761867747,ai.elimu.filamu,,,,चिड़िया,1
478240,1761867774,ai.elimu.filamu,{'video_playback_position_ms': 44251},,,चिड़िया,1
478241,1761867820,ai.elimu.filamu,,,,चिड़िया,1
478242,1761867860,ai.elimu.filamu,{'video_playback_position_ms': 31079},,,चिड़िया,1
478243,1761867964,ai.elimu.filamu,,,,चिड़िया,1
478244,1761868011,ai.elimu.filamu,{'video_playback_position_ms': 45797},,,चिड़िया,1
478245,1761868053,ai.elimu.filamu,,,,चिड़िया,1
478246,1761868073,ai.elimu.filamu,{'video_playback_position_ms': 52214},,,चिड़िया,1
478247,1761868126,ai.elimu.filamu,,,,चिड़िया,1
478248,1761868167,ai.elimu.filamu,{'video_playback_position_ms': 20897},,,चिड़िया,1
478249,1761868186,ai.elimu.filamu,,,,चिड़िया,1
478250,1761868238,ai.elimu.filamu,{'video_playback_position_ms': 16441},,,चिड़िया,1
478281,1762473756,ai.elimu.filamu,,,,चिड़िया,1
478282,1762473805,ai.elimu.filamu,{'video_playback_position_ms': 25954},,,चिड़िया,1
478283,1762473909,ai.elimu.filamu,,,,चिड़िया,1
478284,1762473927,ai.elimu.filamu,{'video_playback_position_ms': 57607},,,चिड़िया,1
478285,1762473950,ai.elimu.filamu,,,,चिड़िया,1
478286,1762473993,ai.elimu.filamu,{'video_playback_position_ms': 25970},,,चिड़िया,1
478287,1762474104,ai.elimu.filamu,,,,चिड़िया,1
478288,1762474139,ai.elimu.filamu,{'video_playback_position_ms': 45454},,,चिड़िया,1
478289,1762474182,ai.elimu.filamu,,,,चिड़िया,1
478290,1762474211,ai.elimu.filamu,{'video_playback_position_ms': 51949},,,चिड़िया,1
478291,1762474322,ai.elimu.filamu,,,,चिड़िया,1
478292,1762474333,ai.elimu.filamu,{'video_playback_position_ms': 51427},,,चिड़िया,1
478293,1762474446,ai.elimu.filamu,,,,चिड़िया,1
478294,1762474468,ai.elimu.filamu,{'video_playback_position_ms': 2772},,,चिड़िया,1
478295,1762474494,ai.elimu.filamu,,,,चिड़िया,1
478296,1762474504,ai.elimu.filamu,{'video_playback_position_ms': 37702},,,चिड़िया,1
478297,1762474609,ai.elimu.filamu,,,,चिड़िया,1
478298,1762474612,ai.elimu.filamu,{'video_playback_position_ms': 38880},,,चिड़िया,1
478341,1763077970,ai.elimu.filamu,,,,चिड़िया,1
478342,1763078013,ai.elimu.filamu,{'video_playback_position_ms': 41433},,,चिड़िया,1
478343,1763078127,ai.elimu.filamu,,,,चिड़िया,1
478344,1763078175,ai.elimu.filamu,{'video_playback_position_ms': 42403},,,चिड़िया,1
478345,1763078254,ai.elimu.filamu,,,,चिड़िया,1
478346,1763078292,ai.elimu.filamu,{'video_playback_position_ms': 18259},,,चिड़िया,1
478347,1763078326,ai.elimu.filamu,,,,चिड़िया,1
478348,1763078360,ai.elimu.filamu,{'video_playback_position_ms': 54458},,,चिड़िया,1
478349,1763078442,ai.elimu.filamu,,,,चिड़िया,1
478350,1763078452,ai.elimu.filamu,{'video_playback_position_ms': 32438},,,चिड़िया,1
478351,1763078507,ai.elimu.filamu,,,,चिड़िया,1
478352,1763078535,ai.elimu.filamu,{'video_playback_position_ms': 59473},,,चिड़िया,1
478353,1763078603,ai.elimu.filamu,,,,चिड़िया,1
478354,1763078626,ai.elimu.filamu,{'video_playback_position_ms': 7646},,,चिड़िया,1
478355,1763078728,ai.elimu.filamu,,,,चिड़िया,1
478356,1763078769,ai.elimu.filamu,{'video_playback_position_ms': 50273},,,चिड़िया,1
478357,1763078800,ai.elimu.filamu,,,,चिड़िया,1
478358,1763078816,ai.elimu.filamu,{'video_playback_position_ms': 6467},,,चिड़िया,1
478395,1763509378,ai.elimu.filamu,,,,चिड़िया,1
478396,1763509421,ai.elimu.filamu,{'video_playback_position_ms': 5810},,,चिड़िया,1
478397,1763509498,ai.elimu.filamu,,,,चिड़िया,1
478398,1763509556,ai.elimu.filamu,{'video_playback_position_ms': 8315},,,चिड़िया,1
478399,1763509614,ai.elimu.filamu,,,,चिड़िया,1
478400,1763509646,ai.elimu.filamu,{'video_playback_position_ms': 54785},,,चिड़िया,1
478401,1763509709,ai.elimu.filamu,,,,चिड़िया,1
478402,1763509748,ai.elimu.filamu,{'video_playback_position_ms': 28946},,,चिड़िया,1
478403,1763509808,ai.elimu.filamu,,,,चिड़िया,1
478404,1763509820,ai.elimu.filamu,{'video_playback_position_ms': 11818},,,चिड़िया,1
478405,1763509915,ai.elimu.filamu,,,,चिड़िया,1
478406,1763509938,ai.elimu.filamu,{'video_playback_position_ms': 46103},,,चिड़िया,1
478407,1763510019,ai.elimu.filamu,,,,चिड़िया,1
478408,1763510073,ai.elimu.filamu,{'video_playback_position_ms': 29313},,,चिड़िया,1
478409,1763510187,ai.elimu.filamu,,,,चिड़िया,1
478410,1763510195,ai.elimu.filamu,{'video_playback_position_ms': 56938},,,चिड़िया,1
478411,1763510227,ai.elimu.filamu,,,,चिड़िया,1
478412,1763510241,ai.elimu.filamu,{'video_playback_position_ms': 38720},,,चिड़िया,1
478413,1763510339,ai.elimu.filamu,,,,चिड़िया,1
478414,1763510391,ai.elimu.filamu,{'video_playback_position_ms': 48021},,,चिड़िया,1
478415,1763510486,ai.elimu.filamu,,,,चिड़िया,1
478416,1763510517,ai.elimu.filamu,{'video_playback_position_ms': 56893},,,चिड़िया,1
478417,1763510606,ai.elimu.filamu,,,,चिड़िया,1
478418,1763510614,ai.elimu.filamu,{'video_playback_position_ms': 48977},,,चिड़िया,1
478419,1763510681,ai.elimu.filamu,,,,चिड़िया,1
478420,1763510713,ai.elimu.filamu,{'video_playback_position_ms': 3343},,,चिड़िया,1
478421,1763510776,ai.elimu.filamu,,,,चिड़िया,1
478422,1763510811,ai.elimu.filamu,{'video_playback_position_ms': 14462},,,चिड़िया,1
478423,1763510882,ai.elimu.filamu,,,,चिड़िया,1
478424,1763510896,ai.elimu.filamu,{'video_playback_position_ms': 45983},,,चिड़िया,1
478425,1763511008,ai.elimu.filamu,,,,चिड़िया,1
478426,1763511027,ai.elimu.filamu,{'video_playback_position_ms': 23829},,,चिड़िया,1
478427,1763511107,ai.elimu.filamu,,,,चिड़िया,1
478428,1763511139,ai.elimu.filamu,{'video_playback_position_ms': 27233},,,चिड़िया,1
478491,1763942804,ai.elimu.filamu,,,,चिड़िया,1
478492,1763942817,ai.elimu.filamu,{'video_playback_position_ms': 3927},,,चिड़िया,1
478533,1764546576,ai.elimu.filamu,,,,चिड़िया,1
478534,1764546597,ai.elimu.filamu,{'video_playback_position_ms': 58894},,,चिड़िया,1
478535,1764546708,ai.elimu.filamu,,,,चिड़िया,1
478536,1764546724,ai.elimu.filamu,{'video_playback_position_ms': 28700},,,चिड़िया,1
478537,1764546795,ai.elimu.filamu,,,,चिड़िया,1
478538,1764546839,ai.elimu.filamu,{'video_playback_position_ms': 30130},,,चिड़िया,1
478539,1764546939,ai.elimu.filamu,,,,चिड़िया,1
478540,1764546980,ai.elimu.filamu,{'video_playback_position_ms': 20678},,,चिड़िया,1
478541,1764547042,ai.elimu.filamu,,,,चिड़िया,1
478542,1764547067,ai.elimu.filamu,{'video_playback_position_ms': 25746},,,चिड़िया,1
478543,1764547135,ai.elimu.filamu,,,,चिड़िया,1
478544,1764547154,ai.elimu.filamu,{'video_playback_position_ms': 24261},,,चिड़िया,1
478545,1764547188,ai.elimu.filamu,,,,चिड़िया,1
478546,1764547214,ai.elimu.filamu,{'video_playback_position_ms': 24544},,,चिड़िया,1
478547,1764547258,ai.elimu.filamu,,,,चिड़िया,1
478548,1764547277,ai.elimu.filamu,{'video_playback_position_ms': 55077},,,चिड़िया,1
478549,1764547367,ai.elimu.filamu,,,,चिड़िया,1
478550,1764547419,ai.elimu.filamu,{'video_playback_position_ms': 2355},,,चिड़िया,1
478551,1764547533,ai.elimu.filamu,,,,चिड़िया,1
478552,1764547583,ai.elimu.filamu,{'video_playback_position_ms': 39738},,,चिड़िया,1
478553,1764547644,ai.elimu.filamu,,,,चिड़िया,1
478554,1764547703,ai.elimu.filamu,{'video_playback_position_ms': 26212},,,चिड़िया,1
478555,1764547757,ai.elimu.filamu,,,,चिड़िया,1
478556,1764547807,ai.elimu.filamu,{'video_playback_position_ms': 49310},,,चिड़िया,1
478557,1764547871,ai.elimu.filamu,,,,चिड़िया,1
478558,1764547879,ai.elimu.filamu,{'video_playback_position_ms': 53987},,,चिड़िया,1
478559,1764547918,ai.elimu.filamu,,,,चिड़िया,1
478560,1764547955,ai.elimu.filamu,{'video_playback_position_ms': 17288},,,चिड़िया,1
478561,1764548002,ai.elimu.filamu,,,,चिड़िया,1
478562,1764548006,ai.elimu.filamu,{'video_playback_position_ms': 14218},,,चिड़िया,1
478563,1764548037,ai.elimu.filamu,,,,चिड़िया,1
478564,1764548072,ai.elimu.filamu,{'video_playback_position_ms': 30797},,,चिड़िया,1
478565,1764548126,ai.elimu.filamu,,,,चिड़िया,1
478566,1764548167,ai.elimu.filamu,{'video_playback_position_ms': 59589},,,चिड़िया,1
478575,1765498552,ai.elimu.filamu,,,,चिड़िया,1
478576,1765498590,ai.elimu.filamu,{'video_playback_position_ms': 47239},,,चिड़िया,1
478577,1765498680,ai.elimu.filamu,,,,चिड़िया,1
478578,1765498738,ai.elimu.filamu,{'video_playback_position_ms': 14146},,,चिड़िया,1
478613,1765584644,ai.elimu.filamu,,,,चिड़िया,1
478614,1765584650,ai.elimu.filamu,{'video_playback_position_ms': 5044},,,चिड़िया,1
478615,1765584692,ai.elimu.filamu,,,,चिड़िया,1
478616,1765584694,ai.elimu.filamu,{'video_playback_position_ms': 10530},,,चिड़िया,1
478617,1765584742,ai.elimu.filamu,,,,चिड़िया,1
478618,1765584786,ai.elimu.filamu,{'video_playback_position_ms': 1568},,,चिड़िया,1
478619,1765584884,ai.elimu.filamu,,,,चिड़िया,1
478620,1765584943,ai.elimu.filamu,{'video_playback_position_ms': 31564},,,चिड़िया,1
478621,1765585050,ai.elimu.filamu,,,,चिड़िया,1
478622,1765585077,ai.elimu.filamu,{'video_playback_position_ms': 21504},,,चिड़िया,1
478623,1765585189,ai.elimu.filamu,,,,चिड़िया,1
478624,1765585224,ai.elimu.filamu,{'video_playback_position_ms': 53084},,,चिड़िया,1
478625,1765585315,ai.elimu.filamu,,,,चिड़िया,1
478626,1765585327,ai.elimu.filamu,{'video_playback_position_ms': 23783},,,चिड़िया,1
478627,1765585361,ai.elimu.filamu,,,,चिड़िया,1
478628,1765585369,ai.elimu.filamu,{'video_playback_position_ms': 44645},,,चिड़िया,1
478629,1765585483,ai.elimu.filamu,,,,चिड़िया,1
478630,1765585510,ai.elimu.filamu,{'video_playback_position_ms': 55324},,,चिड़िया,1
478631,1765585594,ai.elimu.filamu,,,,चिड़िया,1
478632,1765585641,ai.elimu.filamu,{'video_playback_position_ms': 2818},,,चिड़िया,1
478633,1765585685,ai.elimu.filamu,,,,चिड़िया,1
478634,1765585738,ai.elimu.filamu,{'video_playback_position_ms': 19035},,,चिड़िया,1
478635,1765585780,ai.elimu.filamu,,,,चिड़िया,1
478636,1765585812,ai.elimu.filamu,{'video_playback_position_ms': 41770},,,चिड़िया,1
478637,1765585860,ai.elimu.filamu,,,,चिड़िया,1
478638,1765585918,ai.elimu.filamu,{'video_playback_position_ms': 59285},,,चिड़िया,1
478639,1765585965,ai.elimu.filamu,,,,चिड़िया,1
478640,1765586010,ai.elimu.filamu,{'video_playback_position_ms': 16580},,,चिड़िया,1
478641,1765586109,ai.elimu.filamu,,,,चिड़िया,1
478642,1765586161,ai.elimu.filamu,{'video_playback_position_ms': 31919},,,चिड़िया,1
478643,1765586178,ai.elimu.filamu,,,,चिड़िया,1
478644,1765586232,ai.elimu.filamu,{'video_playback_position_ms': 36009},,,चिड़िया,1
478645,1765586268,ai.elimu.filamu,,,,चिड़िया,1
478646,1765586281,ai.elimu.filamu,{'video_playback_position_ms': 1935},,,चिड़िया,1
478647,1765586368,ai.elimu.filamu,,,,चिड़िया,1
478648,1765586410,ai.elimu.filamu,{'video_playback_position_ms': 43702},,,चिड़िया,1
478755,1766102349,ai.elimu.filamu,,,,चिड़िया,1
478756,1766102401,ai.elimu.filamu,{'video_playback_position_ms': 29487},,,चिड़िया,1
478757,1766102446,ai.elimu.filamu,,,,चिड़िया,1
478758,1766102503,ai.elimu.filamu,{'video_playback_position_ms': 58830},,,चिड़िया,1
478759,1766102620,ai.elimu.filamu,,,,चिड़िया,1
478760,1766102638,ai.elimu.filamu,{'video_playback_position_ms': 15953},,,चिड़िया,1
478761,1766102662,ai.elimu.filamu,,,,चिड़िया,1
478762,1766102708,ai.elimu.filamu,{'video_playback_position_ms': 15067},,,चिड़िया,1
478763,1766102805,ai.elimu.filamu,,,,चिड़िया,1
478764,1766102831,ai.elimu.filamu,{'video_playback_position_ms': 30296},,,चिड़िया,1
478765,1766102911,ai.elimu.filamu,,,,चिड़िया,1
478766,1766102931,ai.elimu.filamu,{'video_playback_position_ms': 53860},,,चिड़िया,1
478767,1766102992,ai.elimu.filamu,,,,चिड़िया,1
478768,1766103037,ai.elimu.filamu,{'video_playback_position_ms': 50650},,,चिड़िया,1
478769,1766103053,ai.elimu.filamu,,,,चिड़िया,1
478770,1766103098,ai.elimu.filamu,{'video_playback_position_ms': 45694},,,चिड़िया,1
478771,1766103177,ai.elimu.filamu,,,,चिड़िया,1
478772,1766103230,ai.elimu.filamu,{'video_playback_position_ms': 9410},,,चिड़िया,1
478773,1766103280,ai.elimu.filamu,,,,चिड़िया,1
478774,1766103301,ai.elimu.filamu,{'video_playback_position_ms': 48582},,,चिड़िया,1
478819,1766189025,ai.elimu.filamu,,,,चिड़िया,1
478820,1766189038,ai.elimu.filamu,{'video_playback_position_ms': 27824},,,चिड़िया,1
478821,1766189153,ai.elimu.filamu,,,,चिड़िया,1
478822,1766189203,ai.elimu.filamu,{'video_playback_position_ms': 6648},,,चिड़िया,1
478823,1766189242,ai.elimu.filamu,,,,चिड़िया,1
478824,1766189288,ai.elimu.filamu,{'video_playback_position_ms': 22673},,,चिड़िया,1
478825,1766189320,ai.elimu.filamu,,,,चिड़िया,1
478826,1766189355,ai.elimu.filamu,{'video_playback_position_ms': 14202},,,चिड़िया,1
478827,1766189379,ai.elimu.filamu,,,,चिड़िया,1
478828,1766189405,ai.elimu.filamu,{'video_playback_position_ms': 42999},,,चिड़िया,1
478829,1766189475,ai.elimu.filamu,,,,चिड़िया,1
478830,1766189509,ai.elimu.filamu,{'video_playback_position_ms': 25955},,,चिड़िया,1
478831,1766189626,ai.elimu.filamu,,,,चिड़िया,1
478832,1766189631,ai.elimu.filamu,{'video_playback_position_ms': 52412},,,चिड़िया,1
478833,1766189671,ai.elimu.filamu,,,,चिड़िया,1
478834,1766189681,ai.elimu.filamu,{'video_playback_position_ms': 21192},,,चिड़िया,1
478835,1766189757,ai.elimu.filamu,,,,चिड़िया,1
478836,1766189808,ai.elimu.filamu,{'video_playback_position_ms': 15330},,,चिड़िया,1
478837,1766189894,ai.elimu.filamu,,,,चिड़िया,1
478838,1766189914,ai.elimu.filamu,{'video_playback_position_ms': 19019},,,चिड़िया,1
478839,1766189982,ai.elimu.filamu,,,,चिड़िया,1
478840,1766190016,ai.elimu.filamu,{'video_playback_position_ms': 5171},,,चिड़िया,1
478841,1766190123,ai.elimu.filamu,,,,चिड़िया,1
478842,1766190147,ai.elimu.filamu,{'video_playback_position_ms': 38690},,,चिड़िया,1
478859,1766273235,ai.elimu.filamu,,,,चिड़िया,1
478860,1766273245,ai.elimu.filamu,{'video_playback_position_ms': 4498},,,चिड़िया,1
478861,1766273273,ai.elimu.filamu,,,,चिड़िया,1
478862,1766273316,ai.elimu.filamu,{'video_playback_position_ms': 57942},,,चिड़िया,1
478863,1766273419,ai.elimu.filamu,,,,चिड़िया,1
478864,1766273478,ai.elimu.filamu,{'video_playback_position_ms': 39633},,,चिड़िया,1
478865,1766273592,ai.elimu.filamu,,,,चिड़िया,1
478866,1766273606,ai.elimu.filamu,{'video_playback_position_ms': 14671},,,चिड़िया,1
478867,1766273709,ai.elimu.filamu,,,,चिड़िया,1
478868,1766273749,ai.elimu.filamu,{'video_playback_position_ms': 13798},,,चिड़िया,1
478869,1766273840,ai.elimu.filamu,,,,चिड़िया,1
478870,1766273863,ai.elimu.filamu,{'video_playback_position_ms': 48635},,,चिड़िया,1
478871,1766273883,ai.elimu.filamu,,,,चिड़िया,1
478872,1766273942,ai.elimu.filamu,{'video_playback_position_ms': 57054},,,चिड़िया,1
478873,1766274062,ai.elimu.filamu,,,,चिड़िया,1
478874,1766274088,ai.elimu.filamu,{'video_playback_position_ms': 39106},,,चिड़िया,1
478875,1766274182,ai.elimu.filamu,,,,चिड़िया,1
478876,1766274231,ai.elimu.filamu,{'video_playback_position_ms': 55370},,,चिड़िया,1
478927,1766878405,ai.elimu.filamu,,,,चिड़िया,1
478928,1766878416,ai.elimu.filamu,{'video_playback_position_ms': 22849},,,चिड़िया,1
478929,1766878504,ai.elimu.filamu,,,,चिड़िया,1
478930,1766878536,ai.elimu.filamu,{'video_playback_position_ms': 47967},,,चिड़िया,1
478931,1766878647,ai.elimu.filamu,,,,चिड़िया,1
478932,1766878671,ai.elimu.filamu,{'video_playback_position_ms': 56102},,,चिड़िया,1
478933,1766878695,ai.elimu.filamu,,,,चिड़िया,1
478934,1766878711,ai.elimu.filamu,{'video_playback_position_ms': 20560},,,चिड़िया,1
478935,1766878794,ai.elimu.filamu,,,,चिड़िया,1
478936,1766878854,ai.elimu.filamu,{'video_playback_position_ms': 35362},,,चिड़िया,1
478937,1766878893,ai.elimu.filamu,,,,चिड़िया,1
478938,1766878898,ai.elimu.filamu,{'video_playback_position_ms': 6721},,,चिड़िया,1
478939,1766878987,ai.elimu.filamu,,,,चिड़िया,1
478940,1766879032,ai.elimu.filamu,{'video_playback_position_ms': 53693},,,चिड़िया,1
478941,1766879131,ai.elimu.filamu,,,,चिड़िया,1
478942,1766879178,ai.elimu.filamu,{'video_playback_position_ms': 6846},,,चिड़िया,1
478943,1766879248,ai.elimu.filamu,,,,चिड़िया,1
478944,1766879282,ai.elimu.filamu,{'video_playback_position_ms': 50496},,,चिड़िया,1
478945,1766879348,ai.elimu.filamu,,,,चिड़िया,1
478946,1766879375,ai.elimu.filamu,{'video_playback_position_ms': 15855},,,चिड़िया,1
478947,1766879464,ai.elimu.filamu,,,,चिड़िया,1
478948,1766879487,ai.elimu.filamu,{'video_playback_position_ms': 31808},,,चिड़िया,1
478949,1766879503,ai.elimu.filamu,,,,चिड़िया,1
478950,1766879514,ai.elimu.filamu,{'video_playback_position_ms': 35354},,,चिड़िया,1
478951,1766879578,ai.elimu.filamu,,,,चिड़िया,1
478952,1766879633,ai.elimu.filamu,{'video_playback_position_ms': 51813},,,चिड़िया,1
478953,1766879718,ai.elimu.filamu,,,,चिड़िया,1
478954,1766879744,ai.elimu.filamu,{'video_playback_position_ms': 46376},,,चिड़िया,1
478955,1766879769,ai.elimu.filamu,,,,चिड़िया,1
478956,1766879792,ai.elimu.filamu,{'video_playback_position_ms': 29369},,,चिड़िया,1
479067,1770596335,ai.elimu.filamu,,,,चिड़िया,1
479068,1770596339,ai.elimu.filamu,{'video_playback_position_ms': 40055},,,चिड़िया,1
479069,1770596377,ai.elimu.filamu,,,,चिड़िया,1
479070,1770596387,ai.elimu.filamu,{'video_playback_position_ms': 38691},,,चिड़िया,1
479071,1770596493,ai.elimu.filamu,,,,चिड़िया,1
479072,1770596507,ai.elimu.filamu,{'video_playback_position_ms': 36230},,,चिड़िया,1
479073,1770596619,ai.elimu.filamu,,,,चिड़िया,1
479074,1770596623,ai.elimu.filamu,{'video_playback_position_ms': 11745},,,चिड़िया,1
479089,1770682242,ai.elimu.filamu,,,,चिड़िया,1
479090,1770682290,ai.elimu.filamu,{'video_playback_position_ms': 27513},,,चिड़िया,1
479091,1770682399,ai.elimu.filamu,,,,चिड़िया,1
479092,1770682432,ai.elimu.filamu,{'video_playback_position_ms': 1559},,,चिड़िया,1
479093,1770682550,ai.elimu.filamu,,,,चिड़िया,1
479094,1770682594,ai.elimu.filamu,{'video_playback_position_ms': 41305},,,चिड़िया,1
479095,1770682618,ai.elimu.filamu,,,,चिड़िया,1
479096,1770682641,ai.elimu.filamu,{'video_playback_position_ms': 6408},,,चिड़िया,1
479097,1770682700,ai.elimu.filamu,,,,चिड़िया,1
479098,1770682760,ai.elimu.filamu,{'video_playback_position_ms': 25598},,,चिड़िया,1
479099,1770682869,ai.elimu.filamu,,,,चिड़िया,1
479100,1770682925,ai.elimu.filamu,{'video_playback_position_ms': 54030},,,चिड़िया,1
479101,1770682956,ai.elimu.filamu,,,,चिड़िया,1
479102,1770682980,ai.elimu.filamu,{'video_playback_position_ms': 44562},,,चिड़िया,1
479103,1770827482,ai.elimu.filamu,,,,चिड़िया,1
479104,1770827503,ai.elimu.filamu,{'video_playback_position_ms': 12703},,,चिड़िया,1
479105,1770827534,ai.elimu.filamu,,,,चिड़िया,1
479106,1770827590,ai.elimu.filamu,{'video_playback_position_ms': 22598},,,चिड़िया,1
479107,1770827610,ai.elimu.filamu,,,,चिड़िया,1
479108,1770827616,ai.elimu.filamu,{'video_playback_position_ms': 36367},,,चिड़िया,1
479109,1770827667,ai.elimu.filamu,,,,चिड़िया,1
479110,1770827713,ai.elimu.filamu,{'video_playback_position_ms': 39941},,,चिड़िया,1
479111,1770827762,ai.elimu.filamu,,,,चिड़िया,1
479112,1770827784,ai.elimu.filamu,{'video_playback_position_ms': 12006},,,चिड़िया,1
479113,1770827829,ai.elimu.filamu,,,,चिड़िया,1
479114,1770827879,ai.elimu.filamu,{'video_playback_position_ms': 30068},,,चिड़िया,1
479115,1770827953,ai.elimu.filamu,,,,चिड़िया,1
479116,1770827992,ai.elimu.filamu,{'video_playback_position_ms': 31898},,,चिड़िया,1
479117,1770828087,ai.elimu.filamu,,,,चिड़िया,1
479118,1770828092,ai.elimu.filamu,{'video_playback_position_ms': 6143},,,चिड़िया,1
479119,1770828140,ai.elimu.filamu,,,,चिड़िया,1
479120,1770828195,ai.elimu.filamu,{'video_playback_position_ms': 39841},,,चिड़िया,1
479121,1770828227,ai.elimu.filamu,,,,चिड़िया,1
479122,1770828269,ai.elimu.filamu,{'video_playback_position_ms': 56216},,,चिड़िया,1
479123,1770828349,ai.elimu.filamu,,,,चिड़िया,1
479124,1770828355,ai.elimu.filamu,{'video_playback_position_ms': 54577},,,चिड़िया,1
479125,1770828379,ai.elimu.filamu,,,,चिड़िया,1
479126,1770828387,ai.elimu.filamu,{'video_playback_position_ms': 11043},,,चिड़िया,1
479127,1770828432,ai.elimu.filamu,,,,चिड़िया,1
479128,1770828445,ai.elimu.filamu,{'video_playback_position_ms': 16085},,,चिड़िया,1
479129,1770828504,ai.elimu.filamu,,,,चिड़िया,1
479130,1770828531,ai.elimu.filamu,{'video_playback_position_ms': 17528},,,चिड़िया,1
479131,1770828637,ai.elimu.filamu,,,,चिड़िया,1
479132,1770828661,ai.elimu.filamu,{'video_playback_position_ms': 21946},,,चिड़िया,1
479133,1770828731,ai.elimu.filamu,,,,चिड़िया,1
479134,1770828740,ai.elimu.filamu,{'video_playback_position_ms': 32111},,,चिड़िया,1
479135,1770828812,ai.elimu.filamu,,,,चिड़िया,1
479136,1770828820,ai.elimu.filamu,{'video_playback_position_ms': 16754},,,चिड़िया,1
479137,1770828852,ai.elimu.filamu,,,,चिड़िया,1
479138,1770828903,ai.elimu.filamu,{'video_playback_position_ms': 14812},,,चिड़िया,1
479139,1770829004,ai.elimu.filamu,,,,चिड़िया,1
479140,1770829063,ai.elimu.filamu,{'video_playback_position_ms': 25369},,,चिड़िया,1
479175,1770855229,ai.elimu.filamu,,,,चिड़िया,1
479176,1770855283,ai.elimu.filamu,{'video_playback_position_ms': 11365},,,चिड़िया,1
479177,1770855299,ai.elimu.filamu,,,,चिड़िया,1
479178,1770855328,ai.elimu.filamu,{'video_playback_position_ms': 41791},,,चिड़िया,1
479179,1770855419,ai.elimu.filamu,,,,चिड़िया,1
479180,1770855428,ai.elimu.filamu,{'video_playback_position_ms': 5819},,,चिड़िया,1
479181,1770855458,ai.elimu.filamu,,,,चिड़िया,1
479182,1770855515,ai.elimu.filamu,{'video_playback_position_ms': 43666},,,चिड़िया,1
479183,1770855585,ai.elimu.filamu,,,,चिड़िया,1
479184,1770855604,ai.elimu.filamu,{'video_playback_position_ms': 57451},,,चिड़िया,1
479185,1770855652,ai.elimu.filamu,,,,चिड़िया,1
479186,1770855686,ai.elimu.filamu,{'video_playback_position_ms': 57800},,,चिड़िया,1
479187,1770855751,ai.elimu.filamu,,,,चिड़िया,1
479188,1770855793,ai.elimu.filamu,{'video_playback_position_ms': 8757},,,चिड़िया,1
479189,1770855828,ai.elimu.filamu,,,,चिड़िया,1
479190,1770855841,ai.elimu.filamu,{'video_playback_position_ms': 21112},,,चिड़िया,1
479191,1770855920,ai.elimu.filamu,,,,चिड़िया,1
479192,1770855967,ai.elimu.filamu,{'video_playback_position_ms': 7377},,,चिड़िया,1
479217,1776634632,ai.elimu.filamu,,,,चिड़िया,1
479218,1776634657,ai.elimu.filamu,{'video_playback_position_ms': 8060},,,चिड़िया,1
479219,1776634751,ai.elimu.filamu,,,,चिड़िया,1
479220,1776634761,ai.elimu.filamu,{'video_playback_position_ms': 44624},,,चिड़िया,1
479221,1776634837,ai.elimu.filamu,,,,चिड़िया,1
479222,1776634850,ai.elimu.filamu,{'video_playback_position_ms': 50305},,,चिड़िया,1
479223,1776634909,ai.elimu.filamu,,,,चिड़िया,1
479224,1776634960,ai.elimu.filamu,{'video_playback_position_ms': 28440},,,चिड़िया,1
479225,1776635018,ai.elimu.filamu,,,,चिड़िया,1
479226,1776635074,ai.elimu.filamu,{'video_playback_position_ms': 46311},,,चिड़िया,1
479227,1776635132,ai.elimu.filamu,,,,चिड़िया,1
479228,1776635159,ai.elimu.filamu,{'video_playback_position_ms': 10334},,,चिड़िया,1
479229,1776635238,ai.elimu.filamu,,,,चिड़िया,1
479230,1776635255,ai.elimu.filamu,{'video_playback_position_ms': 40317},,,चिड़िया,1
479231,1776635341,ai.elimu.filamu,,,,चिड़िया,1
479232,1776635360,ai.elimu.filamu,{'video_playback_position_ms': 48423},,,चिड़िया,1
479233,1776635421,ai.elimu.filamu,,,,चिड़िया,1
479234,1776635434,ai.elimu.filamu,{'video_playback_position_ms': 15978},,,चिड़िया,1
479235,1776635492,ai.elimu.filamu,,,,चिड़िया,1
479236,1776635504,ai.elimu.filamu,{'video_playback_position_ms': 39663},,,चिड़िया,1
479237,1776635578,ai.elimu.filamu,,,,चिड़िया,1
479238,1776635594,ai.elimu.filamu,{'video_playback_position_ms': 4077},,,चिड़िया,1
479239,1776635616,ai.elimu.filamu,,,,चिड़िया,1
479240,1776635625,ai.elimu.filamu,{'video_playback_position_ms': 25331},,,चिड़िया,1
479259,1776729919,ai.elimu.filamu,,,,चिड़िया,1
479260,1776729961,ai.elimu.filamu,{'video_playback_position_ms': 22027},,,चिड़िया,1
479261,1776730072,ai.elimu.filamu,,,,चिड़िया,1
479262,1776730075,ai.elimu.filamu,{'video_playback_position_ms': 12784},,,चिड़िया,1
479263,1776730189,ai.elimu.filamu,,,,चिड़िया,1
479264,1776730233,ai.elimu.filamu,{'video_playback_position_ms': 35485},,,चिड़िया,1
479265,1776730275,ai.elimu.filamu,,,,चिड़िया,1
479266,1776730328,ai.elimu.filamu,{'video_playback_position_ms': 12581},,,चिड़िया,1
479267,1776730424,ai.elimu.filamu,,,,चिड़िया,1
479268,1776730442,ai.elimu.filamu,{'video_playback_position_ms': 42655},,,चिड़िया,1
479269,1776730552,ai.elimu.filamu,,,,चिड़िया,1
479270,1776730572,ai.elimu.filamu,{'video_playback_position_ms': 10360},,,चिड़िया,1
479271,1776730621,ai.elimu.filamu,,,,चिड़िया,1
479272,1776730657,ai.elimu.filamu,{'video_playback_position_ms': 5327},,,चिड़िया,1
479273,1776730705,ai.elimu.filamu,,,,चिड़िया,1
479274,1776730759,ai.elimu.filamu,{'video_playback_position_ms': 25423},,,चिड़िया,1
479275,1776730836,ai.elimu.filamu,,,,चिड़िया,1
479276,1776730865,ai.elimu.filamu,{'video_playback_position_ms': 14685},,,चिड़िया,1
479277,1776730931,ai.elimu.filamu,,,,चिड़िया,1
479278,1776730962,ai.elimu.filamu,{'video_playback_position_ms': 53052},,,चिड़िया,1
479279,1776731038,ai.elimu.filamu,,,,चिड़िया,1
479280,1776731051,ai.elimu.filamu,{'video_playback_position_ms': 34850},,,चिड़िया,1
479281,1776731140,ai.elimu.filamu,,,,चिड़िया,1
479282,1776731189,ai.elimu.filamu,{'video_playback_position_ms': 33769},,,चिड़िया,1
479283,1776731274,ai.elimu.filamu,,,,चिड़िया,1
479284,1776731334,ai.elimu.filamu,{'video_playback_position_ms': 14375},,,चिड़िया,1
479285,1776731446,ai.elimu.filamu,,,,चिड़िया,1
479286,1776731451,ai.elimu.filamu,{'video_playback_position_ms': 19549},,,चिड़िया,1
479287,1776731510,ai.elimu.filamu,,,,चिड़िया,1
479288,1776731526,ai.elimu.filamu,{'video_playback_position_ms': 9129},,,चिड़िया,1
479289,1776731644,ai.elimu.filamu,,,,चिड़िया,1
479290,1776731676,ai.elimu.filamu,{'video_playback_position_ms': 43906},,,चिड़िया,1
479291,1776731761,ai.elimu.filamu,,,,चिड़िया,1
479292,1776731787,ai.elimu.filamu,{'video_playback_position_ms': 26768},,,चिड़िया,1
479309,1776818670,ai.elimu.filamu,,,,चिड़िया,1
479310,1776818707,ai.elimu.filamu,{'video_playback_position_ms': 9127},,,चिड़िया,1
479311,1776818752,ai.elimu.filamu,,,,चिड़िया,1
479312,1776818803,ai.elimu.filamu,{'video_playback_position_ms': 13083},,,चिड़िया,1
479313,1776818881,ai.elimu.filamu,,,,चिड़िया,1
479314,1776818931,ai.elimu.filamu,{'video_playback_position_ms': 10824},,,चिड़िया,1
479315,1776819046,ai.elimu.filamu,,,,चिड़िया,1
479316,1776819067,ai.elimu.filamu,{'video_playback_position_ms': 18950},,,चिड़िया,1
479317,1776819140,ai.elimu.filamu,,,,चिड़िया,1
479318,1776819187,ai.elimu.filamu,{'video_playback_position_ms': 23727},,,चिड़िया,1
479319,1776819270,ai.elimu.filamu,,,,चिड़िया,1
479320,1776819309,ai.elimu.filamu,{'video_playback_position_ms': 14618},,,चिड़िया,1
479321,1776819390,ai.elimu.filamu,,,,चिड़िया,1
479322,1776819444,ai.elimu.filamu,{'video_playback_position_ms': 42979},,,चिड़िया,1
479323,1776819534,ai.elimu.filamu,,,,चिड़िया,1
479324,1776819577,ai.elimu.filamu,{'video_playback_position_ms': 38925},,,चिड़िया,1
479325,1776819667,ai.elimu.filamu,,,,चिड़िया,1
479326,1776819703,ai.elimu.filamu,{'video_playback_position_ms': 37527},,,चिड़िया,1
479327,1776819753,ai.elimu.filamu,,,,चिड़िया,1
479328,1776819800,ai.elimu.filamu,{'video_playback_position_ms': 31194},,,चिड़िया,1
479329,1776819868,ai.elimu.filamu,,,,चिड़िया,1
479330,1776819923,ai.elimu.filamu,{'video_playback_position_ms': 8016},,,चिड़िया,1
479331,1776820009,ai.elimu.filamu,,,,चिड़िया,1
479332,1776820065,ai.elimu.filamu,{'video_playback_position_ms': 19469},,,चिड़िया,1
479333,1776820154,ai.elimu.filamu,,,,चिड़िया,1
479334,1776820201,ai.elimu.filamu,{'video_playback_position_ms': 13459},,,चिड़िया,1
479335,1776820281,ai.elimu.filamu,,,,चिड़िया,1
479336,1776820287,ai.elimu.filamu,{'video_playback_position_ms': 29974},,,चिड़िया,1
479337,1776820385,ai.elimu.filamu,,,,चिड़िया,1
479338,1776820441,ai.elimu.filamu,{'video_playback_position_ms': 57751},,,चिड़िया,1
479459,1776980399,ai.elimu.filamu,,,,चिड़िया,1
479460,1776980425,ai.elimu.filamu,{'video_playback_position_ms': 12699},,,चिड़िया,1
479461,1776980517,ai.elimu.filamu,,,,चिड़िया,1
479462,1776980537,ai.elimu.filamu,{'video_playback_position_ms': 33666},,,चिड़िया,1
479463,1776980638,ai.elimu.filamu,,,,चिड़िया,1
479464,1776980642,ai.elimu.filamu,{'video_playback_position_ms': 2063},,,चिड़िया,1
479465,1776980751,ai.elimu.filamu,,,,चिड़िया,1
479466,1776980783,ai.elimu.filamu,{'video_playback_position_ms': 22348},,,चिड़िया,1
479467,1776980829,ai.elimu.filamu,,,,चिड़िया,1
479468,1776980878,ai.elimu.filamu,{'video_playback_position_ms': 41879},,,चिड़िया,1
479525,1776993606,ai.elimu.filamu,,,,चिड़िया,1
479526,1776993632,ai.elimu.filamu,{'video_playback_position_ms': 50027},,,चिड़िया,1
479527,1776993672,ai.elimu.filamu,,,,चिड़िया,1
479528,1776993728,ai.elimu.filamu,{'video_playback_position_ms': 17223},,,चिड़िया,1
479529,1776993772,ai.elimu.filamu,,,,चिड़िया,1
479530,1776993826,ai.elimu.filamu,{'video_playback_position_ms': 35783},,,चिड़िया,1
479531,1776993874,ai.elimu.filamu,,,,चिड़िया,1
479532,1776993933,ai.elimu.filamu,{'video_playback_position_ms': 17559},,,चिड़िया,1
479533,1776993983,ai.elimu.filamu,,,,चिड़िया,1
479534,1776994015,ai.elimu.filamu,{'video_playback_position_ms': 5359},,,चिड़िया,1
479535,1776994063,ai.elimu.filamu,,,,चिड़िया,1
479536,1776994120,ai.elimu.filamu,{'video_playback_position_ms': 29958},,,चिड़िया,1
479537,1776994178,ai.elimu.filamu,,,,चिड़िया,1
479538,1776994213,ai.elimu.filamu,{'video_playback_position_ms': 12110},,,चिड़िया,1
479539,1776994269,ai.elimu.filamu,,,,चिड़िया,1
479540,1776994272,ai.elimu.filamu,{'video_playback_position_ms': 46242},,,चिड़िया,1
479541,1776994350,ai.elimu.filamu,,,,चिड़िया,1
479542,1776994361,ai.elimu.filamu,{'video_playback_position_ms': 46315},,,चिड़िया,1
479543,1776994407,ai.elimu.filamu,,,,चिड़िया,1
479544,1776994461,ai.elimu.filamu,{'video_playback_position_ms': 23958},,,चिड़िया,1
479545,1776994500,ai.elimu.filamu,,,,चिड़िया,1
479546,1776994542,ai.elimu.filamu,{'video_playback_position_ms': 45039},,,चिड़िया,1
479547,1776994610,ai.elimu.filamu,,,,चिड़िया,1
479548,1776994620,ai.elimu.filamu,{'video_playback_position_ms': 44953},,,चिड़िया,1
479549,1776994662,ai.elimu.filamu,,,,चिड़िया,1
479550,1776994684,ai.elimu.filamu,{'video_playback_position_ms': 47242},,,चिड़िया,1
479551,1776994707,ai.elimu.filamu,,,,चिड़िया,1
479552,1776994724,ai.elimu.filamu,{'video_playback_position_ms': 23449},,,चिड़िया,1
479553,1776994779,ai.elimu.filamu,,,,चिड़िया,1
479554,1776994784,ai.elimu.filamu,{'video_playback_position_ms': 32193},,,चिड़िया,1
479555,1776994900,ai.elimu.filamu,,,,चिड़िया,1
479556,1776994923,ai.elimu.filamu,{'video_playback_position_ms': 41417},,,चिड़िया,1
479557,1776994994,ai.elimu.filamu,,,,चिड़िया,1
479558,1776995019,ai.elimu.filamu,{'video_playback_position_ms': 15977},,,चिड़िया,1
479585,1777037862,ai.elimu.filamu,,,,चिड़िया,1
479586,1777037865,ai.elimu.filamu,{'video_playback_position_ms': 37716},,,चिड़िया,1
479633,1777077406,ai.elimu.filamu,,,,चिड़िया,1
479634,1777077459,ai.elimu.filamu,{'video_playback_position_ms': 13346},,,चिड़िया,1
479635,1777077538,ai.elimu.filamu,,,,चिड़िया,1
479636,1777077577,ai.elimu.filamu,{'video_playback_position_ms': 25837},,,चिड़िया,1
479637,1777077686,ai.elimu.filamu,,,,चिड़िया,1
479638,1777077740,ai.elimu.filamu,{'video_playback_position_ms': 23931},,,चिड़िया,1
479639,1777077839,ai.elimu.filamu,,,,चिड़िया,1
479640,1777077852,ai.elimu.filamu,{'video_playback_position_ms': 7545},,,चिड़िया,1
479641,1777077876,ai.elimu.filamu,,,,चिड़िया,1
479642,1777077921,ai.elimu.filamu,{'video_playback_position_ms': 6427},,,चिड़िया,1
479643,1777162976,ai.elimu.filamu,,,,चिड़िया,1
479644,1777163003,ai.elimu.filamu,{'video_playback_position_ms': 58135},,,चिड़िया,1
479645,1777163096,ai.elimu.filamu,,,,चिड़िया,1
479646,1777163145,ai.elimu.filamu,{'video_playback_position_ms': 17804},,,चिड़िया,1
479647,1777163214,ai.elimu.filamu,,,,चिड़िया,1
479648,1777163264,ai.elimu.filamu,{'video_playback_position_ms': 42175},,,चिड़िया,1
479649,1777163363,ai.elimu.filamu,,,,चिड़िया,1
479650,1777163393,ai.elimu.filamu,{'video_playback_position_ms': 56392},,,चिड़िया,1
479651,1777163425,ai.elimu.filamu,,,,चिड़िया,1
479652,1777163445,ai.elimu.filamu,{'video_playback_position_ms': 2316},,,चिड़िया,1
479653,1777163478,ai.elimu.filamu,,,,चिड़िया,1
479654,1777163495,ai.elimu.filamu,{'video_playback_position_ms': 2527},,,चिड़िया,1
479655,1777163615,ai.elimu.filamu,,,,चिड़िया,1
479656,1777163649,ai.elimu.filamu,{'video_playback_position_ms': 22464},,,चिड़िया,1
479657,1777163746,ai.elimu.filamu,,,,चिड़िया,1
479658,1777163759,ai.elimu.filamu,{'video_playback_position_ms': 18966},,,चिड़िया,1
479659,1777163825,ai.elimu.filamu,,,,चिड़िया,1
479660,1777163884,ai.elimu.filamu,{'video_playback_position_ms': 6275},,,चिड़िया,1
479661,1777163912,ai.elimu.filamu,,,,चिड़िया,1
479662,1777163960,ai.elimu.filamu,{'video_playback_position_ms': 11984},,,चिड़िया,1
479663,1777163990,ai.elimu.filamu,,,,चिड़िया,1
479664,1777164028,ai.elimu.filamu,{'video_playback_position_ms': 48870},,,चिड़िया,1
479665,1777164090,ai.elimu.filamu,,,,चिड़िया,1
479666,1777164103,ai.elimu.filamu,{'video_playback_position_ms': 36191},,,चिड़िया,1
479667,1777164129,ai.elimu.filamu,,,,चिड़िया,1
479668,1777164171,ai.elimu.filamu,{'video_playback_position_ms': 20786},,,चिड़िया,1
479669,1777164221,ai.elimu.filamu,,,,चिड़िया,1
479670,1777164246,ai.elimu.filamu,{'video_playback_position_ms': 50971},,,चिड़िया,1
479671,1777164265,ai.elimu.filamu,,,,चिड़िया,1
479672,1777164303,ai.elimu.filamu,{'video_playback_position_ms': 41715},,,चिड़िया,1
479761,1777337956,ai.elimu.filamu,,,,चिड़िया,1
479762,1777337985,ai.elimu.filamu,{'video_playback_position_ms': 48656},,,चिड़िया,1
479763,1777338026,ai.elimu.filamu,,,,चिड़िया,1
479764,1777338076,ai.elimu.filamu,{'video_playback_position_ms': 36475},,,चिड़िया,1
479765,1777338092,ai.elimu.filamu,,,,चिड़िया,1
479766,1777338140,ai.elimu.filamu,{'video_playback_position_ms': 47932},,,चिड़िया,1
479767,1777338218,ai.elimu.filamu,,,,चिड़िया,1
479768,1777338230,ai.elimu.filamu,{'video_playback_position_ms': 39403},,,चिड़िया,1
479769,1777338346,ai.elimu.filamu,,,,चिड़िया,1
479770,1777338376,ai.elimu.filamu,{'video_playback_position_ms': 2964},,,चिड़िया,1
479771,1777338470,ai.elimu.filamu,,,,चिड़िया,1
479772,1777338478,ai.elimu.filamu,{'video_playback_position_ms': 59488},,,चिड़िया,1
479775,1777422547,ai.elimu.filamu,,,,चिड़िया,1
479776,1777422600,ai.elimu.filamu,{'video_playback_position_ms': 34274},,,चिड़िया,1
479777,1777422657,ai.elimu.filamu,,,,चिड़िया,1
479778,1777422705,ai.elimu.filamu,{'video_playback_position_ms': 57292},,,चिड़िया,1
479779,1777422823,ai.elimu.filamu,,,,चिड़िया,1
479780,1777422863,ai.elimu.filamu,{'video_playback_position_ms': 43863},,,चिड़िया,1
479781,1777422902,ai.elimu.filamu,,,,चिड़िया,1
479782,1777422954,ai.elimu.filamu,{'video_playback_position_ms': 28512},,,चिड़िया,1
479783,1777423056,ai.elimu.filamu,,,,चिड़िया,1
479784,1777423077,ai.elimu.filamu,{'video_playback_position_ms': 22695},,,चिड़िया,1
479785,1777423175,ai.elimu.filamu,,,,चिड़िया,1
479786,1777423178,ai.elimu.filamu,{'video_playback_position_ms': 45101},,,चिड़िया,1
479787,1777423229,ai.elimu.filamu,,,,चिड़िया,1
479788,1777423257,ai.elimu.filamu,{'video_playback_position_ms': 51516},,,चिड़िया,1
479789,1777423367,ai.elimu.filamu,,,,चिड़िया,1
479790,1777423408,ai.elimu.filamu,{'video_playback_position_ms': 45912},,,चिड़िया,1
479803,1777508802,ai.elimu.filamu,,,,चिड़िया,1
479804,1777508856,ai.elimu.filamu,{'video_playback_position_ms': 25860},,,चिड़िया,1
479805,1777508916,ai.elimu.filamu,,,,चिड़िया,1
479806,1777508936,ai.elimu.filamu,{'video_playback_position_ms': 13710},,,चिड़िया,1
479807,1777509006,ai.elimu.filamu,,,,चिड़िया,1
479808,1777509055,ai.elimu.filamu,{'video_playback_position_ms': 27162},,,चिड़िया,1
479809,1777509157,ai.elimu.filamu,,,,चिड़िया,1
479810,1777509183,ai.elimu.filamu,{'video_playback_position_ms': 48701},,,चिड़िया,1
479851,1777594659,ai.elimu.filamu,,,,चिड़िया,1
479852,1777594694,ai.elimu.filamu,{'video_playback_position_ms': 45768},,,चिड़िया,1
479853,1777594809,ai.elimu.filamu,,,,चिड़िया,1
479854,1777594863,ai.elimu.filamu,{'video_playback_position_ms': 44370},,,चिड़िया,1
479855,1777594887,ai.elimu.filamu,,,,चिड़िया,1
479856,1777594911,ai.elimu.filamu,{'video_playback_position_ms': 38163},,,चिड़िया,1
479857,1777594959,ai.elimu.filamu,,,,चिड़िया,1
479858,1777595013,ai.elimu.filamu,{'video_playback_position_ms': 28594},,,चिड़िया,1
479859,1777595039,ai.elimu.filamu,,,,चिड़िया,1
479860,1777595053,ai.elimu.filamu,{'video_playback_position_ms': 55109},,,चिड़िया,1
479861,1777595088,ai.elimu.filamu,,,,चिड़िया,1
479862,1777595123,ai.elimu.filamu,{'video_playback_position_ms': 46485},,,चिड़िया,1
479863,1777595187,ai.elimu.filamu,,,,चिड़िया,1
479864,1777595217,ai.elimu.filamu,{'video_playback_position_ms': 36643},,,चिड़िया,1
479865,1777595331,ai.elimu.filamu,,,,चिड़िया,1
479866,1777595362,ai.elimu.filamu,{'video_playback_position_ms': 35491},,,चिड़िया,1
479867,1777595446,ai.elimu.filamu,,,,चिड़िया,1
479868,1777595482,ai.elimu.filamu,{'video_playback_position_ms': 52458},,,चिड़िया,1
479869,1777734641,ai.elimu.filamu,,,,चिड़िया,1
479870,1777734674,ai.elimu.filamu,{'video_playback_position_ms': 11592},,,चिड़िया,1
479871,1777734712,ai.elimu.filamu,,,,चिड़िया,1
479872,1777734733,ai.elimu.filamu,{'video_playback_position_ms': 34163},,,चिड़िया,1
479873,1777734812,ai.elimu.filamu,,,,चिड़िया,1
479874,1777734823,ai.elimu.filamu,{'video_playback_position_ms': 13400},,,चिड़िया,1
479875,1777734940,ai.elimu.filamu,,,,चिड़िया,1
479876,1777734953,ai.elimu.filamu,{'video_playback_position_ms': 41603},,,चिड़िया,1
479877,1777735044,ai.elimu.filamu,,,,चिड़िया,1
479878,1777735047,ai.elimu.filamu,{'video_playback_position_ms': 50954},,,चिड़िया,1
479879,1777735151,ai.elimu.filamu,,,,चिड़िया,1
479880,1777735164,ai.elimu.filamu,{'video_playback_position_ms': 33815},,,चिड़िया,1
479881,1777735210,ai.elimu.filamu,,,,चिड़िया,1
479882,1777735234,ai.elimu.filamu,{'video_playback_position_ms': 45684},,,चिड़िया,1
479883,1777735270,ai.elimu.filamu,,,,चिड़िया,1
479884,1777735323,ai.elimu.filamu,{'video_playback_position_ms': 30073},,,चिड़िया,1
479885,1777735350,ai.elimu.filamu,,,,चिड़िया,1
479886,1777735399,ai.elimu.filamu,{'video_playback_position_ms': 34531},,,चिड़िया,1
479887,1777735504,ai.elimu.filamu,,,,चिड़िया,1
479888,1777735527,ai.elimu.filamu,{'video_playback_position_ms': 4767},,,चिड़िया,1
479889,1777735558,ai.elimu.filamu,,,,चिड़िया,1
479890,1777735566,ai.elimu.filamu,{'video_playback_position_ms': 22925},,,चिड़िया,1
479891,1777768782,ai.elimu.filamu,,,,चिड़िया,1
479892,1777768802,ai.elimu.filamu,{'video_playback_position_ms': 35539},,,चिड़िया,1
479893,1777768867,ai.elimu.filamu,,,,चिड़िया,1
479894,1777768915,ai.elimu.filamu,{'video_playback_position_ms': 17138},,,चिड़िया,1
479895,1777768959,ai.elimu.filamu,,,,चिड़िया,1
479896,1777769014,ai.elimu.filamu,{'video_playback_position_ms': 48897},,,चिड़िया,1
479897,1777769092,ai.elimu.filamu,,,,चिड़िया,1
479898,1777769095,ai.elimu.filamu,{'video_playback_position_ms': 2677},,,चिड़िया,1
479899,1777769162,ai.elimu.filamu,,,,चिड़िया,1
479900,1777769199,ai.elimu.filamu,{'video_playback_position_ms': 50887},,,चिड़िया,1
479901,1777769309,ai.elimu.filamu,,,,चिड़िया,1
479902,1777769364,ai.elimu.filamu,{'video_playback_position_ms': 39055},,,चिड़िया,1
479903,1777769433,ai.elimu.filamu,,,,चिड़िया,1
479904,1777769492,ai.elimu.filamu,{'video_playback_position_ms': 40852},,,चिड़िया,1
479905,1777769514,ai.elimu.filamu,,,,चिड़िया,1
479906,1777769551,ai.elimu.filamu,{'video_playback_position_ms': 1144},,,चिड़िया,1
479907,1777769582,ai.elimu.filamu,,,,चिड़िया,1
479908,1777769600,ai.elimu.filamu,{'video_playback_position_ms': 24053},,,चिड़िया,1
479909,1777769688,ai.elimu.filamu,,,,चिड़िया,1
479910,1777769715,ai.elimu.filamu,{'video_playback_position_ms': 12941},,,चिड़िया,1
479911,1777769755,ai.elimu.filamu,,,,चिड़िया,1
479912,1777769764,ai.elimu.filamu,{'video_playback_position_ms': 21876},,,चिड़िया,1
479913,1777769820,ai.elimu.filamu,,,,चिड़िया,1
479914,1777769851,ai.elimu.filamu,{'video_playback_position_ms': 56695},,,चिड़िया,1
479915,1777769946,ai.elimu.filamu,,,,चिड़िया,1
479916,1777769954,ai.elimu.filamu,{'video_playback_position_ms': 42253},,,चिड़िया,1
479917,1777769992,ai.elimu.filamu,,,,चिड़िया,1
479918,1777770022,ai.elimu.filamu,{'video_playback_position_ms': 50171},,,चिड़िया,1
479919,1777770103,ai.elimu.filamu,,,,चिड़िया,1
479920,1777770132,ai.elimu.filamu,{'video_playback_position_ms': 30521},,,चिड़िया,1
479921,1777770196,ai.elimu.filamu,,,,चिड़िया,1
479922,1777770238,ai.elimu.filamu,{'video_playback_position_ms': 45174},,,चिड़िया,1
479979,1777849289,ai.elimu.filamu,,,,चिड़िया,1
479980,1777849314,ai.elimu.filamu,{'video_playback_position_ms': 8561},,,चिड़िया,1
479981,1777849432,ai.elimu.filamu,,,,चिड़िया,1
479982,1777849480,ai.elimu.filamu,{'video_playback_position_ms': 2415},,,चिड़िया,1
479983,1777849516,ai.elimu.filamu,,,,चिड़िया,1
479984,1777849563,ai.elimu.filamu,{'video_playback_position_ms': 45316},,,चिड़िया,1
479985,1777849624,ai.elimu.filamu,,,,चिड़िया,1
479986,1777849639,ai.elimu.filamu,{'video_playback_position_ms': 59852},,,चिड़िया,1
479987,1777849733,ai.elimu.filamu,,,,चिड़िया,1
479988,1777849780,ai.elimu.filamu,{'video_playback_position_ms': 14476},,,चिड़िया,1
479989,1777849874,ai.elimu.filamu,,,,चिड़िया,1
479990,1777849900,ai.elimu.filamu,{'video_playback_position_ms': 47795},,,चिड़िया,1
479991,1777849924,ai.elimu.filamu,,,,चिड़िया,1
479992,1777849945,ai.elimu.filamu,{'video_playback_position_ms': 14556},,,चिड़िया,1
479993,1777850063,ai.elimu.filamu,,,,चिड़िया,1
479994,1777850079,ai.elimu.filamu,{'video_playback_position_ms': 18568},,,चिड़िया,1
479995,1777850189,ai.elimu.filamu,,,,चिड़िया,1
479996,1777850236,ai.elimu.filamu,{'video_playback_position_ms': 32541},,,चिड़िया,1
479997,1777850266,ai.elimu.filamu,,,,चिड़िया,1
479998,1777850292,ai.elimu.filamu,{'video_playback_position_ms': 44913},,,चिड़िया,1
479999,1777850340,ai.elimu.filamu,,,,चिड़िया,1
480000,1777850374,ai.elimu.filamu,{'video_playback_position_ms': 13057},,,चिड़िया,1
480001,1777850462,ai.elimu.filamu,,,,चिड़िया,1
480002,1777850497,ai.elimu.filamu,{'video_playback_position_ms': 37374},,,चिड़िया,1
480003,1777850610,ai.elimu.filamu,,,,चिड़िया,1
480004,1777850664,ai.elimu.filamu,{'video_playback_position_ms': 54989},,,चिड़िया,1
480005,1777850783,ai.elimu.filamu,,,,चिड़िया,1
480006,1777850838,ai.elimu.filamu,{'video_playback_position_ms': 33303},,,चिड़िया,1
480041,1777854328,ai.elimu.filamu,,,,चिड़िया,1
480042,1777854352,ai.elimu.filamu,{'video_playback_position_ms': 39116},,,चिड़िया,1
480043,1777854397,ai.elimu.filamu,,,,चिड़िया,1
480044,1777854448,ai.elimu.filamu,{'video_playback_position_ms': 50985},,,चिड़िया,1
480045,1777854551,ai.elimu.filamu,,,,चिड़िया,1
480046,1777854560,ai.elimu.filamu,{'video_playback_position_ms': 59146},,,चिड़िया,1
480047,1777854626,ai.elimu.filamu,,,,चिड़िया,1
480048,1777854654,ai.elimu.filamu,{'video_playback_position_ms': 31276},,,चिड़िया,1
480049,1777854689,ai.elimu.filamu,,,,चिड़िया,1
480050,1777854725,ai.elimu.filamu,{'video_playback_position_ms': 25609},,,चिड़िया,1
480051,1777854818,ai.elimu.filamu,,,,चिड़िया,1
480052,1777854877,ai.elimu.filamu,{'video_playback_position_ms': 13878},,,चिड़िया,1
480053,1777854964,ai.elimu.filamu,,,,चिड़िया,1
480054,1777855003,ai.elimu.filamu,{'video_playback_position_ms': 8210},,,चिड़िया,1
480055,1777855019,ai.elimu.filamu,,,,चिड़िया,1
480056,1777855071,ai.elimu.filamu,{'video_playback_position_ms': 30922},,,चिड़िया,1
480057,1777855121,ai.elimu.filamu,,,,चिड़िया,1
480058,1777855155,ai.elimu.filamu,{'video_playback_position_ms': 29129},,,चिड़िया,1
480059,1777855271,ai.elimu.filamu,,,,चिड़िया,1
480060,1777855305,ai.elimu.filamu,{'video_playback_position_ms': 31462},,,चिड़िया,1
480061,1777855422,ai.elimu.filamu,,,,चिड़िया,1
480062,1777855470,ai.elimu.filamu,{'video_playback_position_ms': 25781},,,चिड़िया,1
480063,1777855495,ai.elimu.filamu,,,,चिड़िया,1
480064,1777855520,ai.elimu.filamu,{'video_playback_position_ms': 57930},,,चिड़िया,1
480065,1777855615,ai.elimu.filamu,,,,चिड़िया,1
480066,1777855664,ai.elimu.filamu,{'video_playback_position_ms': 46265},,,चिड़िया,1
480067,1777855765,ai.elimu.filamu,,,,चिड़िया,1
480068,1777855775,ai.elimu.filamu,{'video_playback_position_ms': 12963},,,चिड़िया,1
480069,1777855838,ai.elimu.filamu,,,,चिड़िया,1
480070,1777855849,ai.elimu.filamu,{'video_playback_position_ms': 38942},,,चिड़िया,1
480071,1777855954,ai.elimu.filamu,,,,चिड़िया,1
480072,1777856013,ai.elimu.filamu,{'video_playback_position_ms': 16249},,,चिड़िया,1
480073,1777856106,ai.elimu.filamu,,,,चिड़िया,1
480074,1777856113,ai.elimu.filamu,{'video_playback_position_ms': 2157},,,चिड़िया,1
480135,1777904691,ai.elimu.filamu,,,,चिड़िया,1
480136,1777904698,ai.elimu.filamu,{'video_playback_position_ms': 21151},,,चिड़िया,1
480137,1777904718,ai.elimu.filamu,,,,चिड़िया,1
480138,1777904725,ai.elimu.filamu,{'video_playback_position_ms': 38598},,,चिड़िया,1
480139,1777904840,ai.elimu.filamu,,,,चिड़िया,1
480140,1777904890,ai.elimu.filamu,{'video_playback_position_ms': 3334},,,चिड़िया,1
480141,1777904908,ai.elimu.filamu,,,,चिड़िया,1
480142,1777904930,ai.elimu.filamu,{'video_playback_position_ms': 46997},,,चिड़िया,1
480143,1777905022,ai.elimu.filamu,,,,चिड़िया,1
480144,1777905049,ai.elimu.filamu,{'video_playback_position_ms': 54571},,,चिड़िया,1
480145,1777905086,ai.elimu.filamu,,,,चिड़िया,1
480146,1777905144,ai.elimu.filamu,{'video_playback_position_ms': 1571},,,चिड़िया,1
480147,1777905187,ai.elimu.filamu,,,,चिड़िया,1
480148,1777905201,ai.elimu.filamu,{'video_playback_position_ms': 33809},,,चिड़िया,1
480149,1777905232,ai.elimu.filamu,,,,चिड़िया,1
480150,1777905292,ai.elimu.filamu,{'video_playback_position_ms': 17195},,,चिड़िया,1
480215,1778115399,ai.elimu.filamu,,,,चिड़िया,1
480216,1778115432,ai.elimu.filamu,{'video_playback_position_ms': 22339},,,चिड़िया,1
480217,1778115543,ai.elimu.filamu,,,,चिड़िया,1
480218,1778115567,ai.elimu.filamu,{'video_playback_position_ms': 47917},,,चिड़िया,1
480219,1778115685,ai.elimu.filamu,,,,चिड़िया,1
480220,1778115703,ai.elimu.filamu,{'video_playback_position_ms': 5954},,,चिड़िया,1
480221,1778115744,ai.elimu.filamu,,,,चिड़िया,1
480222,1778115752,ai.elimu.filamu,{'video_playback_position_ms': 55069},,,चिड़िया,1
480223,1778115843,ai.elimu.filamu,,,,चिड़िया,1
480224,1778115856,ai.elimu.filamu,{'video_playback_position_ms': 50096},,,चिड़िया,1
480225,1778115966,ai.elimu.filamu,,,,चिड़िया,1
480226,1778116000,ai.elimu.filamu,{'video_playback_position_ms': 44142},,,चिड़िया,1
480227,1778116064,ai.elimu.filamu,,,,चिड़िया,1
480228,1778116074,ai.elimu.filamu,{'video_playback_position_ms': 3256},,,चिड़िया,1
480229,1778116132,ai.elimu.filamu,,,,चिड़िया,1
480230,1778116170,ai.elimu.filamu,{'video_playback_position_ms': 6213},,,चिड़िया,1
480231,1778116203,ai.elimu.filamu,,,,चिड़िया,1
480232,1778116207,ai.elimu.filamu,{'video_playback_position_ms': 21812},,,चिड़िया,1
480233,1778116259,ai.elimu.filamu,,,,चिड़िया,1
480234,1778116295,ai.elimu.filamu,{'video_playback_position_ms': 12428},,,चिड़िया,1
480235,1778116364,ai.elimu.filamu,,,,चिड़िया,1
480236,1778116412,ai.elimu.filamu,{'video_playback_position_ms': 47634},,,चिड़िया,1
480237,1778116438,ai.elimu.filamu,,,,चिड़िया,1
480238,1778116445,ai.elimu.filamu,{'video_playback_position_ms': 44469},,,चिड़िया,1
480239,1778116513,ai.elimu.filamu,,,,चिड़िया,1
480240,1778116563,ai.elimu.filamu,{'video_playback_position_ms': 28230},,,चिड़िया,1
480241,1778116643,ai.elimu.filamu,,,,चिड़िया,1
480242,1778116670,ai.elimu.filamu,{'video_playback_position_ms': 43473},,,चिड़िया,1
480319,1778286316,ai.elimu.filamu,,,,चिड़िया,1
480320,1778286342,ai.elimu.filamu,{'video_playback_position_ms': 55356},,,चिड़िया,1
480321,1778286437,ai.elimu.filamu,,,,चिड़िया,1
480322,1778286493,ai.elimu.filamu,{'video_playback_position_ms': 33864},,,चिड़िया,1
480323,1778286565,ai.elimu.filamu,,,,चिड़िया,1
480324,1778286579,ai.elimu.filamu,{'video_playback_position_ms': 57401},,,चिड़िया,1
480325,1778286659,ai.elimu.filamu,,,,चिड़िया,1
480326,1778286674,ai.elimu.filamu,{'video_playback_position_ms': 8881},,,चिड़िया,1
480327,1778286759,ai.elimu.filamu,,,,चिड़िया,1
480328,1778286772,ai.elimu.filamu,{'video_playback_position_ms': 32647},,,चिड़िया,1
480329,1778286867,ai.elimu.filamu,,,,चिड़िया,1
480330,1778286920,ai.elimu.filamu,{'video_playback_position_ms': 37103},,,चिड़िया,1
480331,1778286956,ai.elimu.filamu,,,,चिड़िया,1
480332,1778287008,ai.elimu.filamu,{'video_playback_position_ms': 5193},,,चिड़िया,1
480391,1778560243,ai.elimu.filamu,,,,चिड़िया,1
480392,1778560293,ai.elimu.filamu,{'video_playback_position_ms': 16209},,,चिड़िया,1
480393,1778560393,ai.elimu.filamu,,,,चिड़िया,1
480394,1778560437,ai.elimu.filamu,{'video_playback_position_ms': 24590},,,चिड़िया,1
480395,1778560550,ai.elimu.filamu,,,,चिड़िया,1
480396,1778560594,ai.elimu.filamu,{'video_playback_position_ms': 27003},,,चिड़िया,1
480397,1778560638,ai.elimu.filamu,,,,चिड़िया,1
480398,1778560692,ai.elimu.filamu,{'video_playback_position_ms': 20666},,,चिड़िया,1
480399,1778560809,ai.elimu.filamu,,,,चिड़िया,1
480400,1778560849,ai.elimu.filamu,{'video_playback_position_ms': 54794},,,चिड़िया,1
480401,1778560868,ai.elimu.filamu,,,,चिड़िया,1
480402,1778560886,ai.elimu.filamu,{'video_playback_position_ms': 53387},,,चिड़िया,1
480403,1778560935,ai.elimu.filamu,,,,चिड़िया,1
480404,1778560979,ai.elimu.filamu,{'video_playback_position_ms': 52544},,,चिड़िया,1
480405,1778561063,ai.elimu.filamu,,,,चिड़िया,1
480406,1778561078,ai.elimu.filamu,{'video_playback_position_ms': 20661},,,चिड़िया,1
480449,1778634055,ai.elimu.filamu,,,,चिड़िया,1
480450,1778634089,ai.elimu.filamu,{'video_playback_position_ms': 26343},,,चिड़िया,1
480451,1778634149,ai.elimu.filamu,,,,चिड़िया,1
480452,1778634176,ai.elimu.filamu,{'video_playback_position_ms': 6262},,,चिड़िया,1
480453,1778634216,ai.elimu.filamu,,,,चिड़िया,1
480454,1778634220,ai.elimu.filamu,{'video_playback_position_ms': 44706},,,चिड़िया,1
480455,1778634303,ai.elimu.filamu,,,,चिड़िया,1
480456,1778634328,ai.elimu.filamu,{'video_playback_position_ms': 27396},,,चिड़िया,1
480457,1778634369,ai.elimu.filamu,,,,चिड़िया,1
480458,1778634425,ai.elimu.filamu,{'video_playback_position_ms': 21669},,,चिड़िया,1
480489,1778721024,ai.elimu.filamu,,,,चिड़िया,1
480490,1778721038,ai.elimu.filamu,{'video_playback_position_ms': 52958},,,चिड़िया,1
480491,1778721073,ai.elimu.filamu,,,,चिड़िया,1
480492,1778721088,ai.elimu.filamu,{'video_playback_position_ms': 1771},,,चिड़िया,1
480493,1778721141,ai.elimu.filamu,,,,चिड़िया,1
480494,1778721151,ai.elimu.filamu,{'video_playback_position_ms': 48191},,,चिड़िया,1
480495,1778721228,ai.elimu.filamu,,,,चिड़िया,1
480496,1778721242,ai.elimu.filamu,{'video_playback_position_ms': 29490},,,चिड़िया,1
480497,1778721275,ai.elimu.filamu,,,,चिड़िया,1
480498,1778721314,ai.elimu.filamu,{'video_playback_position_ms': 37202},,,चिड़िया,1
480499,1778721387,ai.elimu.filamu,,,,चिड़िया,1
480500,1778721438,ai.elimu.filamu,{'video_playback_position_ms': 29650},,,चिड़िया,1
480501,1778721490,ai.elimu.filamu,,,,चिड़िया,1
480502,1778721531,ai.elimu.filamu,{'video_playback_position_ms': 56330},,,चिड़िया,1
480503,1778721560,ai.elimu.filamu,,,,चिड़िया,1
480504,1778721593,ai.elimu.filamu,{'video_playback_position_ms': 51898},,,चिड़िया,1
480555,1778806349,ai.elimu.filamu,,,,चिड़िया,1
480556,1778806363,ai.elimu.filamu,{'video_playback_position_ms': 22202},,,चिड़िया,1
480557,1778806379,ai.elimu.filamu,,,,चिड़िया,1
480558,1778806427,ai.elimu.filamu,{'video_playback_position_ms': 33732},,,चिड़िया,1
480559,1778806538,ai.elimu.filamu,,,,चिड़िया,1
480560,1778806579,ai.elimu.filamu,{'video_playback_position_ms': 7490},,,चिड़िया,1
480561,1778806654,ai.elimu.filamu,,,,चिड़िया,1
480562,1778806698,ai.elimu.filamu,{'video_playback_position_ms': 20345},,,चिड़िया,1
480563,1778806775,ai.elimu.filamu,,,,चिड़िया,1
480564,1778806782,ai.elimu.filamu,{'video_playback_position_ms': 8857},,,चिड़िया,1
480565,1778806865,ai.elimu.filamu,,,,चिड़िया,1
480566,1778806924,ai.elimu.filamu,{'video_playback_position_ms': 8340},,,चिड़िया,1
480567,1778807040,ai.elimu.filamu,,,,चिड़िया,1
480568,1778807099,ai.elimu.filamu,{'video_playback_position_ms': 16305},,,चिड़िया,1
480569,1778807184,ai.elimu.filamu,,,,चिड़िया,1
480570,1778807227,ai.elimu.filamu,{'video_playback_position_ms': 34120},,,चिड़िया,1
480571,1778807307,ai.elimu.filamu,,,,चिड़िया,1
480572,1778807341,ai.elimu.filamu,{'video_playback_position_ms': 18603},,,चिड़िया,1
480573,1778807415,ai.elimu.filamu,,,,चिड़िया,1
480574,1778807473,ai.elimu.filamu,{'video_playback_position_ms': 50326},,,चिड़िया,1
480575,1778807511,ai.elimu.filamu,,,,चिड़िया,1
480576,1778807563,ai.elimu.filamu,{'video_playback_position_ms': 8676},,,चिड़िया,1
480577,1778807591,ai.elimu.filamu,,,,चिड़िया,1
480578,1778807606,ai.elimu.filamu,{'video_playback_position_ms': 47422},,,चिड़िया,1
480579,1778807634,ai.elimu.filamu,,,,चिड़िया,1
480580,1778807685,ai.elimu.filamu,{'video_playback_position_ms': 12138},,,चिड़िया,1
480581,1778807756,ai.elimu.filamu,,,,चिड़िया,1
480582,1778807809,ai.elimu.filamu,{'video_playback_position_ms': 39451},,,चिड़िया,1
480583,1778807917,ai.elimu.filamu,,,,चिड़िया,1
480584,1778807944,ai.elimu.filamu,{'video_playback_position_ms': 8172},,,चिड़िया,1
480585,1778807990,ai.elimu.filamu,,,,चिड़िया,1
480586,1778808044,ai.elimu.filamu,{'video_playback_position_ms': 30392},,,चिड़िया,1
480587,1778808064,ai.elimu.filamu,,,,चिड़िया,1
480588,1778808112,ai.elimu.filamu,{'video_playback_position_ms': 20246},,,चिड़िया,1
480589,1778808213,ai.elimu.filamu,,,,चिड़िया,1
480590,1778808268,ai.elimu.filamu,{'video_playback_position_ms': 48107},,,चिड़िया,1
480591,1778808361,ai.elimu.filamu,,,,चिड़िया,1
480592,1778808404,ai.elimu.filamu,{'video_playback_position_ms': 14692},,,चिड़िया,1
480603,1778889997,ai.elimu.filamu,,,,चिड़िया,1
480604,1778890049,ai.elimu.filamu,{'video_playback_position_ms': 7011},,,चिड़िया,1
480605,1778890135,ai.elimu.filamu,,,,चिड़िया,1
480606,1778890190,ai.elimu.filamu,{'video_playback_position_ms': 15348},,,चिड़िया,1
480607,1778890281,ai.elimu.filamu,,,,चिड़िया,1
480608,1778890315,ai.elimu.filamu,{'video_playback_position_ms': 20777},,,चिड़िया,1
480609,1778890377,ai.elimu.filamu,,,,चिड़िया,1
480610,1778890384,ai.elimu.filamu,{'video_playback_position_ms': 26025},,,चिड़िया,1
480611,1778890500,ai.elimu.filamu,,,,चिड़िया,1
480612,1778890539,ai.elimu.filamu,{'video_playback_position_ms': 36799},,,चिड़िया,1
480613,1778890572,ai.elimu.filamu,,,,चिड़िया,1
480614,1778890610,ai.elimu.filamu,{'video_playback_position_ms': 58780},,,चिड़िया,1
480615,1778890715,ai.elimu.filamu,,,,चिड़िया,1
480616,1778890751,ai.elimu.filamu,{'video_playback_position_ms': 37404},,,चिड़िया,1
480647,1778977410,ai.elimu.filamu,,,,चिड़िया,1
480648,1778977443,ai.elimu.filamu,{'video_playback_position_ms': 28687},,,चिड़िया,1
480649,1778977481,ai.elimu.filamu,,,,चिड़िया,1
480650,1778977513,ai.elimu.filamu,{'video_playback_position_ms': 38411},,,चिड़िया,1
480651,1778977542,ai.elimu.filamu,,,,चिड़िया,1
480652,1778977550,ai.elimu.filamu,{'video_playback_position_ms': 3712},,,चिड़िया,1
480653,1778977568,ai.elimu.filamu,,,,चिड़िया,1
480654,1778977618,ai.elimu.filamu,{'video_playback_position_ms': 52428},,,चिड़िया,1
480655,1778977730,ai.elimu.filamu,,,,चिड़िया,1
480656,1778977789,ai.elimu.filamu,{'video_playback_position_ms': 46637},,,चिड़िया,1
480657,1778977894,ai.elimu.filamu,,,,चिड़िया,1
480658,1778977920,ai.elimu.filamu,{'video_playback_position_ms': 23113},,,चिड़िया,1
480659,1778978002,ai.elimu.filamu,,,,चिड़िया,1
480660,1778978014,ai.elimu.filamu,{'video_playback_position_ms': 10884},,,चिड़िया,1
480661,1778978066,ai.elimu.filamu,,,,चिड़िया,1
480662,1778978112,ai.elimu.filamu,{'video_playback_position_ms': 50148},,,चिड़िया,1
480663,1778978231,ai.elimu.filamu,,,,चिड़िया,1
480664,1778978288,ai.elimu.filamu,{'video_playback_position_ms': 38205},,,चिड़िया,1
480665,1778978344,ai.elimu.filamu,,,,चिड़िया,1
480666,1778978384,ai.elimu.filamu,{'video_playback_position_ms': 16883},,,चिड़िया,1
480667,1778978426,ai.elimu.filamu,,,,चिड़िया,1
480668,1778978463,ai.elimu.filamu,{'video_playback_position_ms': 53682},,,चिड़िया,1
480669,1778978522,ai.elimu.filamu,,,,चिड़िया,1
480670,1778978527,ai.elimu.filamu,{'video_playback_position_ms': 14476},,,चिड़िया,1
480687,1779063256,ai.elimu.filamu,,,,चिड़िया,1
480688,1779063306,ai.elimu.filamu,{'video_playback_position_ms': 39406},,,चिड़िया,1
480689,1779063371,ai.elimu.filamu,,,,चिड़िया,1
480690,1779063426,ai.elimu.filamu,{'video_playback_position_ms': 19989},,,चिड़िया,1
480691,1779063519,ai.elimu.filamu,,,,चिड़िया,1
480692,1779063526,ai.elimu.filamu,{'video_playback_position_ms': 57072},,,चिड़िया,1
480693,1779063599,ai.elimu.filamu,,,,चिड़िया,1
480694,1779063657,ai.elimu.filamu,{'video_playback_position_ms': 24610},,,चिड़िया,1
480695,1779063704,ai.elimu.filamu,,,,चिड़िया,1
480696,1779063708,ai.elimu.filamu,{'video_playback_position_ms': 51666},,,चिड़िया,1
480697,1779063756,ai.elimu.filamu,,,,चिड़िया,1
480698,1779063769,ai.elimu.filamu,{'video_playback_position_ms': 8411},,,चिड़िया,1
480699,1779063793,ai.elimu.filamu,,,,चिड़िया,1
480700,1779063843,ai.elimu.filamu,{'video_playback_position_ms': 46864},,,चिड़िया,1
480701,1779063915,ai.elimu.filamu,,,,चिड़िया,1
480702,1779063955,ai.elimu.filamu,{'video_playback_position_ms': 9456},,,चिड़िया,1
480703,1779063981,ai.elimu.filamu,,,,चिड़िया,1
480704,1779064008,ai.elimu.filamu,{'video_playback_position_ms': 7308},,,चिड़िया,1
480705,1779064125,ai.elimu.filamu,,,,चिड़िया,1
480706,1779064160,ai.elimu.filamu,{'video_playback_position_ms': 8297},,,चिड़िया,1
480707,1779064243,ai.elimu.filamu,,,,चिड़िया,1
480708,1779064251,ai.elimu.filamu,{'video_playback_position_ms': 39570},,,चिड़िया,1
480709,1779064296,ai.elimu.filamu,,,,चिड़िया,1
480710,1779064338,ai.elimu.filamu,{'video_playback_position_ms': 20449},,,चिड़िया,1
480711,1779064420,ai.elimu.filamu,,,,चिड़िया,1
480712,1779064469,ai.elimu.filamu,{'video_playback_position_ms': 40208},,,चिड़िया,1
480775,1779238007,ai.elimu.filamu,,,,चिड़िया,1
480776,1779238033,ai.elimu.filamu,{'video_playback_position_ms': 4318},,,चिड़िया,1
480777,1779238115,ai.elimu.filamu,,,,चिड़िया,1
480778,1779238162,ai.elimu.filamu,{'video_playback_position_ms': 59997},,,चिड़िया,1
480779,1779238191,ai.elimu.filamu,,,,चिड़िया,1
480780,1779238205,ai.elimu.filamu,{'video_playback_position_ms': 38756},,,चिड़िया,1
480781,1779238231,ai.elimu.filamu,,,,चिड़िया,1
480782,1779238235,ai.elimu.filamu,{'video_playback_position_ms': 39471},,,चिड़िया,1
480783,1779238353,ai.elimu.filamu,,,,चिड़िया,1
480784,1779238388,ai.elimu.filamu,{'video_playback_position_ms': 12944},,,चिड़िया,1
480785,1779238420,ai.elimu.filamu,,,,चिड़िया,1
480786,1779238426,ai.elimu.filamu,{'video_playback_position_ms': 33966},,,चिड़िया,1
480787,1779238485,ai.elimu.filamu,,,,चिड़िया,1
480788,1779238495,ai.elimu.filamu,{'video_playback_position_ms': 40118},,,चिड़िया,1
480789,1779238522,ai.elimu.filamu,,,,चिड़िया,1
480790,1779238554,ai.elimu.filamu,{'video_playback_position_ms': 38566},,,चिड़िया,1
480791,1779238647,ai.elimu.filamu,,,,चिड़िया,1
480792,1779238683,ai.elimu.filamu,{'video_playback_position_ms': 9155},,,चिड़िया,1
480793,1779238789,ai.elimu.filamu,,,,चिड़िया,1
480794,1779238818,ai.elimu.filamu,{'video_playback_position_ms': 8298},,,चिड़िया,1
480795,1779238838,ai.elimu.filamu,,,,चिड़िया,1
480796,1779238861,ai.elimu.filamu,{'video_playback_position_ms': 34115},,,चिड़िया,1
480797,1779238912,ai.elimu.filamu,,,,चिड़िया,1
480798,1779238951,ai.elimu.filamu,{'video_playback_position_ms': 57292},,,चिड़िया,1
480799,1779239006,ai.elimu.filamu,,,,चिड़िया,1
480800,1779239046,ai.elimu.filamu,{'video_playback_position_ms': 9995},,,चिड़िया,1
480801,1779239101,ai.elimu.filamu,,,,चिड़िया,1
480802,1779239138,ai.elimu.filamu,{'video_playback_position_ms': 3953},,,चिड़िया,1
480803,1779239250,ai.elimu.filamu,,,,चिड़िया,1
480804,1779239306,ai.elimu.filamu,{'video_playback_position_ms': 44693},,,चिड़िया,1
480805,1779239353,ai.elimu.filamu,,,,चिड़िया,1
480806,1779239390,ai.elimu.filamu,{'video_playback_position_ms': 24588},,,चिड़िया,1
480809,1779325254,ai.elimu.filamu,,,,चिड़िया,1
480810,1779325285,ai.elimu.filamu,{'video_playback_position_ms': 34350},,,चिड़िया,1
480811,1779325380,ai.elimu.filamu,,,,चिड़िया,1
480812,1779325415,ai.elimu.filamu,{'video_playback_position_ms': 58141},,,चिड़िया,1
480813,1779325458,ai.elimu.filamu,,,,चिड़िया,1
480814,1779325471,ai.elimu.filamu,{'video_playback_position_ms': 56310},,,चिड़िया,1
480815,1779325553,ai.elimu.filamu,,,,चिड़िया,1
480816,1779325587,ai.elimu.filamu,{'video_playback_position_ms': 29586},,,चिड़िया,1
480817,1779325668,ai.elimu.filamu,,,,चिड़िया,1
480818,1779325674,ai.elimu.filamu,{'video_playback_position_ms': 55745},,,चिड़िया,1
480819,1779325759,ai.elimu.filamu,,,,चिड़िया,1
480820,1779325816,ai.elimu.filamu,{'video_playback_position_ms': 47956},,,चिड़िया,1
480821,1779325853,ai.elimu.filamu,,,,चिड़िया,1
480822,1779325904,ai.elimu.filamu,{'video_playback_position_ms': 5439},,,चिड़िया,1
480823,1779325985,ai.elimu.filamu,,,,चिड़िया,1
480824,1779325992,ai.elimu.filamu,{'video_playback_position_ms': 23772},,,चिड़िया,1
480825,1779326101,ai.elimu.filamu,,,,चिड़िया,1
480826,1779326134,ai.elimu.filamu,{'video_playback_position_ms': 17120},,,चिड़िया,1
480827,1779326166,ai.elimu.filamu,,,,चिड़िया,1
480828,1779326218,ai.elimu.filamu,{'video_playback_position_ms': 36518},,,चिड़िया,1
480829,1779326310,ai.elimu.filamu,,,,चिड़िया,1
480830,1779326354,ai.elimu.filamu,{'video_playback_position_ms': 7555},,,चिड़िया,1
480859,1779409732,ai.elimu.filamu,,,,चिड़िया,1
480860,1779409764,ai.elimu.filamu,{'video_playback_position_ms': 48450},,,चिड़िया,1
480861,1779409833,ai.elimu.filamu,,,,चिड़िया,1
480862,1779409863,ai.elimu.filamu,{'video_playback_position_ms': 37911},,,चिड़िया,1
480863,1779409881,ai.elimu.filamu,,,,चिड़िया,1
480864,1779409930,ai.elimu.filamu,{'video_playback_position_ms': 11683},,,चिड़िया,1
480877,1779498550,ai.elimu.filamu,,,,चिड़िया,1
480878,1779498584,ai.elimu.filamu,{'video_playback_position_ms': 56635},,,चिड़िया,1
480879,1779498637,ai.elimu.filamu,,,,चिड़िया,1
480880,1779498647,ai.elimu.filamu,{'video_playback_position_ms': 54003},,,चिड़िया,1
480881,1779498719,ai.elimu.filamu,,,,चिड़िया,1
480882,1779498773,ai.elimu.filamu,{'video_playback_position_ms': 42646},,,चिड़िया,1
480883,1779498860,ai.elimu.filamu,,,,चिड़िया,1
480884,1779498914,ai.elimu.filamu,{'video_playback_position_ms': 11190},,,चिड़िया,1
480885,1779498999,ai.elimu.filamu,,,,चिड़िया,1
480886,1779499019,ai.elimu.filamu,{'video_playback_position_ms': 28134},,,चिड़िया,1
480887,1779499132,ai.elimu.filamu,,,,चिड़िया,1
480888,1779499162,ai.elimu.filamu,{'video_playback_position_ms': 3828},,,चिड़िया,1
480889,1779499221,ai.elimu.filamu,,,,चिड़िया,1
480890,1779499228,ai.elimu.filamu,{'video_playback_position_ms': 32811},,,चिड़िया,1
480891,1779499329,ai.elimu.filamu,,,,चिड़िया,1
480892,1779499341,ai.elimu.filamu,{'video_playback_position_ms': 5203},,,चिड़िया,1
480893,1779499402,ai.elimu.filamu,,,,चिड़िया,1
480894,1779499436,ai.elimu.filamu,{'video_playback_position_ms': 52112},,,चिड़िया,1
480895,1779499510,ai.elimu.filamu,,,,चिड़िया,1
480896,1779499535,ai.elimu.filamu,{'video_playback_position_ms': 22837},,,चिड़िया,1
480897,1779668944,ai.elimu.filamu,,,,चिड़िया,1
480898,1779668981,ai.elimu.filamu,{'video_playback_position_ms': 51690},,,चिड़िया,1
480899,1779669013,ai.elimu.filamu,,,,चिड़िया,1
480900,1779669026,ai.elimu.filamu,{'video_playback_position_ms': 2507},,,चिड़िया,1
480901,1779669065,ai.elimu.filamu,,,,चिड़िया,1
480902,1779669076,ai.elimu.filamu,{'video_playback_position_ms': 31263},,,चिड़िया,1
480969,1779843911,ai.elimu.filamu,,,,चिड़िया,1
480970,1779843935,ai.elimu.filamu,{'video_playback_position_ms': 12196},,,चिड़िया,1
480971,1779844041,ai.elimu.filamu,,,,चिड़िया,1
480972,1779844067,ai.elimu.filamu,{'video_playback_position_ms': 2941},,,चिड़िया,1
481057,1780104271,ai.elimu.filamu,,,,चिड़िया,1
481058,1780104293,ai.elimu.filamu,{'video_playback_position_ms': 29825},,,चिड़िया,1
481059,1780104327,ai.elimu.filamu,,,,चिड़िया,1
481060,1780104338,ai.elimu.filamu,{'video_playback_position_ms': 29254},,,चिड़िया,1
481061,1780104402,ai.elimu.filamu,,,,चिड़िया,1
481062,1780104456,ai.elimu.filamu,{'video_playback_position_ms': 20058},,,चिड़िया,1
481063,1780104523,ai.elimu.filamu,,,,चिड़िया,1
481064,1780104571,ai.elimu.filamu,{'video_playback_position_ms': 32568},,,चिड़िया,1
481167,1780362622,ai.elimu.filamu,,,,चिड़िया,1
481168,1780362656,ai.elimu.filamu,{'video_playback_position_ms': 29417},,,चिड़िया,1
481169,1780362704,ai.elimu.filamu,,,,चिड़िया,1
481170,1780362717,ai.elimu.filamu,{'video_playback_position_ms': 11527},,,चिड़िया,1
481171,1780362800,ai.elimu.filamu,,,,चिड़िया,1
481172,1780362850,ai.elimu.filamu,{'video_playback_position_ms': 56805},,,चिड़िया,1
481173,1780362879,ai.elimu.filamu,,,,चिड़िया,1
481174,1780362905,ai.elimu.filamu,{'video_playback_position_ms': 4292},,,चिड़िया,1
481175,1780362992,ai.elimu.filamu,,,,चिड़िया,1
481176,1780363051,ai.elimu.filamu,{'video_playback_position_ms': 43730},,,चिड़िया,1
481177,1780363077,ai.elimu.filamu,,,,चिड़िया,1
481178,1780363129,ai.elimu.filamu,{'video_playback_position_ms': 16512},,,चिड़िया,1
481179,1780363232,ai.elimu.filamu,,,,चिड़िया,1
481180,1780363266,ai.elimu.filamu,{'video_playback_position_ms': 9762},,,चिड़िया,1
481181,1780363302,ai.elimu.filamu,,,,चिड़िया,1
481182,1780363323,ai.elimu.filamu,{'video_playback_position_ms': 33341},,,चिड़िया,1
481183,1780363407,ai.elimu.filamu,,,,चिड़िया,1
481184,1780363450,ai.elimu.filamu,{'video_playback_position_ms': 16664},,,चिड़िया,1
481185,1780363552,ai.elimu.filamu,,,,चिड़िया,1
481186,1780363588,ai.elimu.filamu,{'video_playback_position_ms': 49785},,,चिड़िया,1
481187,1780363680,ai.elimu.filamu,,,,चिड़िया,1
481188,1780363730,ai.elimu.filamu,{'video_playback_position_ms': 54172},,,चिड़िया,1
481189,1780363814,ai.elimu.filamu,,,,चिड़िया,1
481190,1780363833,ai.elimu.filamu,{'video_playback_position_ms': 26265},,,चिड़िया,1
481191,1780363849,ai.elimu.filamu,,,,चिड़िया,1
481192,1780363855,ai.elimu.filamu,{'video_playback_position_ms': 16608},,,चिड़िया,1
481193,1780363911,ai.elimu.filamu,,,,चिड़िया,1
481194,1780363954,ai.elimu.filamu,{'video_playback_position_ms': 7616},,,चिड़िया,1
481195,1780364017,ai.elimu.filamu,,,,चिड़िया,1
481196,1780364072,ai.elimu.filamu,{'video_playback_position_ms': 53894},,,चिड़िया,1
481197,1780364105,ai.elimu.filamu,,,,चिड़िया,1
481198,1780364113,ai.elimu.filamu,{'video_playback_position_ms': 14892},,,चिड़िया,1
481199,1780364139,ai.elimu.filamu,,,,चिड़िया,1
481200,1780364183,ai.elimu.filamu,{'video_playback_position_ms': 26611},,,चिड़िया,1
481201,1780364256,ai.elimu.filamu,,,,चिड़िया,1
481202,1780364306,ai.elimu.filamu,{'video_playback_position_ms': 29732},,,चिड़िया,1
481213,1780538248,ai.elimu.filamu,,,,चिड़िया,1
481214,1780538286,ai.elimu.filamu,{'video_playback_position_ms': 22494},,,चिड़िया,1
481215,1780538326,ai.elimu.filamu,,,,चिड़िया,1
481216,1780538363,ai.elimu.filamu,{'video_playback_position_ms': 31076},,,चिड़िया,1
481217,1780538450,ai.elimu.filamu,,,,चिड़िया,1
481218,1780538479,ai.elimu.filamu,{'video_playback_position_ms': 20335},,,चिड़िया,1
481219,1780538531,ai.elimu.filamu,,,,चिड़िया,1
481220,1780538537,ai.elimu.filamu,{'video_playback_position_ms': 53793},,,चिड़िया,1
481221,1780538626,ai.elimu.filamu,,,,चिड़िया,1
481222,1780538657,ai.elimu.filamu,{'video_playback_position_ms': 8189},,,चिड़िया,1
481223,1780538689,ai.elimu.filamu,,,,चिड़िया,1
481224,1780538717,ai.elimu.filamu,{'video_playback_position_ms': 31846},,,चिड़िया,1
481225,1780538835,ai.elimu.filamu,,,,चिड़िया,1
481226,1780538872,ai.elimu.filamu,{'video_playback_position_ms': 47151},,,चिड़िया,1
481227,1780538896,ai.elimu.filamu,,,,चिड़िया,1
481228,1780538921,ai.elimu.filamu,{'video_playback_position_ms': 6614},,,चिड़िया,1
481229,1780538960,ai.elimu.filamu,,,,चिड़िया,1
481230,1780539018,ai.elimu.filamu,{'video_playback_position_ms': 8049},,,चिड़िया,1
481231,1780539102,ai.elimu.filamu,,,,चिड़िया,1
481232,1780539148,ai.elimu.filamu,{'video_playback_position_ms': 36383},,,चिड़िया,1
481233,1780539172,ai.elimu.filamu,,,,चिड़िया,1
481234,1780539214,ai.elimu.filamu,{'video_playback_position_ms': 47541},,,चिड़िया,1
481235,1780539238,ai.elimu.filamu,,,,चिड़िया,1
481236,1780539257,ai.elimu.filamu,{'video_playback_position_ms': 18391},,,चिड़िया,1
481323,1780707493,ai.elimu.filamu,,,,चिड़िया,1
481324,1780707504,ai.elimu.filamu,{'video_playback_position_ms': 20235},,,चिड़िया,1
481325,1780707612,ai.elimu.filamu,,,,चिड़िया,1
481326,1780707632,ai.elimu.filamu,{'video_playback_position_ms': 45785},,,चिड़िया,1
481327,1780707676,ai.elimu.filamu,,,,चिड़िया,1
481328,1780707698,ai.elimu.filamu,{'video_playback_position_ms': 51814},,,चिड़िया,1
481329,1780707759,ai.elimu.filamu,,,,चिड़िया,1
481330,1780707764,ai.elimu.filamu,{'video_playback_position_ms': 17963},,,चिड़िया,1
481331,1780707786,ai.elimu.filamu,,,,चिड़िया,1
481332,1780707844,ai.elimu.filamu,{'video_playback_position_ms': 20573},,,चिड़िया,1
481333,1780707877,ai.elimu.filamu,,,,चिड़िया,1
481334,1780707891,ai.elimu.filamu,{'video_playback_position_ms': 26749},,,चिड़िया,1
481335,1780707925,ai.elimu.filamu,,,,चिड़िया,1
481336,1780707956,ai.elimu.filamu,{'video_playback_position_ms': 33089},,,चिड़िया,1
481337,1780707977,ai.elimu.filamu,,,,चिड़िया,1
481338,1780707988,ai.elimu.filamu,{'video_playback_position_ms': 57268},,,चिड़िया,1
481339,1780708035,ai.elimu.filamu,,,,चिड़िया,1
481340,1780708047,ai.elimu.filamu,{'video_playback_position_ms': 6889},,,चिड़िया,1
481341,1780708123,ai.elimu.filamu,,,,चिड़िया,1
481342,1780708137,ai.elimu.filamu,{'video_playback_position_ms': 13032},,,चिड़िया,1
481343,1780708252,ai.elimu.filamu,,,,चिड़िया,1
481344,1780708264,ai.elimu.filamu,{'video_playback_position_ms': 33565},,,चिड़िया,1
481345,1780708292,ai.elimu.filamu,,,,चिड़िया,1
481346,1780708331,ai.elimu.filamu,{'video_playback_position_ms': 36829},,,चिड़िया,1
481347,1780708373,ai.elimu.filamu,,,,चिड़िया,1
481348,1780708415,ai.elimu.filamu,{'video_playback_position_ms': 44483},,,चिड़िया,1
481349,1780708493,ai.elimu.filamu,,,,चिड़िया,1
481350,1780708517,ai.elimu.filamu,{'video_playback_position_ms': 35672},,,चिड़िया,1
481403,1780880646,ai.elimu.filamu,,,,चिड़िया,1
481404,1780880665,ai.elimu.filamu,{'video_playback_position_ms': 5676},,,चिड़िया,1
481405,1780880744,ai.elimu.filamu,,,,चिड़िया,1
481406,1780880775,ai.elimu.filamu,{'video_playback_position_ms': 35011},,,चिड़िया,1
481407,1780880878,ai.elimu.filamu,,,,चिड़िया,1
481408,1780880912,ai.elimu.filamu,{'video_playback_position_ms': 24074},,,चिड़िया,1
481409,1780881009,ai.elimu.filamu,,,,चिड़िया,1
481410,1780881048,ai.elimu.filamu,{'video_playback_position_ms': 40003},,,चिड़िया,1
481411,1780881105,ai.elimu.filamu,,,,चिड़िया,1
481412,1780881131,ai.elimu.filamu,{'video_playback_position_ms': 59872},,,चिड़िया,1
481413,1780881187,ai.elimu.filamu,,,,चिड़िया,1
481414,1780881205,ai.elimu.filamu,{'video_playback_position_ms': 41176},,,चिड़िया,1
481415,1780881274,ai.elimu.filamu,,,,चिड़िया,1
481416,1780881319,ai.elimu.filamu,{'video_playback_position_ms': 33820},,,चिड़िया,1
481417,1780881376,ai.elimu.filamu,,,,चिड़िया,1
481418,1780881379,ai.elimu.filamu,{'video_playback_position_ms': 37432},,,चिड़िया,1
481419,1780881406,ai.elimu.filamu,,,,चिड़िया,1
481420,1780881438,ai.elimu.filamu,{'video_playback_position_ms': 13907},,,चिड़िया,1
481421,1780881557,ai.elimu.filamu,,,,चिड़िया,1
481422,1780881602,ai.elimu.filamu,{'video_playback_position_ms': 5919},,,चिड़िया,1
481423,1780881690,ai.elimu.filamu,,,,चिड़िया,1
481424,1780881745,ai.elimu.filamu,{'video_playback_position_ms': 43345},,,चिड़िया,1
481425,1780881796,ai.elimu.filamu,,,,चिड़िया,1
481426,1780881829,ai.elimu.filamu,{'video_playback_position_ms': 3158},,,चिड़िया,1
481427,1780881862,ai.elimu.filamu,,,,चिड़िया,1
481428,1780881864,ai.elimu.filamu,{'video_playback_position_ms': 31017},,,चिड़िया,1
481441,1780964754,ai.elimu.filamu,,,,चिड़िया,1
481442,1780964788,ai.elimu.filamu,{'video_playback_position_ms': 45492},,,चिड़िया,1
481443,1780964849,ai.elimu.filamu,,,,चिड़िया,1
481444,1780964902,ai.elimu.filamu,{'video_playback_position_ms': 42710},,,चिड़िया,1
481445,1780964961,ai.elimu.filamu,,,,चिड़िया,1
481446,1780965000,ai.elimu.filamu,{'video_playback_position_ms': 55103},,,चिड़िया,1
481447,1780965107,ai.elimu.filamu,,,,चिड़िया,1
481448,1780965123,ai.elimu.filamu,{'video_playback_position_ms': 41687},,,चिड़िया,1
481449,1780965163,ai.elimu.filamu,,,,चिड़िया,1
481450,1780965168,ai.elimu.filamu,{'video_playback_position_ms': 43521},,,चिड़िया,1
481451,1780965205,ai.elimu.filamu,,,,चिड़िया,1
481452,1780965226,ai.elimu.filamu,{'video_playback_position_ms': 24453},,,चिड़िया,1
481453,1780965254,ai.elimu.filamu,,,,चिड़िया,1
481454,1780965268,ai.elimu.filamu,{'video_playback_position_ms': 10452},,,चिड़िया,1
481455,1780965382,ai.elimu.filamu,,,,चिड़िया,1
481456,1780965420,ai.elimu.filamu,{'video_playback_position_ms': 24765},,,चिड़िया,1
481457,1780965478,ai.elimu.filamu,,,,चिड़िया,1
481458,1780965489,ai.elimu.filamu,{'video_playback_position_ms': 29479},,,चिड़िया,1
481459,1780965603,ai.elimu.filamu,,,,चिड़िया,1
481460,1780965615,ai.elimu.filamu,{'video_playback_position_ms': 3593},,,चिड़िया,1
481461,1780965676,ai.elimu.filamu,,,,चिड़िया,1
481462,1780965726,ai.elimu.filamu,{'video_playback_position_ms': 35119},,,चिड़िया,1
481463,1780965787,ai.elimu.filamu,,,,चिड़िया,1
481464,1780965820,ai.elimu.filamu,{'video_playback_position_ms': 48184},,,चिड़िया,1
481465,1780965925,ai.elimu.filamu,,,,चिड़िया,1
481466,1780965970,ai.elimu.filamu,{'video_playback_position_ms': 50423},,,चिड़िया,1
481467,1780966053,ai.elimu.filamu,,,,चिड़िया,1
481468,1780966078,ai.elimu.filamu,{'video_playback_position_ms': 59632},,,चिड़िया,1
481469,1780966147,ai.elimu.filamu,,,,चिड़िया,1
481470,1780966185,ai.elimu.filamu,{'video_playback_position_ms': 47073},,,चिड़िया,1
481471,1780966271,ai.elimu.filamu,,,,चिड़िया,1
481472,1780966291,ai.elimu.filamu,{'video_playback_position_ms': 18092},,,चिड़िया,1
481511,1781085962,ai.elimu.filamu,,,,चिड़िया,1
481512,1781085995,ai.elimu.filamu,{'video_playback_position_ms': 57295},,,चिड़िया,1
481513,1781086032,ai.elimu.filamu,,,,चिड़िया,1
481514,1781086058,ai.elimu.filamu,{'video_playback_position_ms': 18498},,,चिड़िया,1
481515,1781086169,ai.elimu.filamu,,,,चिड़िया,1
481516,1781086187,ai.elimu.filamu,{'video_playback_position_ms': 20017},,,चिड़िया,1
481517,1781086300,ai.elimu.filamu,,,,चिड़िया,1
481518,1781086336,ai.elimu.filamu,{'video_playback_position_ms': 48290},,,चिड़िया,1
481519,1781086440,ai.elimu.filamu,,,,चिड़िया,1
481520,1781086464,ai.elimu.filamu,{'video_playback_position_ms': 42454},,,चिड़िया,1
481521,1781086526,ai.elimu.filamu,,,,चिड़िया,1
481522,1781086557,ai.elimu.filamu,{'video_playback_position_ms': 38640},,,चिड़िया,1
481523,1781086620,ai.elimu.filamu,,,,चिड़िया,1
481524,1781086666,ai.elimu.filamu,{'video_playback_position_ms': 37384},,,चिड़िया,1
481525,1781086749,ai.elimu.filamu,,,,चिड़िया,1
481526,1781086805,ai.elimu.filamu,{'video_playback_position_ms': 53751},,,चिड़िया,1
481527,1781086829,ai.elimu.filamu,,,,चिड़िया,1
481528,1781086862,ai.elimu.filamu,{'video_playback_position_ms': 50551},,,चिड़िया,1
481529,1781086919,ai.elimu.filamu,,,,चिड़िया,1
481530,1781086954,ai.elimu.filamu,{'video_playback_position_ms': 40711},,,चिड़िया,1
481531,1781087020,ai.elimu.filamu,,,,चिड़िया,1
481532,1781087080,ai.elimu.filamu,{'video_playback_position_ms': 31177},,,चिड़िया,1
481533,1781087191,ai.elimu.filamu,,,,चिड़िया,1
481534,1781087216,ai.elimu.filamu,{'video_playback_position_ms': 28402},,,चिड़िया,1
481535,1781087237,ai.elimu.filamu,,,,चिड़िया,1
481536,1781087295,ai.elimu.filamu,{'video_playback_position_ms': 44212},,,चिड़िया,1
481537,1781087373,ai.elimu.filamu,,,,चिड़िया,1
481538,1781087422,ai.elimu.filamu,{'video_playback_position_ms': 46793},,,चिड़िया,1
481539,1781087507,ai.elimu.filamu,,,,चिड़िया,1
481540,1781087565,ai.elimu.filamu,{'video_playback_position_ms': 34833},,,चिड़िया,1
481541,1781087589,ai.elimu.filamu,,,,चिड़िया,1
481542,1781087627,ai.elimu.filamu,{'video_playback_position_ms': 3292},,,चिड़िया,1
481543,1781087695,ai.elimu.filamu,,,,चिड़िया,1
481544,1781087751,ai.elimu.filamu,{'video_playback_position_ms': 15951},,,चिड़िया,1
481545,1781087791,ai.elimu.filamu,,,,चिड़िया,1
481546,1781087845,ai.elimu.filamu,{'video_playback_position_ms': 34779},,,चिड़िया,1
481547,1781087884,ai.elimu.filamu,,,,चिड़िया,1
481548,1781087931,ai.elimu.filamu,{'video_playback_position_ms': 3384},,,चिड़िया,1
481645,1781227957,ai.elimu.filamu,,,,चिड़िया,1
481646,1781228017,ai.elimu.filamu,{'video_playback_position_ms': 21942},,,चिड़िया,1
481647,1781228106,ai.elimu.filamu,,,,चिड़िया,1
481648,1781228117,ai.elimu.filamu,{'video_playback_position_ms': 10111},,,चिड़िया,1
481649,1781228136,ai.elimu.filamu,,,,चिड़िया,1
481650,1781228156,ai.elimu.filamu,{'video_playback_position_ms': 33743},,,चिड़िया,1
481651,1781228177,ai.elimu.filamu,,,,चिड़िया,1
481652,1781228228,ai.elimu.filamu,{'video_playback_position_ms': 20861},,,चिड़िया,1
481653,1781228280,ai.elimu.filamu,,,,चिड़िया,1
481654,1781228321,ai.elimu.filamu,{'video_playback_position_ms': 57471},,,चिड़िया,1
481707,1781315256,ai.elimu.filamu,,,,चिड़िया,1
481708,1781315288,ai.elimu.filamu,{'video_playback_position_ms': 43884},,,चिड़िया,1
481709,1781315400,ai.elimu.filamu,,,,चिड़िया,1
481710,1781315417,ai.elimu.filamu,{'video_playback_position_ms': 42494},,,चिड़िया,1
481777,1781398711,ai.elimu.filamu,,,,चिड़िया,1
481778,1781398727,ai.elimu.filamu,{'video_playback_position_ms': 26838},,,चिड़िया,1
481779,1781398820,ai.elimu.filamu,,,,चिड़िया,1
481780,1781398859,ai.elimu.filamu,{'video_playback_position_ms': 44065},,,चिड़िया,1
481781,1781398960,ai.elimu.filamu,,,,चिड़िया,1
481782,1781399001,ai.elimu.filamu,{'video_playback_position_ms': 47916},,,चिड़िया,1
481853,1781688087,ai.elimu.filamu,,,,चिड़िया,1
481854,1781688129,ai.elimu.filamu,{'video_playback_position_ms': 42848},,,चिड़िया,1
481855,1781688225,ai.elimu.filamu,,,,चिड़िया,1
481856,1781688227,ai.elimu.filamu,{'video_playback_position_ms': 15334},,,चिड़िया,1
481857,1781688314,ai.elimu.filamu,,,,चिड़िया,1
481858,1781688355,ai.elimu.filamu,{'video_playback_position_ms': 10063},,,चिड़िया,1
481859,1781688463,ai.elimu.filamu,,,,चिड़िया,1
481860,1781688510,ai.elimu.filamu,{'video_playback_position_ms': 1371},,,चिड़िया,1
481861,1781688608,ai.elimu.filamu,,,,चिड़िया,1
481862,1781688658,ai.elimu.filamu,{'video_playback_position_ms': 46135},,,चिड़िया,1
481897,1781749830,ai.elimu.filamu,,,,चिड़िया,1
481898,1781749887,ai.elimu.filamu,{'video_playback_position_ms': 3425},,,चिड़िया,1
481899,1781749956,ai.elimu.filamu,,,,चिड़िया,1
481900,1781749980,ai.elimu.filamu,{'video_playback_position_ms': 38967},,,चिड़िया,1
481901,1781750051,ai.elimu.filamu,,,,चिड़िया,1
481902,1781750108,ai.elimu.filamu,{'video_playback_position_ms': 52863},,,चिड़िया,1
481903,1781750143,ai.elimu.filamu,,,,चिड़िया,1
481904,1781750195,ai.elimu.filamu,{'video_playback_position_ms': 58796},,,चिड़िया,1
481905,1781750291,ai.elimu.filamu,,,,चिड़िया,1
481906,1781750332,ai.elimu.filamu,{'video_playback_position_ms': 59421},,,चिड़िया,1
481907,1781750388,ai.elimu.filamu,,,,चिड़िया,1
481908,1781750409,ai.elimu.filamu,{'video_playback_position_ms': 10894},,,चिड़िया,1
481909,1781750471,ai.elimu.filamu,,,,चिड़िया,1
481910,1781750475,ai.elimu.filamu,{'video_playback_position_ms': 53277},,,चिड़िया,1
481911,1781750509,ai.elimu.filamu,,,,चिड़िया,1
481912,1781750517,ai.elimu.filamu,{'video_playback_position_ms': 13192},,,चिड़िया,1
481913,1781750541,ai.elimu.filamu,,,,चिड़िया,1
481914,1781750585,ai.elimu.filamu,{'video_playback_position_ms': 12326},,,चिड़िया,1
481937,1781820147,ai.elimu.filamu,,,,चिड़िया,1
481938,1781820150,ai.elimu.filamu,{'video_playback_position_ms': 34295},,,चिड़िया,1
481939,1781820237,ai.elimu.filamu,,,,चिड़िया,1
481940,1781820292,ai.elimu.filamu,{'video_playback_position_ms': 5806},,,चिड़िया,1
481941,1781820361,ai.elimu.filamu,,,,चिड़िया,1
481942,1781820410,ai.elimu.filamu,{'video_playback_position_ms': 14944},,,चिड़िया,1
481943,1781820501,ai.elimu.filamu,,,,चिड़िया,1
481944,1781820528,ai.elimu.filamu,{'video_playback_position_ms': 17097},,,चिड़िया,1
481945,1781820569,ai.elimu.filamu,,,,चिड़िया,1
481946,1781820588,ai.elimu.filamu,{'video_playback_position_ms': 37040},,,चिड़िया,1
481947,1781820645,ai.elimu.filamu,,,,चिड़िया,1
481948,1781820686,ai.elimu.filamu,{'video_playback_position_ms': 27340},,,चिड़िया,1
481949,1781820717,ai.elimu.filamu,,,,चिड़िया,1
481950,1781820767,ai.elimu.filamu,{'video_playback_position_ms': 25963},,,चिड़िया,1
481951,1781820790,ai.elimu.filamu,,,,चिड़िया,1
481952,1781820830,ai.elimu.filamu,{'video_playback_position_ms': 50003},,,चिड़िया,1
481953,1781820851,ai.elimu.filamu,,,,चिड़िया,1
481954,1781820865,ai.elimu.filamu,{'video_playback_position_ms': 19624},,,चिड़िया,1
481955,1781820960,ai.elimu.filamu,,,,चिड़िया,1
481956,1781820969,ai.elimu.filamu,{'video_playback_position_ms': 58976},,,चिड़िया,1
481957,1781820997,ai.elimu.filamu,,,,चिड़िया,1
481958,1781821036,ai.elimu.filamu,{'video_playback_position_ms': 14233},,,चिड़िया,1
481959,1781821107,ai.elimu.filamu,,,,चिड़िया,1
481960,1781821123,ai.elimu.filamu,{'video_playback_position_ms': 6279},,,चिड़िया,1
481961,1781821156,ai.elimu.filamu,,,,चिड़िया,1
481962,1781821167,ai.elimu.filamu,{'video_playback_position_ms': 42624},,,चिड़िया,1
482023,1781916829,ai.elimu.filamu,,,,चिड़िया,1
482024,1781916834,ai.elimu.filamu,{'video_playback_position_ms': 52089},,,चिड़िया,1
482025,1781916893,ai.elimu.filamu,,,,चिड़िया,1
482026,1781916924,ai.elimu.filamu,{'video_playback_position_ms': 14315},,,चिड़िया,1
482027,1781916939,ai.elimu.filamu,,,,चिड़िया,1
482028,1781916977,ai.elimu.filamu,{'video_playback_position_ms': 3542},,,चिड़िया,1
482029,1781917086,ai.elimu.filamu,,,,चिड़िया,1
482030,1781917100,ai.elimu.filamu,{'video_playback_position_ms': 31216},,,चिड़िया,1
482031,1781917207,ai.elimu.filamu,,,,चिड़िया,1
482032,1781917249,ai.elimu.filamu,{'video_playback_position_ms': 29735},,,चिड़िया,1
482033,1781917352,ai.elimu.filamu,,,,चिड़िया,1
482034,1781917358,ai.elimu.filamu,{'video_playback_position_ms': 34773},,,चिड़िया,1
482035,1781917443,ai.elimu.filamu,,,,चिड़िया,1
482036,1781917489,ai.elimu.filamu,{'video_playback_position_ms': 42502},,,चिड़िया,1
482037,1781917522,ai.elimu.filamu,,,,चिड़िया,1
482038,1781917581,ai.elimu.filamu,{'video_playback_position_ms': 25721},,,चिड़िया,1
482039,1781917683,ai.elimu.filamu,,,,चिड़िया,1
482040,1781917699,ai.elimu.filamu,{'video_playback_position_ms': 15048},,,चिड़िया,1
482041,1781917817,ai.elimu.filamu,,,,चिड़िया,1
482042,1781917819,ai.elimu.filamu,{'video_playback_position_ms': 53414},,,चिड़िया,1
482043,1781917914,ai.elimu.filamu,,,,चिड़िया,1
482044,1781917950,ai.elimu.filamu,{'video_playback_position_ms': 17498},,,चिड़िया,1
482045,1781918056,ai.elimu.filamu,,,,चिड़िया,1
482046,1781918108,ai.elimu.filamu,{'video_playback_position_ms': 52082},,,चिड़िया,1
482047,1781918153,ai.elimu.filamu,,,,चिड़िया,1
482048,1781918197,ai.elimu.filamu,{'video_playback_position_ms': 14651},,,चिड़िया,1
482049,1781918305,ai.elimu.filamu,,,,चिड़िया,1
482050,1781918335,ai.elimu.filamu,{'video_playback_position_ms': 46524},,,चिड़िया,1
482051,1781918365,ai.elimu.filamu,,,,चिड़िया,1
482052,1781918386,ai.elimu.filamu,{'video_playback_position_ms': 52403},,,चिड़िया,1
482053,1781918458,ai.elimu.filamu,,,,चिड़िया,1
482054,1781918475,ai.elimu.filamu,{'video_playback_position_ms': 5420},,,चिड़िया,1
482111,1782003131,ai.elimu.filamu,,,,चिड़िया,1
482112,1782003157,ai.elimu.filamu,{'video_playback_position_ms': 34728},,,चिड़िया,1
482113,1782003212,ai.elimu.filamu,,,,चिड़िया,1
482114,1782003228,ai.elimu.filamu,{'video_playback_position_ms': 26329},,,चिड़िया,1
482115,1782003325,ai.elimu.filamu,,,,चिड़िया,1
482116,1782003352,ai.elimu.filamu,{'video_playback_position_ms': 34496},,,चिड़िया,1
482117,1782003370,ai.elimu.filamu,,,,चिड़िया,1
482118,1782003410,ai.elimu.filamu,{'video_playback_position_ms': 55734},,,चिड़िया,1
482119,1782003428,ai.elimu.filamu,,,,चिड़िया,1
482120,1782003479,ai.elimu.filamu,{'video_playback_position_ms': 52012},,,चिड़िया,1
482121,1782003579,ai.elimu.filamu,,,,चिड़िया,1
482122,1782003611,ai.elimu.filamu,{'video_playback_position_ms': 39084},,,चिड़िया,1
482123,1782003723,ai.elimu.filamu,,,,चिड़िया,1
482124,1782003774,ai.elimu.filamu,{'video_playback_position_ms': 19964},,,चिड़िया,1
482125,1782003879,ai.elimu.filamu,,,,चिड़िया,1
482126,1782003899,ai.elimu.filamu,{'video_playback_position_ms': 9749},,,चिड़िया,1
482127,1782003957,ai.elimu.filamu,,,,चिड़िया,1
482128,1782004017,ai.elimu.filamu,{'video_playback_position_ms': 37376},,,चिड़िया,1
482129,1782004033,ai.elimu.filamu,,,,चिड़िया,1
482130,1782004055,ai.elimu.filamu,{'video_playback_position_ms': 45511},,,चिड़िया,1
482131,1782004165,ai.elimu.filamu,,,,चिड़िया,1
482132,1782004209,ai.elimu.filamu,{'video_playback_position_ms': 45688},,,चिड़िया,1
482133,1782004289,ai.elimu.filamu,,,,चिड़िया,1
482134,1782004295,ai.elimu.filamu,{'video_playback_position_ms': 1405},,,चिड़िया,1
482167,1782090141,ai.elimu.filamu,,,,चिड़िया,1
482168,1782090201,ai.elimu.filamu,{'video_playback_position_ms': 58191},,,चिड़िया,1
482169,1782090244,ai.elimu.filamu,,,,चिड़िया,1
482170,1782090299,ai.elimu.filamu,{'video_playback_position_ms': 52182},,,चिड़िया,1
482171,1782090366,ai.elimu.filamu,,,,चिड़िया,1
482172,1782090395,ai.elimu.filamu,{'video_playback_position_ms': 44988},,,चिड़िया,1
482173,1782090441,ai.elimu.filamu,,,,चिड़िया,1
482174,1782090487,ai.elimu.filamu,{'video_playback_position_ms': 2445},,,चिड़िया,1
482175,1782090596,ai.elimu.filamu,,,,चिड़िया,1
482176,1782090613,ai.elimu.filamu,{'video_playback_position_ms': 53810},,,चिड़िया,1
482177,1782090629,ai.elimu.filamu,,,,चिड़िया,1
482178,1782090634,ai.elimu.filamu,{'video_playback_position_ms': 46727},,,चिड़िया,1
482179,1782090738,ai.elimu.filamu,,,,चिड़िया,1
482180,1782090764,ai.elimu.filamu,{'video_playback_position_ms': 31654},,,चिड़िया,1
482181,1782090801,ai.elimu.filamu,,,,चिड़िया,1
482182,1782090856,ai.elimu.filamu,{'video_playback_position_ms': 35698},,,चिड़िया,1
482183,1782090965,ai.elimu.filamu,,,,चिड़िया,1
482184,1782090987,ai.elimu.filamu,{'video_playback_position_ms': 49765},,,चिड़िया,1
482185,1782091090,ai.elimu.filamu,,,,चिड़िया,1
482186,1782091148,ai.elimu.filamu,{'video_playback_position_ms': 29085},,,चिड़िया,1
482187,1782091253,ai.elimu.filamu,,,,चिड़िया,1
482188,1782091292,ai.elimu.filamu,{'video_playback_position_ms': 26758},,,चिड़िया,1
482189,1782091318,ai.elimu.filamu,,,,चिड़िया,1
482190,1782091332,ai.elimu.filamu,{'video_playback_position_ms': 58534},,,चिड़िया,1
482191,1782091351,ai.elimu.filamu,,,,चिड़िया,1
482192,1782091402,ai.elimu.filamu,{'video_playback_position_ms': 50261},,,चिड़िया,1
482193,1782091423,ai.elimu.filamu,,,,चिड़िया,1
482194,1782091478,ai.elimu.filamu,{'video_playback_position_ms': 31059},,,चिड़िया,1
482195,1782091566,ai.elimu.filamu,,,,चिड़िया,1
482196,1782091590,ai.elimu.filamu,{'video_playback_position_ms': 28487},,,चिड़िया,1
482197,1782091699,ai.elimu.filamu,,,,चिड़िया,1
482198,1782091746,ai.elimu.filamu,{'video_playback_position_ms': 37738},,,चिड़िया,1
482199,1782091848,ai.elimu.filamu,,,,चिड़िया,1
482200,1782091858,ai.elimu.filamu,{'video_playback_position_ms': 32110},,,चिड़िया,1
482201,1782091896,ai.elimu.filamu,,,,चिड़िया,1
482202,1782091946,ai.elimu.filamu,{'video_playback_position_ms': 20905},,,चिड़िया,1
482203,1782092052,ai.elimu.filamu,,,,चिड़िया,1
482204,1782092075,ai.elimu.filamu,{'video_playback_position_ms': 17928},,,चिड़िया,1
482237,1782347936,ai.elimu.filamu,,,,चिड़िया,1
482238,1782347961,ai.elimu.filamu,{'video_playback_position_ms': 4913},,,चिड़िया,1
482239,1782348057,ai.elimu.filamu,,,,चिड़िया,1
482240,1782348076,ai.elimu.filamu,{'video_playback_position_ms': 59669},,,चिड़िया,1
482241,1782348123,ai.elimu.filamu,,,,चिड़िया,1
482242,1782348174,ai.elimu.filamu,{'video_playback_position_ms': 45828},,,चिड़िया,1
482243,1782348217,ai.elimu.filamu,,,,चिड़िया,1
482244,1782348241,ai.elimu.filamu,{'video_playback_position_ms': 6868},,,चिड़िया,1
482245,1782348256,ai.elimu.filamu,,,,चिड़िया,1
482246,1782348263,ai.elimu.filamu,{'video_playback_position_ms': 12316},,,चिड़िया,1
482247,1782348320,ai.elimu.filamu,,,,चिड़िया,1
482248,1782348368,ai.elimu.filamu,{'video_playback_position_ms': 48885},,,चिड़िया,1
482249,1782348430,ai.elimu.filamu,,,,चिड़िया,1
482250,1782348453,ai.elimu.filamu,{'video_playback_position_ms': 13158},,,चिड़िया,1
482251,1782348510,ai.elimu.filamu,,,,चिड़िया,1
482252,1782348564,ai.elimu.filamu,{'video_playback_position_ms': 47705},,,चिड़िया,1
482253,1782348664,ai.elimu.filamu,,,,चिड़िया,1
482254,1782348672,ai.elimu.filamu,{'video_playback_position_ms': 12923},,,चिड़िया,1
482315,1782434729,ai.elimu.filamu,,,,चिड़िया,1
482316,1782434753,ai.elimu.filamu,{'video_playback_position_ms': 21130},,,चिड़िया,1
482333,1782522530,ai.elimu.filamu,,,,चिड़िया,1
482334,1782522564,ai.elimu.filamu,{'video_playback_position_ms': 8680},,,चिड़िया,1
482335,1782522678,ai.elimu.filamu,,,,चिड़िया,1
482336,1782522726,ai.elimu.filamu,{'video_playback_position_ms': 21645},,,चिड़िया,1
482337,1782522749,ai.elimu.filamu,,,,चिड़िया,1
482338,1782522772,ai.elimu.filamu,{'video_playback_position_ms': 42869},,,चिड़िया,1
482339,1782522801,ai.elimu.filamu,,,,चिड़िया,1
482340,1782522858,ai.elimu.filamu,{'video_playback_position_ms': 40809},,,चिड़िया,1
482341,1782522947,ai.elimu.filamu,,,,चिड़िया,1
482342,1782522984,ai.elimu.filamu,{'video_playback_position_ms': 28588},,,चिड़िया,1
482343,1782523005,ai.elimu.filamu,,,,चिड़िया,1
482344,1782523040,ai.elimu.filamu,{'video_playback_position_ms': 23704},,,चिड़िया,1
482389,1782606996,ai.elimu.filamu,,,,चिड़िया,1
482390,1782607030,ai.elimu.filamu,{'video_playback_position_ms': 13616},,,चिड़िया,1
482391,1782607089,ai.elimu.filamu,,,,चिड़िया,1
482392,1782607116,ai.elimu.filamu,{'video_playback_position_ms': 45865},,,चिड़िया,1
482393,1782607205,ai.elimu.filamu,,,,चिड़िया,1
482394,1782607234,ai.elimu.filamu,{'video_playback_position_ms': 32318},,,चिड़िया,1
482395,1782607313,ai.elimu.filamu,,,,चिड़िया,1
482396,1782607358,ai.elimu.filamu,{'video_playback_position_ms': 6840},,,चिड़िया,1
482397,1782607472,ai.elimu.filamu,,,,चिड़िया,1
482398,1782607527,ai.elimu.filamu,{'video_playback_position_ms': 57770},,,चिड़िया,1
482445,1782782042,ai.elimu.filamu,,,,चिड़िया,1
482446,1782782051,ai.elimu.filamu,{'video_playback_position_ms': 6437},,,चिड़िया,1
482447,1782782105,ai.elimu.filamu,,,,चिड़िया,1
482448,1782782122,ai.elimu.filamu,{'video_playback_position_ms': 1639},,,चिड़िया,1
482449,1782782189,ai.elimu.filamu,,,,चिड़िया,1
482450,1782782234,ai.elimu.filamu,{'video_playback_position_ms': 8454},,,चिड़िया,1
482451,1782782320,ai.elimu.filamu,,,,चिड़िया,1
482452,1782782362,ai.elimu.filamu,{'video_playback_position_ms': 27763},,,चिड़िया,1
482453,1782782455,ai.elimu.filamu,,,,चिड़िया,1
482454,1782782502,ai.elimu.filamu,{'video_playback_position_ms': 36721},,,चिड़िया,1
482455,1782782587,ai.elimu.filamu,,,,चिड़िया,1
482456,1782782603,ai.elimu.filamu,{'video_playback_position_ms': 14409},,,चिड़िया,1
482457,1782782651,ai.elimu.filamu,,,,चिड़िया,1
482458,1782782703,ai.elimu.filamu,{'video_playback_position_ms': 55813},,,चिड़िया,1
482459,1782782779,ai.elimu.filamu,,,,चिड़िया,1
482460,1782782831,ai.elimu.filamu,{'video_playback_position_ms': 10906},,,चिड़िया,1
482461,1782782888,ai.elimu.filamu,,,,चिड़िया,1
482462,1782782938,ai.elimu.filamu,{'video_playback_position_ms': 21109},,,चिड़िया,1
482463,1782783023,ai.elimu.filamu,,,,चिड़िया,1
482464,1782783051,ai.elimu.filamu,{'video_playback_position_ms': 16569},,,चिड़िया,1
482465,1782783130,ai.elimu.filamu,,,,चिड़िया,1
482466,1782783141,ai.elimu.filamu,{'video_playback_position_ms': 55855},,,चिड़िया,1
482467,1782783224,ai.elimu.filamu,,,,चिड़िया,1
482468,1782783233,ai.elimu.filamu,{'video_playback_position_ms': 10915},,,चिड़िया,1
482469,1782783279,ai.elimu.filamu,,,,चिड़िया,1
482470,1782783330,ai.elimu.filamu,{'video_playback_position_ms': 11140},,,चिड़िया,1
482471,1782783370,ai.elimu.filamu,,,,चिड़िया,1
482472,1782783425,ai.elimu.filamu,{'video_playback_position_ms': 59173},,,चिड़िया,1
482473,1782783468,ai.elimu.filamu,,,,चिड़िया,1
482474,1782783520,ai.elimu.filamu,{'video_playback_position_ms': 36191},,,चिड़िया,1
482475,1782783544,ai.elimu.filamu,,,,चिड़िया,1
482476,1782783546,ai.elimu.filamu,{'video_playback_position_ms': 7525},,,चिड़िया,1
482501,1782865430,ai.elimu.filamu,,,,चिड़िया,1
482502,1782865451,ai.elimu.filamu,{'video_playback_position_ms': 51435},,,चिड़िया,1
482591,1783038631,ai.elimu.filamu,,,,चिड़िया,1
482592,1783038665,ai.elimu.filamu,{'video_playback_position_ms': 52455},,,चिड़िया,1
482593,1783038745,ai.elimu.filamu,,,,चिड़िया,1
482594,1783038797,ai.elimu.filamu,{'video_playback_position_ms': 37137},,,चिड़िया,1
482595,1783038834,ai.elimu.filamu,,,,चिड़िया,1
482596,1783038878,ai.elimu.filamu,{'video_playback_position_ms': 19586},,,चिड़िया,1
482597,1783038918,ai.elimu.filamu,,,,चिड़िया,1
482598,1783038931,ai.elimu.filamu,{'video_playback_position_ms': 43499},,,चिड़िया,1
482599,1783039002,ai.elimu.filamu,,,,चिड़िया,1
482600,1783039034,ai.elimu.filamu,{'video_playback_position_ms': 57822},,,चिड़िया,1
482601,1783039119,ai.elimu.filamu,,,,चिड़िया,1
482602,1783039178,ai.elimu.filamu,{'video_playback_position_ms': 45937},,,चिड़िया,1
482603,1783039210,ai.elimu.filamu,,,,चिड़िया,1
482604,1783039257,ai.elimu.filamu,{'video_playback_position_ms': 32372},,,चिड़िया,1
482605,1783039312,ai.elimu.filamu,,,,चिड़िया,1
482606,1783039323,ai.elimu.filamu,{'video_playback_position_ms': 4231},,,चिड़िया,1
482607,1783039392,ai.elimu.filamu,,,,चिड़िया,1
482608,1783039395,ai.elimu.filamu,{'video_playback_position_ms': 19626},,,चिड़िया,1
482609,1783039425,ai.elimu.filamu,,,,चिड़िया,1
482610,1783039457,ai.elimu.filamu,{'video_playback_position_ms': 38065},,,चिड़िया,1
482611,1783039542,ai.elimu.filamu,,,,चिड़िया,1
482612,1783039577,ai.elimu.filamu,{'video_playback_position_ms': 2814},,,चिड़िया,1
482613,1783039671,ai.elimu.filamu,,,,चिड़िया,1
482614,1783039689,ai.elimu.filamu,{'video_playback_position_ms': 33921},,,चिड़िया,1
482663,1783124230,ai.elimu.filamu,,,,चिड़िया,1
482664,1783124273,ai.elimu.filamu,{'video_playback_position_ms': 13764},,,चिड़िया,1
482665,1783124381,ai.elimu.filamu,,,,चिड़िया,1
482666,1783124421,ai.elimu.filamu,{'video_playback_position_ms': 29197},,,चिड़िया,1
482667,1783124499,ai.elimu.filamu,,,,चिड़िया,1
482668,1783124524,ai.elimu.filamu,{'video_playback_position_ms': 4457},,,चिड़िया,1
482669,1783124614,ai.elimu.filamu,,,,चिड़िया,1
482670,1783124630,ai.elimu.filamu,{'video_playback_position_ms': 10836},,,चिड़िया,1
482671,1783124701,ai.elimu.filamu,,,,चिड़िया,1
482672,1783124742,ai.elimu.filamu,{'video_playback_position_ms': 5986},,,चिड़िया,1
482673,1783124793,ai.elimu.filamu,,,,चिड़िया,1
482674,1783124796,ai.elimu.filamu,{'video_playback_position_ms': 13640},,,चिड़िया,1
482675,1783124839,ai.elimu.filamu,,,,चिड़िया,1
482676,1783124871,ai.elimu.filamu,{'video_playback_position_ms': 49112},,,चिड़िया,1
482677,1783124971,ai.elimu.filamu,,,,चिड़िया,1
482678,1783124993,ai.elimu.filamu,{'video_playback_position_ms': 19379},,,चिड़िया,1
482679,1783125103,ai.elimu.filamu,,,,चिड़िया,1
482680,1783125163,ai.elimu.filamu,{'video_playback_position_ms': 39128},,,चिड़िया,1
482681,1783125215,ai.elimu.filamu,,,,चिड़िया,1
482682,1783125223,ai.elimu.filamu,{'video_playback_position_ms': 39145},,,चिड़िया,1
482683,1783125243,ai.elimu.filamu,,,,चिड़िया,1
482684,1783125300,ai.elimu.filamu,{'video_playback_position_ms': 50361},,,चिड़िया,1
482685,1783125409,ai.elimu.filamu,,,,चिड़िया,1
482686,1783125462,ai.elimu.filamu,{'video_playback_position_ms': 37398},,,चिड़िया,1
482687,1783125483,ai.elimu.filamu,,,,चिड़िया,1
482688,1783125534,ai.elimu.filamu,{'video_playback_position_ms': 17789},,,चिड़िया,1
482689,1783125596,ai.elimu.filamu,,,,चिड़िया,1
482690,1783125635,ai.elimu.filamu,{'video_playback_position_ms': 19568},,,चिड़िया,1
482691,1783125746,ai.elimu.filamu,,,,चिड़िया,1
482692,1783125753,ai.elimu.filamu,{'video_playback_position_ms': 18350},,,चिड़िया,1
482693,1783125796,ai.elimu.filamu,,,,चिड़िया,1
482694,1783125832,ai.elimu.filamu,{'video_playback_position_ms': 27624},,,चिड़िया,1
482695,1783125901,ai.elimu.filamu,,,,चिड़िया,1
482696,1783125912,ai.elimu.filamu,{'video_playback_position_ms': 35578},,,चिड़िया,1
482697,1783125977,ai.elimu.filamu,,,,चिड़िया,1
482698,1783126001,ai.elimu.filamu,{'video_playback_position_ms': 54417},,,चिड़िया,1
482753,1783211274,ai.elimu.filamu,,,,चिड़िया,1
482754,1783211317,ai.elimu.filamu,{'video_playback_position_ms': 38383},,,चिड़िया,1
482755,1783211377,ai.elimu.filamu,,,,चिड़िया,1
482756,1783211429,ai.elimu.filamu,{'video_playback_position_ms': 34008},,,चिड़िया,1
482757,1783211489,ai.elimu.filamu,,,,चिड़िया,1
482758,1783211544,ai.elimu.filamu,{'video_playback_position_ms': 5130},,,चिड़िया,1
482775,1783296874,ai.elimu.filamu,,,,चिड़िया,1
482776,1783296882,ai.elimu.filamu,{'video_playback_position_ms': 42542},,,चिड़िया,1
482777,1783296938,ai.elimu.filamu,,,,चिड़िया,1
482778,1783296978,ai.elimu.filamu,{'video_playback_position_ms': 37137},,,चिड़िया,1
482779,1783297021,ai.elimu.filamu,,,,चिड़िया,1
482780,1783297026,ai.elimu.filamu,{'video_playback_position_ms': 39855},,,चिड़िया,1
482781,1783297141,ai.elimu.filamu,,,,चिड़िया,1
482782,1783297155,ai.elimu.filamu,{'video_playback_position_ms': 2128},,,चिड़िया,1
482783,1783297249,ai.elimu.filamu,,,,चिड़िया,1
482784,1783297284,ai.elimu.filamu,{'video_playback_position_ms': 20996},,,चिड़िया,1
482785,1783297330,ai.elimu.filamu,,,,चिड़िया,1
482786,1783297389,ai.elimu.filamu,{'video_playback_position_ms': 39355},,,चिड़िया,1
482819,1783470973,ai.elimu.filamu,,,,चिड़िया,1
482820,1783471023,ai.elimu.filamu,{'video_playback_position_ms': 1377},,,चिड़िया,1
482821,1783471044,ai.elimu.filamu,,,,चिड़िया,1
482822,1783471077,ai.elimu.filamu,{'video_playback_position_ms': 13611},,,चिड़िया,1
482823,1783471114,ai.elimu.filamu,,,,चिड़िया,1
482824,1783471155,ai.elimu.filamu,{'video_playback_position_ms': 20402},,,चिड़िया,1
482825,1783471245,ai.elimu.filamu,,,,चिड़िया,1
482826,1783471273,ai.elimu.filamu,{'video_playback_position_ms': 31926},,,चिड़िया,1
482827,1783471343,ai.elimu.filamu,,,,चिड़िया,1
482828,1783471381,ai.elimu.filamu,{'video_playback_position_ms': 41869},,,चिड़िया,1
482829,1783471442,ai.elimu.filamu,,,,चिड़िया,1
482830,1783471445,ai.elimu.filamu,{'video_playback_position_ms': 11798},,,चिड़िया,1
482831,1783471462,ai.elimu.filamu,,,,चिड़िया,1
482832,1783471501,ai.elimu.filamu,{'video_playback_position_ms': 37238},,,चिड़िया,1
482833,1783471574,ai.elimu.filamu,,,,चिड़िया,1
482834,1783471610,ai.elimu.filamu,{'video_playback_position_ms': 50280},,,चिड़िया,1
482835,1783471626,ai.elimu.filamu,,,,चिड़िया,1
482836,1783471652,ai.elimu.filamu,{'video_playback_position_ms': 9555},,,चिड़िया,1
482867,1783732294,ai.elimu.filamu,,,,चिड़िया,1
482868,1783732329,ai.elimu.filamu,{'video_playback_position_ms': 59721},,,चिड़िया,1
482869,1783732427,ai.elimu.filamu,,,,चिड़िया,1
482870,1783732486,ai.elimu.filamu,{'video_playback_position_ms': 51969},,,चिड़िया,1
482871,1783732529,ai.elimu.filamu,,,,चिड़िया,1
482872,1783732570,ai.elimu.filamu,{'video_playback_position_ms': 22115},,,चिड़िया,1
482873,1783732676,ai.elimu.filamu,,,,चिड़िया,1
482874,1783732706,ai.elimu.filamu,{'video_playback_position_ms': 39865},,,चिड़िया,1
482875,1783732732,ai.elimu.filamu,,,,चिड़िया,1
482876,1783732747,ai.elimu.filamu,{'video_playback_position_ms': 8815},,,चिड़िया,1
482877,1783732791,ai.elimu.filamu,,,,चिड़िया,1
482878,1783732849,ai.elimu.filamu,{'video_playback_position_ms': 57512},,,चिड़िया,1
482879,1783732964,ai.elimu.filamu,,,,चिड़िया,1
482880,1783732998,ai.elimu.filamu,{'video_playback_position_ms': 6332},,,चिड़िया,1
482881,1783733055,ai.elimu.filamu,,,,चिड़िया,1
482882,1783733071,ai.elimu.filamu,{'video_playback_position_ms': 57931},,,चिड़िया,1
482883,1783733182,ai.elimu.filamu,,,,चिड़िया,1
482884,1783733207,ai.elimu.filamu,{'video_playback_position_ms': 15708},,,चिड़िया,1
482885,1783733315,ai.elimu.filamu,,,,चिड़िया,1
482886,1783733334,ai.elimu.filamu,{'video_playback_position_ms': 48025},,,चिड़िया,1
482887,1783816094,ai.elimu.filamu,,,,चिड़िया,1
482888,1783816124,ai.elimu.filamu,{'video_playback_position_ms': 20274},,,चिड़िया,1
482889,1783816195,ai.elimu.filamu,,,,चिड़िया,1
482890,1783816244,ai.elimu.filamu,{'video_playback_position_ms': 22534},,,चिड़िया,1
482891,1783816304,ai.elimu.filamu,,,,चिड़िया,1
482892,1783816349,ai.elimu.filamu,{'video_playback_position_ms': 35039},,,चिड़िया,1
482893,1783816456,ai.elimu.filamu,,,,चिड़िया,1
482894,1783816496,ai.elimu.filamu,{'video_playback_position_ms': 6076},,,चिड़िया,1
482895,1783816525,ai.elimu.filamu,,,,चिड़िया,1
482896,1783816574,ai.elimu.filamu,{'video_playback_position_ms': 59165},,,चिड़िया,1
482897,1783816616,ai.elimu.filamu,,,,चिड़िया,1
482898,1783816644,ai.elimu.filamu,{'video_playback_position_ms': 9022},,,चिड़िया,1
482899,1783816749,ai.elimu.filamu,,,,चिड़िया,1
482900,1783816778,ai.elimu.filamu,{'video_playback_position_ms': 51262},,,चिड़िया,1
482901,1783816800,ai.elimu.filamu,,,,चिड़िया,1
482902,1783816819,ai.elimu.filamu,{'video_playback_position_ms': 26481},,,चिड़िया,1
482903,1783816853,ai.elimu.filamu,,,,चिड़िया,1
482904,1783816870,ai.elimu.filamu,{'video_playback_position_ms': 7312},,,चिड़िया,1
482905,1783816939,ai.elimu.filamu,,,,चिड़िया,1
482906,1783816961,ai.elimu.filamu,{'video_playback_position_ms': 26740},,,चिड़िया,1
482907,1783817058,ai.elimu.filamu,,,,चिड़िया,1
482908,1783817091,ai.elimu.filamu,{'video_playback_position_ms': 35968},,,चिड़िया,1
482909,1783817206,ai.elimu.filamu,,,,चिड़िया,1
482910,1783817216,ai.elimu.filamu,{'video_playback_position_ms': 51420},,,चिड़िया,1
482911,1783817276,ai.elimu.filamu,,,,चिड़िया,1
482912,1783817312,ai.elimu.filamu,{'video_playback_position_ms': 22001},,,चिड़िया,1
482913,1783817330,ai.elimu.filamu,,,,चिड़िया,1
482914,1783817336,ai.elimu.filamu,{'video_playback_position_ms': 46606},,,चिड़िया,1
482915,1783817367,ai.elimu.filamu,,,,चिड़िया,1
482916,1783817409,ai.elimu.filamu,{'video_playback_position_ms': 36487},,,चिड़िया,1
482917,1783817468,ai.elimu.filamu,,,,चिड़िया,1
482918,1783817478,ai.elimu.filamu,{'video_playback_position_ms': 15966},,,चिड़िया,1
482919,1783817524,ai.elimu.filamu,,,,चिड़िया,1
482920,1783817557,ai.elimu.filamu,{'video_playback_position_ms': 13339},,,चिड़िया,1
482939,1784075821,ai.elimu.filamu,,,,चिड़िया,1
482940,1784075879,ai.elimu.filamu,{'video_playback_position_ms': 55679},,,चिड़िया,1
482941,1784075943,ai.elimu.filamu,,,,चिड़िया,1
482942,1784075968,ai.elimu.filamu,{'video_playback_position_ms': 27826},,,चिड़िया,1
482943,1784076036,ai.elimu.filamu,,,,चिड़िया,1
482944,1784076051,ai.elimu.filamu,{'video_playback_position_ms': 3308},,,चिड़िया,1
482945,1784076150,ai.elimu.filamu,,,,चिड़िया,1
482946,1784076200,ai.elimu.filamu,{'video_playback_position_ms': 11028},,,चिड़िया,1
482947,1784076255,ai.elimu.filamu,,,,चिड़िया,1
482948,1784076284,ai.elimu.filamu,{'video_playback_position_ms': 37355},,,चिड़िया,1
482949,1784076365,ai.elimu.filamu,,,,चिड़िया,1
482950,1784076373,ai.elimu.filamu,{'video_playback_position_ms': 59841},,,चिड़िया,1
482951,1784076473,ai.elimu.filamu,,,,चिड़िया,1
482952,1784076485,ai.elimu.filamu,{'video_playback_position_ms': 59125},,,चिड़िया,1
482953,1784076531,ai.elimu.filamu,,,,चिड़िया,1
482954,1784076557,ai.elimu.filamu,{'video_playback_position_ms': 33383},,,चिड़िया,1
482955,1784076637,ai.elimu.filamu,,,,चिड़िया,1
482956,1784076694,ai.elimu.filamu,{'video_playback_position_ms': 37004},,,चिड़िया,1
482957,1784076812,ai.elimu.filamu,,,,चिड़िया,1
482958,1784076867,ai.elimu.filamu,{'video_playback_position_ms': 15355},,,चिड़िया,1
482959,1784076945,ai.elimu.filamu,,,,चिड़िया,1
482960,1784076963,ai.elimu.filamu,{'video_playback_position_ms': 15450},,,चिड़िया,1
483025,1784165393,ai.elimu.filamu,,,,चिड़िया,1
483026,1784165402,ai.elimu.filamu,{'video_playback_position_ms': 18719},,,चिड़िया,1
483027,1784165467,ai.elimu.filamu,,,,चिड़िया,1
483028,1784165485,ai.elimu.filamu,{'video_playback_position_ms': 12554},,,चिड़िया,1
483029,1784165570,ai.elimu.filamu,,,,चिड़िया,1
483030,1784165625,ai.elimu.filamu,{'video_playback_position_ms': 14946},,,चिड़िया,1
483031,1784165665,ai.elimu.filamu,,,,चिड़िया,1
483032,1784165675,ai.elimu.filamu,{'video_playback_position_ms': 45967},,,चिड़िया,1
483033,1784165730,ai.elimu.filamu,,,,चिड़िया,1
483034,1784165778,ai.elimu.filamu,{'video_playback_position_ms': 18174},,,चिड़िया,1
483035,1784165817,ai.elimu.filamu,,,,चिड़िया,1
483036,1784165828,ai.elimu.filamu,{'video_playback_position_ms': 38799},,,चिड़िया,1
483037,1784165859,ai.elimu.filamu,,,,चिड़िया,1
483038,1784165889,ai.elimu.filamu,{'video_playback_position_ms': 39656},,,चिड़िया,1
483039,1784165988,ai.elimu.filamu,,,,चिड़िया,1
483040,1784166022,ai.elimu.filamu,{'video_playback_position_ms': 8084},,,चिड़िया,1
483041,1784166052,ai.elimu.filamu,,,,चिड़िया,1
483042,1784166067,ai.elimu.filamu,{'video_playback_position_ms': 49502},,,चिड़िया,1
483043,1784166086,ai.elimu.filamu,,,,चिड़िया,1
483044,1784166127,ai.elimu.filamu,{'video_playback_position_ms': 42117},,,चिड़िया,1
483045,1784166197,ai.elimu.filamu,,,,चिड़िया,1
483046,1784166200,ai.elimu.filamu,{'video_playback_position_ms': 48810},,,चिड़िया,1
483047,1784166291,ai.elimu.filamu,,,,चिड़िया,1
483048,1784166300,ai.elimu.filamu,{'video_playback_position_ms': 52799},,,चिड़िया,1
483049,1784166342,ai.elimu.filamu,,,,चिड़िया,1
483050,1784166359,ai.elimu.filamu,{'video_playback_position_ms': 14617},,,चिड़िया,1
483051,1784166394,ai.elimu.filamu,,,,चिड़िया,1
483052,1784166411,ai.elimu.filamu,{'video_playback_position_ms': 27071},,,चिड़िया,1
483053,1784166511,ai.elimu.filamu,,,,चिड़िया,1
483054,1784166522,ai.elimu.filamu,{'video_playback_position_ms': 26548},,,चिड़िया,1
483055,1784166552,ai.elimu.filamu,,,,चिड़िया,1
483056,1784166582,ai.elimu.filamu,{'video_playback_position_ms': 57860},,,चिड़िया,1
483057,1784166601,ai.elimu.filamu,,,,चिड़िया,1
483058,1784166643,ai.elimu.filamu,{'video_playback_position_ms': 4946},,,चिड़िया,1
483059,1784166712,ai.elimu.filamu,,,,चिड़िया,1
483060,1784166745,ai.elimu.filamu,{'video_playback_position_ms': 5330},,,चिड़िया,1
483091,1784422162,ai.elimu.filamu,,,,चिड़िया,1
483092,1784422214,ai.elimu.filamu,{'video_playback_position_ms': 16510},,,चिड़िया,1
483093,1784422255,ai.elimu.filamu,,,,चिड़िया,1
483094,1784422265,ai.elimu.filamu,{'video_playback_position_ms': 30190},,,चिड़िया,1
483095,1784422295,ai.elimu.filamu,,,,चिड़िया,1
483096,1784422346,ai.elimu.filamu,{'video_playback_position_ms': 47718},,,चिड़िया,1
483097,1784422422,ai.elimu.filamu,,,,चिड़िया,1
483098,1784422465,ai.elimu.filamu,{'video_playback_position_ms': 31449},,,चिड़िया,1
483099,1784422483,ai.elimu.filamu,,,,चिड़िया,1
483100,1784422534,ai.elimu.filamu,{'video_playback_position_ms': 29428},,,चिड़िया,1
483101,1784422596,ai.elimu.filamu,,,,चिड़िया,1
483102,1784422647,ai.elimu.filamu,{'video_playback_position_ms': 17483},,,चिड़िया,1
483103,1784422728,ai.elimu.filamu,,,,चिड़िया,1
483104,1784422754,ai.elimu.filamu,{'video_playback_position_ms': 33560},,,चिड़िया,1
483105,1784422821,ai.elimu.filamu,,,,चिड़िया,1
483106,1784422857,ai.elimu.filamu,{'video_playback_position_ms': 10204},,,चिड़िया,1
483155,1784507997,ai.elimu.filamu,,,,चिड़िया,1
483156,1784508031,ai.elimu.filamu,{'video_playback_position_ms': 2361},,,चिड़िया,1
483157,1784508105,ai.elimu.filamu,,,,चिड़िया,1
483158,1784508159,ai.elimu.filamu,{'video_playback_position_ms': 31661},,,चिड़िया,1
483159,1784508190,ai.elimu.filamu,,,,चिड़िया,1
483160,1784508206,ai.elimu.filamu,{'video_playback_position_ms': 37231},,,चिड़िया,1
483161,1784508251,ai.elimu.filamu,,,,चिड़िया,1
483162,1784508278,ai.elimu.filamu,{'video_playback_position_ms': 1837},,,चिड़िया,1
483163,1784508306,ai.elimu.filamu,,,,चिड़िया,1
483164,1784508338,ai.elimu.filamu,{'video_playback_position_ms': 32691},,,चिड़िया,1
483165,1784508373,ai.elimu.filamu,,,,चिड़िया,1
483166,1784508394,ai.elimu.filamu,{'video_playback_position_ms': 36017},,,चिड़िया,1
483167,1784508422,ai.elimu.filamu,,,,चिड़िया,1
483168,1784508474,ai.elimu.filamu,{'video_playback_position_ms': 38969},,,चिड़िया,1
483169,1784508530,ai.elimu.filamu,,,,चिड़िया,1
483170,1784508548,ai.elimu.filamu,{'video_playback_position_ms': 32621},,,चिड़िया,1
483171,1784508609,ai.elimu.filamu,,,,चिड़िया,1
483172,1784508622,ai.elimu.filamu,{'video_playback_position_ms': 55852},,,चिड़िया,1
483173,1784508704,ai.elimu.filamu,,,,चिड़िया,1
483174,1784508753,ai.elimu.filamu,{'video_playback_position_ms': 53554},,,चिड़िया,1
483175,1784508864,ai.elimu.filamu,,,,चिड़िया,1
483176,1784508903,ai.elimu.filamu,{'video_playback_position_ms': 34506},,,चिड़िया,1
483177,1784508952,ai.elimu.filamu,,,,चिड़िया,1
483178,1784508980,ai.elimu.filamu,{'video_playback_position_ms': 29739},,,चिड़िया,1
483179,1784509063,ai.elimu.filamu,,,,चिड़िया,1
483180,1784509115,ai.elimu.filamu,{'video_playback_position_ms': 30066},,,चिड़िया,1
483181,1784509227,ai.elimu.filamu,,,,चिड़िया,1
483182,1784509276,ai.elimu.filamu,{'video_playback_position_ms': 14527},,,चिड़िया,1
483183,1784509320,ai.elimu.filamu,,,,चिड़िया,1
483184,1784509323,ai.elimu.filamu,{'video_playback_position_ms': 38064},,,चिड़िया,1
483185,1784509370,ai.elimu.filamu,,,,चिड़िया,1
483186,1784509383,ai.elimu.filamu,{'video_playback_position_ms': 31413},,,चिड़िया,1
483225,1784585512,ai.elimu.filamu,,,,चिड़िया,1
483226,1784585548,ai.elimu.filamu,{'video_playback_position_ms': 33890},,,चिड़िया,1
483227,1784585647,ai.elimu.filamu,,,,चिड़िया,1
483228,1784585698,ai.elimu.filamu,{'video_playback_position_ms': 22239},,,चिड़िया,1
483229,1784585802,ai.elimu.filamu,,,,चिड़िया,1
483230,1784585844,ai.elimu.filamu,{'video_playback_position_ms': 4362},,,चिड़िया,1
483297,1784593698,ai.elimu.filamu,,,,चिड़िया,1
483298,1784593717,ai.elimu.filamu,{'video_playback_position_ms': 41143},,,चिड़िया,1
483299,1784593739,ai.elimu.filamu,,,,चिड़िया,1
483300,1784593769,ai.elimu.filamu,{'video_playback_position_ms': 27293},,,चिड़िया,1
483301,1784593886,ai.elimu.filamu,,,,चिड़िया,1
483302,1784593918,ai.elimu.filamu,{'video_playback_position_ms': 19955},,,चिड़िया,1
483303,1784593969,ai.elimu.filamu,,,,चिड़िया,1
483304,1784593976,ai.elimu.filamu,{'video_playback_position_ms': 11777},,,चिड़िया,1
483305,1784593997,ai.elimu.filamu,,,,चिड़िया,1
483306,1784594036,ai.elimu.filamu,{'video_playback_position_ms': 56007},,,चिड़िया,1
483307,1784594151,ai.elimu.filamu,,,,चिड़िया,1
483308,1784594173,ai.elimu.filamu,{'video_playback_position_ms': 56293},,,चिड़िया,1
483353,1784768370,ai.elimu.filamu,,,,चिड़िया,1
483354,1784768415,ai.elimu.filamu,{'video_playback_position_ms': 49818},,,चिड़िया,1
483355,1784768513,ai.elimu.filamu,,,,चिड़िया,1
483356,1784768548,ai.elimu.filamu,{'video_playback_position_ms': 46419},,,चिड़िया,1
483357,1784768593,ai.elimu.filamu,,,,चिड़िया,1
483358,1784768595,ai.elimu.filamu,{'video_playback_position_ms': 16020},,,चिड़िया,1
483359,1784768698,ai.elimu.filamu,,,,चिड़िया,1
483360,1784768758,ai.elimu.filamu,{'video_playback_position_ms': 34400},,,चिड़िया,1
483361,1784768850,ai.elimu.filamu,,,,चिड़िया,1
483362,1784768889,ai.elimu.filamu,{'video_playback_position_ms': 44950},,,चिड़िया,1
483363,1784768934,ai.elimu.filamu,,,,चिड़िया,1
483364,1784768955,ai.elimu.filamu,{'video_playback_position_ms': 9792},,,चिड़िया,1
483365,1784769005,ai.elimu.filamu,,,,चिड़िया,1
483366,1784769059,ai.elimu.filamu,{'video_playback_position_ms': 6925},,,चिड़िया,1
483367,1784769079,ai.elimu.filamu,,,,चिड़िया,1
483368,1784769100,ai.elimu.filamu,{'video_playback_position_ms': 40219},,,चिड़िया,1
483369,1784769186,ai.elimu.filamu,,,,चिड़िया,1
483370,1784769234,ai.elimu.filamu,{'video_playback_position_ms': 22917},,,चिड़िया,1
483371,1784769273,ai.elimu.filamu,,,,चिड़िया,1
483372,1784769322,ai.elimu.filamu,{'video_playback_position_ms': 38178},,,चिड़िया,1
483373,1784769387,ai.elimu.filamu,,,,चिड़िया,1
483374,1784769424,ai.elimu.filamu,{'video_playback_position_ms': 46924},,,चिड़िया,1
483375,1784769515,ai.elimu.filamu,,,,चिड़िया,1
483376,1784769557,ai.elimu.filamu,{'video_playback_position_ms': 3732},,,चिड़िया,1
483377,1784769598,ai.elimu.filamu,,,,चिड़िया,1
483378,1784769654,ai.elimu.filamu,{'video_playback_position_ms': 29216},,,चिड़िया,1
483413,1784855017,ai.elimu.filamu,,,,चिड़िया,1
483414,1784855045,ai.elimu.filamu,{'video_playback_position_ms': 51046},,,चिड़िया,1
483415,1784855083,ai.elimu.filamu,,,,चिड़िया,1
483416,1784855116,ai.elimu.filamu,{'video_playback_position_ms': 48102},,,चिड़िया,1
483417,1784855155,ai.elimu.filamu,,,,चिड़िया,1
483418,1784855175,ai.elimu.filamu,{'video_playback_position_ms': 51534},,,चिड़िया,1
483419,1784855205,ai.elimu.filamu,,,,चिड़िया,1
483420,1784855257,ai.elimu.filamu,{'video_playback_position_ms': 58872},,,चिड़िया,1
483421,1784855284,ai.elimu.filamu,,,,चिड़िया,1
483422,1784855300,ai.elimu.filamu,{'video_playback_position_ms': 26170},,,चिड़िया,1
483423,1784855398,ai.elimu.filamu,,,,चिड़िया,1
483424,1784855433,ai.elimu.filamu,{'video_playback_position_ms': 26563},,,चिड़िया,1
483425,1784855533,ai.elimu.filamu,,,,चिड़िया,1
483426,1784855546,ai.elimu.filamu,{'video_playback_position_ms': 23911},,,चिड़िया,1
483427,1784855600,ai.elimu.filamu,,,,चिड़िया,1
483428,1784855619,ai.elimu.filamu,{'video_playback_position_ms': 14956},,,चिड़िया,1
483429,1784855707,ai.elimu.filamu,,,,चिड़िया,1
483430,1784855767,ai.elimu.filamu,{'video_playback_position_ms': 2730},,,चिड़िया,1
483431,1784855853,ai.elimu.filamu,,,,चिड़िया,1
483432,1784855858,ai.elimu.filamu,{'video_playback_position_ms': 8629},,,चिड़िया,1
483433,1784855955,ai.elimu.filamu,,,,चिड़िया,1
483434,1784855989,ai.elimu.filamu,{'video_playback_position_ms': 26033},,,चिड़िया,1
483435,1784856099,ai.elimu.filamu,,,,चिड़िया,1
483436,1784856149,ai.elimu.filamu,{'video_playback_position_ms': 49609},,,चिड़िया,1
483437,1784856193,ai.elimu.filamu,,,,चिड़िया,1
483438,1784856253,ai.elimu.filamu,{'video_playback_position_ms': 29719},,,चिड़िया,1
483439,1784856312,ai.elimu.filamu,,,,चिड़िया,1
483440,1784856352,ai.elimu.filamu,{'video_playback_position_ms': 15344},,,चिड़िया,1
483493,1784939067,ai.elimu.filamu,,,,चिड़िया,1
483494,1784939100,ai.elimu.filamu,{'video_playback_position_ms': 33038},,,चिड़िया,1
483495,1784939127,ai.elimu.filamu,,,,चिड़िया,1
483496,1784939174,ai.elimu.filamu,{'video_playback_position_ms': 5318},,,चिड़िया,1
483497,1784939217,ai.elimu.filamu,,,,चिड़िया,1
483498,1784939262,ai.elimu.filamu,{'video_playback_position_ms': 9424},,,चिड़िया,1
483499,1784939357,ai.elimu.filamu,,,,चिड़िया,1
483500,1784939367,ai.elimu.filamu,{'video_playback_position_ms': 4653},,,चिड़िया,1
483501,1784939486,ai.elimu.filamu,,,,चिड़िया,1
483502,1784939498,ai.elimu.filamu,{'video_playback_position_ms': 59968},,,चिड़िया,1
483503,1784939562,ai.elimu.filamu,,,,चिड़िया,1
483504,1784939564,ai.elimu.filamu,{'video_playback_position_ms': 52655},,,चिड़िया,1
483505,1784939652,ai.elimu.filamu,,,,चिड़िया,1
483506,1784939694,ai.elimu.filamu,{'video_playback_position_ms': 4042},,,चिड़िया,1
483507,1784939801,ai.elimu.filamu,,,,चिड़िया,1
483508,1784939841,ai.elimu.filamu,{'video_playback_position_ms': 27151},,,चिड़िया,1
483509,1784939956,ai.elimu.filamu,,,,चिड़िया,1
483510,1784939988,ai.elimu.filamu,{'video_playback_position_ms': 1365},,,चिड़िया,1
483511,1784940038,ai.elimu.filamu,,,,चिड़िया,1
483512,1784940054,ai.elimu.filamu,{'video_playback_position_ms': 12818},,,चिड़िया,1
483513,1784940147,ai.elimu.filamu,,,,चिड़िया,1
483514,1784940178,ai.elimu.filamu,{'video_playback_position_ms': 11905},,,चिड़िया,1
483567,1785111739,ai.elimu.filamu,,,,चिड़िया,1
483568,1785111783,ai.elimu.filamu,{'video_playback_position_ms': 38323},,,चिड़िया,1
483569,1785111898,ai.elimu.filamu,,,,चिड़िया,1
483570,1785111949,ai.elimu.filamu,{'video_playback_position_ms': 3582},,,चिड़िया,1
483579,1785371451,ai.elimu.filamu,,,,चिड़िया,1
483580,1785371496,ai.elimu.filamu,{'video_playback_position_ms': 12359},,,चिड़िया,1
483581,1785371523,ai.elimu.filamu,,,,चिड़िया,1
483582,1785371558,ai.elimu.filamu,{'video_playback_position_ms': 19747},,,चिड़िया,1
483627,1785546252,ai.elimu.filamu,,,,चिड़िया,1
483628,1785546308,ai.elimu.filamu,{'video_playback_position_ms': 54885},,,चिड़िया,1
483639,1785631033,ai.elimu.filamu,,,,चिड़िया,1
483640,1785631075,ai.elimu.filamu,{'video_playback_position_ms': 59635},,,चिड़िया,1
483641,1785631136,ai.elimu.filamu,,,,चिड़िया,1
483642,1785631189,ai.elimu.filamu,{'video_playback_position_ms': 29863},,,चिड़िया,1
483643,1785631206,ai.elimu.filamu,,,,चिड़िया,1
483644,1785631212,ai.elimu.filamu,{'video_playback_position_ms': 15527},,,चिड़िया,1
483645,1785631323,ai.elimu.filamu,,,,चिड़िया,1
483646,1785631350,ai.elimu.filamu,{'video_playback_position_ms': 36198},,,चिड़िया,1
483647,1785631469,ai.elimu.filamu,,,,चिड़िया,1
483648,1785631497,ai.elimu.filamu,{'video_playback_position_ms': 47836},,,चिड़िया,1
483649,1785631603,ai.elimu.filamu,,,,चिड़िया,1
483650,1785631657,ai.elimu.filamu,{'video_playback_position_ms': 48545},,,चिड़िया,1
483651,1785631696,ai.elimu.filamu,,,,चिड़िया,1
483652,1785631707,ai.elimu.filamu,{'video_playback_position_ms': 33882},,,चिड़िया,1
483653,1785631744,ai.elimu.filamu,,,,चिड़िया,1
483654,1785631795,ai.elimu.filamu,{'video_playback_position_ms': 46192},,,चिड़िया,1
483655,1785631850,ai.elimu.filamu,,,,चिड़िया,1
483656,1785631892,ai.elimu.filamu,{'video_playback_position_ms': 57807},,,चिड़िया,1
483657,1785631940,ai.elimu.filamu,,,,चिड़िया,1
483658,1785631996,ai.elimu.filamu,{'video_playback_position_ms': 49742},,,चिड़िया,1
483661,1785719889,ai.elimu.filamu,,,,चिड़िया,1
483662,1785719919,ai.elimu.filamu,{'video_playback_position_ms': 50720},,,चिड़िया,1
483663,1785719950,ai.elimu.filamu,,,,चिड़िया,1
483664,1785719998,ai.elimu.filamu,{'video_playback_position_ms': 13542},,,चिड़िया,1
483665,1785720099,ai.elimu.filamu,,,,चिड़िया,1
483666,1785720154,ai.elimu.filamu,{'video_playback_position_ms': 10801},,,चिड़िया,1
483667,1785720205,ai.elimu.filamu,,,,चिड़िया,1
483668,1785720223,ai.elimu.filamu,{'video_playback_position_ms': 38151},,,चिड़िया,1
483669,1785720245,ai.elimu.filamu,,,,चिड़िया,1
483670,1785720267,ai.elimu.filamu,{'video_playback_position_ms': 11727},,,चिड़िया,1
483671,1785720376,ai.elimu.filamu,,,,चिड़िया,1
483672,1785720430,ai.elimu.filamu,{'video_playback_position_ms': 51480},,,चिड़िया,1
483673,1785720550,ai.elimu.filamu,,,,चिड़िया,1
483674,1785720561,ai.elimu.filamu,{'video_playback_position_ms': 56035},,,चिड़िया,1
483675,1785720609,ai.elimu.filamu,,,,चिड़िया,1
483676,1785720625,ai.elimu.filamu,{'video_playback_position_ms': 7843},,,चिड़िया,1
483677,1785720678,ai.elimu.filamu,,,,चिड़िया,1
483678,1785720721,ai.elimu.filamu,{'video_playback_position_ms': 5220},,,चिड़िया,1
483679,1785720807,ai.elimu.filamu,,,,चिड़िया,1
483680,1785720817,ai.elimu.filamu,{'video_playback_position_ms': 19167},,,चिड़िया,1
483681,1785720895,ai.elimu.filamu,,,,चिड़िया,1
483682,1785720946,ai.elimu.filamu,{'video_playback_position_ms': 52495},,,चिड़िया,1
483755,1785891309,ai.elimu.filamu,,,,चिड़िया,1
483756,1785891365,ai.elimu.filamu,{'video_playback_position_ms': 7015},,,चिड़िया,1
483757,1785891391,ai.elimu.filamu,,,,चिड़िया,1
483758,1785891446,ai.elimu.filamu,{'video_playback_position_ms': 43701},,,चिड़िया,1
483759,1785891477,ai.elimu.filamu,,,,चिड़िया,1
483760,1785891533,ai.elimu.filamu,{'video_playback_position_ms': 43641},,,चिड़िया,1
483761,1785891553,ai.elimu.filamu,,,,चिड़िया,1
483762,1785891560,ai.elimu.filamu,{'video_playback_position_ms': 35705},,,चिड़िया,1
483763,1785891626,ai.elimu.filamu,,,,चिड़िया,1
483764,1785891639,ai.elimu.filamu,{'video_playback_position_ms': 40626},,,चिड़िया,1
483765,1785891756,ai.elimu.filamu,,,,चिड़िया,1
483766,1785891758,ai.elimu.filamu,{'video_playback_position_ms': 9212},,,चिड़िया,1
483767,1785891838,ai.elimu.filamu,,,,चिड़िया,1
483768,1785891882,ai.elimu.filamu,{'video_playback_position_ms': 57937},,,चिड़िया,1
483769,1785891912,ai.elimu.filamu,,,,चिड़िया,1
483770,1785891940,ai.elimu.filamu,{'video_playback_position_ms': 28406},,,चिड़िया,1
483771,1785892006,ai.elimu.filamu,,,,चिड़िया,1
483772,1785892010,ai.elimu.filamu,{'video_playback_position_ms': 6447},,,चिड़िया,1
483855,1786068342,ai.elimu.filamu,,,,चिड़िया,1
483856,1786068395,ai.elimu.filamu,{'video_playback_position_ms': 14712},,,चिड़िया,1
483931,1786320104,ai.elimu.filamu,,,,चिड़िया,1
483932,1786320136,ai.elimu.filamu,{'video_playback_position_ms': 2442},,,चिड़िया,1
483933,1786320169,ai.elimu.filamu,,,,चिड़िया,1
483934,1786320222,ai.elimu.filamu,{'video_playback_position_ms': 11888},,,चिड़िया,1
483935,1786320303,ai.elimu.filamu,,,,चिड़िया,1
483936,1786320328,ai.elimu.filamu,{'video_playback_position_ms': 31313},,,चिड़िया,1
483937,1786320411,ai.elimu.filamu,,,,चिड़िया,1
483938,1786320419,ai.elimu.filamu,{'video_playback_position_ms': 13119},,,चिड़िया,1
483989,1786493544,ai.elimu.filamu,,,,चिड़िया,1
483990,1786493553,ai.elimu.filamu,{'video_playback_position_ms': 16326},,,चिड़िया,1
483991,1786493660,ai.elimu.filamu,,,,चिड़िया,1
483992,1786493710,ai.elimu.filamu,{'video_playback_position_ms': 16102},,,चिड़िया,1
483993,1786493812,ai.elimu.filamu,,,,चिड़िया,1
483994,1786493852,ai.elimu.filamu,{'video_playback_position_ms': 49952},,,चिड़िया,1
483995,1786493882,ai.elimu.filamu,,,,चिड़िया,1
483996,1786493885,ai.elimu.filamu,{'video_playback_position_ms': 33862},,,चिड़िया,1
483997,1786493937,ai.elimu.filamu,,,,चिड़िया,1
483998,1786493996,ai.elimu.filamu,{'video_playback_position_ms': 14006},,,चिड़िया,1
483999,1786494092,ai.elimu.filamu,,,,चिड़िया,1
484000,1786494096,ai.elimu.filamu,{'video_playback_position_ms': 14681},,,चिड़िया,1
484001,1786494167,ai.elimu.filamu,,,,चिड़िया,1
484002,1786494218,ai.elimu.filamu,{'video_playback_position_ms': 8294},,,चिड़िया,1
484003,1786494291,ai.elimu.filamu,,,,चिड़िया,1
484004,1786494321,ai.elimu.filamu,{'video_playback_position_ms': 10333},,,चिड़िया,1
484005,1786494344,ai.elimu.filamu,,,,चिड़िया,1
484006,1786494353,ai.elimu.filamu,{'video_playback_position_ms': 39673},,,चिड़िया,1
484007,1786494460,ai.elimu.filamu,,,,चिड़िया,1
484008,1786494466,ai.elimu.filamu,{'video_playback_position_ms': 14663},,,चिड़िया,1
484065,1786667944,ai.elimu.filamu,,,,चिड़िया,1
484066,1786667980,ai.elimu.filamu,{'video_playback_position_ms': 39696},,,चिड़िया,1
484067,1786668083,ai.elimu.filamu,,,,चिड़िया,1
484068,1786668121,ai.elimu.filamu,{'video_playback_position_ms': 4041},,,चिड़िया,1
484069,1786668227,ai.elimu.filamu,,,,चिड़िया,1
484070,1786668264,ai.elimu.filamu,{'video_playback_position_ms': 50422},,,चिड़िया,1
484071,1786668363,ai.elimu.filamu,,,,चिड़िया,1
484072,1786668406,ai.elimu.filamu,{'video_playback_position_ms': 22305},,,चिड़िया,1
484073,1786668478,ai.elimu.filamu,,,,चिड़िया,1
484074,1786668533,ai.elimu.filamu,{'video_playback_position_ms': 22227},,,चिड़िया,1
484075,1786668549,ai.elimu.filamu,,,,चिड़िया,1
484076,1786668589,ai.elimu.filamu,{'video_playback_position_ms': 39136},,,चिड़िया,1
484077,1786668674,ai.elimu.filamu,,,,चिड़िया,1
484078,1786668704,ai.elimu.filamu,{'video_playback_position_ms': 59637},,,चिड़िया,1
484079,1786668763,ai.elimu.filamu,,,,चिड़िया,1
484080,1786668777,ai.elimu.filamu,{'video_playback_position_ms': 24718},,,चिड़िया,1
484081,1786668800,ai.elimu.filamu,,,,चिड़िया,1
484082,1786668814,ai.elimu.filamu,{'video_playback_position_ms': 7528},,,चिड़िया,1
484083,1786668918,ai.elimu.filamu,,,,चिड़िया,1
484084,1786668970,ai.elimu.filamu,{'video_playback_position_ms': 24889},,,चिड़िया,1
484085,1786669046,ai.elimu.filamu,,,,चिड़िया,1
484086,1786669101,ai.elimu.filamu,{'video_playback_position_ms': 48660},,,चिड़िया,1
484087,1786669153,ai.elimu.filamu,,,,चिड़िया,1
484088,1786669175,ai.elimu.filamu,{'video_playback_position_ms': 3243},,,चिड़िया,1
484089,1786669240,ai.elimu.filamu,,,,चिड़िया,1
484090,1786669248,ai.elimu.filamu,{'video_playback_position_ms': 33638},,,चिड़िया,1
484123,1786753049,ai.elimu.filamu,,,,चिड़िया,1
484124,1786753066,ai.elimu.filamu,{'video_playback_position_ms': 26403},,,चिड़िया,1
484125,1786753148,ai.elimu.filamu,,,,चिड़िया,1
484126,1786753163,ai.elimu.filamu,{'video_playback_position_ms': 14906},,,चिड़िया,1
484127,1786753255,ai.elimu.filamu,,,,चिड़िया,1
484128,1786753303,ai.elimu.filamu,{'video_playback_position_ms': 41685},,,चिड़िया,1
484129,1786753363,ai.elimu.filamu,,,,चिड़िया,1
484130,1786753374,ai.elimu.filamu,{'video_playback_position_ms': 39266},,,चिड़िया,1
484151,1786837799,ai.elimu.filamu,,,,चिड़िया,1
484152,1786837838,ai.elimu.filamu,{'video_playback_position_ms': 25408},,,चिड़िया,1
484153,1786837875,ai.elimu.filamu,,,,चिड़िया,1
484154,1786837922,ai.elimu.filamu,{'video_playback_position_ms': 11874},,,चिड़िया,1
484155,1786837957,ai.elimu.filamu,,,,चिड़िया,1
484156,1786837983,ai.elimu.filamu,{'video_playback_position_ms': 10750},,,चिड़िया,1
484157,1786838043,ai.elimu.filamu,,,,चिड़िया,1
484158,1786838046,ai.elimu.filamu,{'video_playback_position_ms': 8887},,,चिड़िया,1
484159,1786838090,ai.elimu.filamu,,,,चिड़िया,1
484160,1786838141,ai.elimu.filamu,{'video_playback_position_ms': 23961},,,चिड़िया,1
484161,1786838171,ai.elimu.filamu,,,,चिड़िया,1
484162,1786838214,ai.elimu.filamu,{'video_playback_position_ms': 27756},,,चिड़िया,1
484163,1786838297,ai.elimu.filamu,,,,चिड़िया,1
484164,1786838327,ai.elimu.filamu,{'video_playback_position_ms': 21843},,,चिड़िया,1
484165,1786838366,ai.elimu.filamu,,,,चिड़िया,1
484166,1786838389,ai.elimu.filamu,{'video_playback_position_ms': 33282},,,चिड़िया,1
484167,1786838424,ai.elimu.filamu,,,,चिड़िया,1
484168,1786838461,ai.elimu.filamu,{'video_playback_position_ms': 50520},,,चिड़िया,1
484169,1786838484,ai.elimu.filamu,,,,चिड़िया,1
484170,1786838504,ai.elimu.filamu,{'video_playback_position_ms': 16725},,,चिड़िया,1
484171,1786838553,ai.elimu.filamu,,,,चिड़िया,1
484172,1786838601,ai.elimu.filamu,{'video_playback_position_ms': 25447},,,चिड़िया,1
484173,1786838693,ai.elimu.filamu,,,,चिड़िया,1
484174,1786838749,ai.elimu.filamu,{'video_playback_position_ms': 41847},,,चिड़िया,1
484175,1786838863,ai.elimu.filamu,,,,चिड़िया,1
484176,1786838922,ai.elimu.filamu,{'video_playback_position_ms': 35032},,,चिड़िया,1
484197,1786926355,ai.elimu.filamu,,,,चिड़िया,1
484198,1786926358,ai.elimu.filamu,{'video_playback_position_ms': 41753},,,चिड़िया,1
484199,1786926434,ai.elimu.filamu,,,,चिड़िया,1
484200,1786926458,ai.elimu.filamu,{'video_playback_position_ms': 53765},,,चिड़िया,1
484201,1786926492,ai.elimu.filamu,,,,चिड़िया,1
484202,1786926515,ai.elimu.filamu,{'video_playback_position_ms': 52635},,,चिड़िया,1
484203,1786926594,ai.elimu.filamu,,,,चिड़िया,1
484204,1786926596,ai.elimu.filamu,{'video_playback_position_ms': 57661},,,चिड़िया,1
484205,1786926688,ai.elimu.filamu,,,,चिड़िया,1
484206,1786926706,ai.elimu.filamu,{'video_playback_position_ms': 16923},,,चिड़िया,1
484207,1786926753,ai.elimu.filamu,,,,चिड़िया,1
484208,1786926765,ai.elimu.filamu,{'video_playback_position_ms': 29315},,,चिड़िया,1
484209,1786926814,ai.elimu.filamu,,,,चिड़िया,1
484210,1786926873,ai.elimu.filamu,{'video_playback_position_ms': 26429},,,चिड़िया,1
484211,1786926909,ai.elimu.filamu,,,,चिड़िया,1
484212,1786926928,ai.elimu.filamu,{'video_playback_position_ms': 2352},,,चिड़िया,1
484213,1786927030,ai.elimu.filamu,,,,चिड़िया,1
484214,1786927042,ai.elimu.filamu,{'video_playback_position_ms': 32565},,,चिड़िया,1
484215,1786927067,ai.elimu.filamu,,,,चिड़िया,1
484216,1786927082,ai.elimu.filamu,{'video_playback_position_ms': 41296},,,चिड़िया,1
484217,1786927132,ai.elimu.filamu,,,,चिड़िया,1
484218,1786927150,ai.elimu.filamu,{'video_playback_position_ms': 36803},,,चिड़िया,1
484219,1786927201,ai.elimu.filamu,,,,चिड़िया,1
484220,1786927230,ai.elimu.filamu,{'video_playback_position_ms': 36651},,,चिड़िया,1
484265,1787356149,ai.elimu.filamu,,,,चिड़िया,1
484266,1787356153,ai.elimu.filamu,{'video_playback_position_ms': 6054},,,चिड़िया,1
484267,1787356182,ai.elimu.filamu,,,,चिड़िया,1
484268,1787356218,ai.elimu.filamu,{'video_playback_position_ms': 21144},,,चिड़िया,1
484269,1787356299,ai.elimu.filamu,,,,चिड़िया,1
484270,1787356318,ai.elimu.filamu,{'video_playback_position_ms': 41436},,,चिड़िया,1
484271,1787356416,ai.elimu.filamu,,,,चिड़िया,1
484272,1787356458,ai.elimu.filamu,{'video_playback_position_ms': 21008},,,चिड़िया,1
484273,1787356484,ai.elimu.filamu,,,,चिड़िया,1
484274,1787356516,ai.elimu.filamu,{'video_playback_position_ms': 38215},,,चिड़िया,1
484315,1787442008,ai.elimu.filamu,,,,चिड़िया,1
484316,1787442013,ai.elimu.filamu,{'video_playback_position_ms': 24035},,,चिड़िया,1
484317,1787442046,ai.elimu.filamu,,,,चिड़िया,1
484318,1787442074,ai.elimu.filamu,{'video_playback_position_ms': 50228},,,चिड़िया,1
484319,1787442129,ai.elimu.filamu,,,,चिड़िया,1
484320,1787442173,ai.elimu.filamu,{'video_playback_position_ms': 6128},,,चिड़िया,1
484321,1787442222,ai.elimu.filamu,,,,चिड़िया,1
484322,1787442251,ai.elimu.filamu,{'video_playback_position_ms': 50722},,,चिड़िया,1
484323,1787442266,ai.elimu.filamu,,,,चिड़िया,1
484324,1787442290,ai.elimu.filamu,{'video_playback_position_ms': 9963},,,चिड़िया,1
484325,1787442345,ai.elimu.filamu,,,,चिड़िया,1
484326,1787442362,ai.elimu.filamu,{'video_playback_position_ms': 51171},,,चिड़िया,1
484375,1787617832,ai.elimu.filamu,,,,चिड़िया,1
484376,1787617877,ai.elimu.filamu,{'video_playback_position_ms': 55837},,,चिड़िया,1
484377,1787617952,ai.elimu.filamu,,,,चिड़िया,1
484378,1787617978,ai.elimu.filamu,{'video_playback_position_ms': 41501},,,चिड़िया,1
484379,1787618007,ai.elimu.filamu,,,,चिड़िया,1
484380,1787618034,ai.elimu.filamu,{'video_playback_position_ms': 33856},,,चिड़िया,1
484381,1787618092,ai.elimu.filamu,,,,चिड़िया,1
484382,1787618120,ai.elimu.filamu,{'video_playback_position_ms': 39640},,,चिड़िया,1
484383,1787618196,ai.elimu.filamu,,,,चिड़िया,1
484384,1787618256,ai.elimu.filamu,{'video_playback_position_ms': 23716},,,चिड़िया,1
484385,1787618348,ai.elimu.filamu,,,,चिड़िया,1
484386,1787618392,ai.elimu.filamu,{'video_playback_position_ms': 15420},,,चिड़िया,1
484387,1787618495,ai.elimu.filamu,,,,चिड़िया,1
484388,1787618524,ai.elimu.filamu,{'video_playback_position_ms': 44326},,,चिड़िया,1
484389,1787618628,ai.elimu.filamu,,,,चिड़िया,1
484390,1787618669,ai.elimu.filamu,{'video_playback_position_ms': 19080},,,चिड़िया,1
484391,1787618694,ai.elimu.filamu,,,,चिड़िया,1
484392,1787618732,ai.elimu.filamu,{'video_playback_position_ms': 30853},,,चिड़िया,1
484393,1787618794,ai.elimu.filamu,,,,चिड़िया,1
484394,1787618801,ai.elimu.filamu,{'video_playback_position_ms': 13545},,,चिड़िया,1
484395,1787618843,ai.elimu.filamu,,,,चिड़िया,1
484396,1787618883,ai.elimu.filamu,{'video_playback_position_ms': 50718},,,चिड़िया,1
484397,1787618927,ai.elimu.filamu,,,,चिड़िया,1
484398,1787618936,ai.elimu.filamu,{'video_playback_position_ms': 31304},,,चिड़िया,1
484399,1787618997,ai.elimu.filamu,,,,चिड़िया,1
484400,1787619005,ai.elimu.filamu,{'video_playback_position_ms': 8958},,,चिड़िया,1
484401,1787619107,ai.elimu.filamu,,,,चिड़िया,1
484402,1787619146,ai.elimu.filamu,{'video_playback_position_ms': 51547},,,चिड़िया,1
484403,1787619162,ai.elimu.filamu,,,,चिड़िया,1
484404,1787619169,ai.elimu.filamu,{'video_playback_position_ms': 42370},,,चिड़िया,1
484405,1787619282,ai.elimu.filamu,,,,चिड़िया,1
484406,1787619317,ai.elimu.filamu,{'video_playback_position_ms': 24492},,,चिड़िया,1
484429,1787807467,ai.elimu.filamu,,,,चिड़िया,1
484430,1787807491,ai.elimu.filamu,{'video_playback_position_ms': 4115},,,चिड़िया,1
484431,1787807518,ai.elimu.filamu,,,,चिड़िया,1
484432,1787807544,ai.elimu.filamu,{'video_playback_position_ms': 44815},,,चिड़िया,1
484433,1787807600,ai.elimu.filamu,,,,चिड़िया,1
484434,1787807636,ai.elimu.filamu,{'video_playback_position_ms': 7273},,,चिड़िया,1
484435,1787807669,ai.elimu.filamu,,,,चिड़िया,1
484436,1787807699,ai.elimu.filamu,{'video_playback_position_ms': 14010},,,चिड़िया,1
484437,1787807765,ai.elimu.filamu,,,,चिड़िया,1
484438,1787807805,ai.elimu.filamu,{'video_playback_position_ms': 15568},,,चिड़िया,1
484439,1787807826,ai.elimu.filamu,,,,चिड़िया,1
484440,1787807830,ai.elimu.filamu,{'video_playback_position_ms': 51655},,,चिड़िया,1
484441,1787807947,ai.elimu.filamu,,,,चिड़िया,1
484442,1787807959,ai.elimu.filamu,{'video_playback_position_ms': 46038},,,चिड़िया,1
484443,1787808033,ai.elimu.filamu,,,,चिड़िया,1
484444,1787808078,ai.elimu.filamu,{'video_playback_position_ms': 59468},,,चिड़िया,1
484445,1787808102,ai.elimu.filamu,,,,चिड़िया,1
484446,1787808151,ai.elimu.filamu,{'video_playback_position_ms': 31774},,,चिड़िया,1
484447,1787808252,ai.elimu.filamu,,,,चिड़िया,1
484448,1787808269,ai.elimu.filamu,{'video_playback_position_ms': 42050},,,चिड़िया,1
484449,1787808345,ai.elimu.filamu,,,,चिड़िया,1
484450,1787808384,ai.elimu.filamu,{'video_playback_position_ms': 54076},,,चिड़िया,1
484451,1787808406,ai.elimu.filamu,,,,चिड़िया,1
484452,1787808427,ai.elimu.filamu,{'video_playback_position_ms': 6979},,,चिड़िया,1
484453,1787808512,ai.elimu.filamu,,,,चिड़िया,1
484454,1787808556,ai.elimu.filamu,{'video_playback_position_ms': 41342},,,चिड़िया,1
484455,1787808625,ai.elimu.filamu,,,,चिड़िया,1
484456,1787808638,ai.elimu.filamu,{'video_playback_position_ms': 11486},,,चिड़िया,1
484457,1787808692,ai.elimu.filamu,,,,चिड़िया,1
484458,1787808735,ai.elimu.filamu,{'video_playback_position_ms': 48563},,,चिड़िया,1
484459,1787808776,ai.elimu.filamu,,,,चिड़िया,1
484460,1787808824,ai.elimu.filamu,{'video_playback_position_ms': 52454},,,चिड़िया,1
484485,1787901730,ai.elimu.filamu,,,,चिड़िया,1
484486,1787901739,ai.elimu.filamu,{'video_playback_position_ms': 12722},,,चिड़िया,1
484487,1787901826,ai.elimu.filamu,,,,चिड़िया,1
484488,1787901847,ai.elimu.filamu,{'video_playback_position_ms': 30894},,,चिड़िया,1
484489,1787901886,ai.elimu.filamu,,,,चिड़िया,1
484490,1787901922,ai.elimu.filamu,{'video_playback_position_ms': 36799},,,चिड़िया,1
484491,1787901941,ai.elimu.filamu,,,,चिड़िया,1
484492,1787901991,ai.elimu.filamu,{'video_playback_position_ms': 38698},,,चिड़िया,1
484493,1787902067,ai.elimu.filamu,,,,चिड़िया,1
484494,1787902095,ai.elimu.filamu,{'video_playback_position_ms': 6258},,,चिड़िया,1
484553,1788053977,ai.elimu.filamu,,,,चिड़िया,1
484554,1788054007,ai.elimu.filamu,{'video_playback_position_ms': 31642},,,चिड़िया,1
484555,1788054089,ai.elimu.filamu,,,,चिड़िया,1
484556,1788054108,ai.elimu.filamu,{'video_playback_position_ms': 44407},,,चिड़िया,1
484557,1788054198,ai.elimu.filamu,,,,चिड़िया,1
484558,1788054227,ai.elimu.filamu,{'video_playback_position_ms': 42272},,,चिड़िया,1
484559,1788054311,ai.elimu.filamu,,,,चिड़िया,1
484560,1788054370,ai.elimu.filamu,{'video_playback_position_ms': 29220},,,चिड़िया,1
484561,1788054453,ai.elimu.filamu,,,,चिड़िया,1
484562,1788054486,ai.elimu.filamu,{'video_playback_position_ms': 28339},,,चिड़िया,1
484563,1788054604,ai.elimu.filamu,,,,चिड़िया,1
484564,1788054664,ai.elimu.filamu,{'video_playback_position_ms': 34816},,,चिड़िया,1
484565,1788054773,ai.elimu.filamu,,,,चिड़िया,1
484566,1788054797,ai.elimu.filamu,{'video_playback_position_ms': 41344},,,चिड़िया,1
484567,1788054908,ai.elimu.filamu,,,,चिड़िया,1
484568,1788054939,ai.elimu.filamu,{'video_playback_position_ms': 28101},,,चिड़िया,1
484569,1788055037,ai.elimu.filamu,,,,चिड़िया,1
484570,1788055062,ai.elimu.filamu,{'video_playback_position_ms': 41482},,,चिड़िया,1
484571,1788055154,ai.elimu.filamu,,,,चिड़िया,1
484572,1788055188,ai.elimu.filamu,{'video_playback_position_ms': 56947},,,चिड़िया,1
484573,1788055266,ai.elimu.filamu,,,,चिड़िया,1
484574,1788055286,ai.elimu.filamu,{'video_playback_position_ms': 17919},,,चिड़िया,1
484575,1788055347,ai.elimu.filamu,,,,चिड़िया,1
484576,1788055351,ai.elimu.filamu,{'video_playback_position_ms': 43646},,,चिड़िया,1
484577,1788055388,ai.elimu.filamu,,,,चिड़िया,1
484578,1788055426,ai.elimu.filamu,{'video_playback_position_ms': 24034},,,चिड़िया,1
484579,1788055477,ai.elimu.filamu,,,,चिड़िया,1
484580,1788055512,ai.elimu.filamu,{'video_playback_position_ms': 29327},,,चिड़िया,1
484639,1788231452,ai.elimu.filamu,,,,चिड़िया,1
484640,1788231489,ai.elimu.filamu,{'video_playback_position_ms': 16027},,,चिड़िया,1
484641,1788231581,ai.elimu.filamu,,,,चिड़िया,1
484642,1788231588,ai.elimu.filamu,{'video_playback_position_ms': 40344},,,चिड़िया,1
484643,1788231706,ai.elimu.filamu,,,,चिड़िया,1
484644,1788231735,ai.elimu.filamu,{'video_playback_position_ms': 51984},,,चिड़िया,1
484645,1788231835,ai.elimu.filamu,,,,चिड़िया,1
484646,1788231847,ai.elimu.filamu,{'video_playback_position_ms': 20119},,,चिड़िया,1
484647,1788231899,ai.elimu.filamu,,,,चिड़िया,1
484648,1788231929,ai.elimu.filamu,{'video_playback_position_ms': 21952},,,चिड़िया,1
484649,1788232000,ai.elimu.filamu,,,,चिड़िया,1
484650,1788232004,ai.elimu.filamu,{'video_playback_position_ms': 54799},,,चिड़िया,1
484651,1788232036,ai.elimu.filamu,,,,चिड़िया,1
484652,1788232074,ai.elimu.filamu,{'video_playback_position_ms': 22809},,,चिड़िया,1
484653,1788232137,ai.elimu.filamu,,,,चिड़िया,1
484654,1788232186,ai.elimu.filamu,{'video_playback_position_ms': 30184},,,चिड़िया,1
484655,1788232204,ai.elimu.filamu,,,,चिड़िया,1
484656,1788232251,ai.elimu.filamu,{'video_playback_position_ms': 3170},,,चिड़िया,1
484657,1788232320,ai.elimu.filamu,,,,चिड़िया,1
484658,1788232327,ai.elimu.filamu,{'video_playback_position_ms': 2734},,,चिड़िया,1
484659,1788232439,ai.elimu.filamu,,,,चिड़िया,1
484660,1788232445,ai.elimu.filamu,{'video_playback_position_ms': 12346},,,चिड़िया,1
484661,1788232484,ai.elimu.filamu,,,,चिड़िया,1
484662,1788232540,ai.elimu.filamu,{'video_playback_position_ms': 15190},,,चिड़िया,1
484663,1788232613,ai.elimu.filamu,,,,चिड़िया,1
484664,1788232636,ai.elimu.filamu,{'video_playback_position_ms': 35622},,,चिड़िया,1
484665,1788232730,ai.elimu.filamu,,,,चिड़िया,1
484666,1788232780,ai.elimu.filamu,{'video_playback_position_ms': 30877},,,चिड़िया,1
484667,1788232813,ai.elimu.filamu,,,,चिड़िया,1
484668,1788232853,ai.elimu.filamu,{'video_playback_position_ms': 2199},,,चिड़िया,1
484669,1788232956,ai.elimu.filamu,,,,चिड़िया,1
484670,1788233000,ai.elimu.filamu,{'video_playback_position_ms': 39262},,,चिड़िया,1
484671,1788233084,ai.elimu.filamu,,,,चिड़िया,1
484672,1788233111,ai.elimu.filamu,{'video_playback_position_ms': 53410},,,चिड़िया,1
484709,1788401832,ai.elimu.filamu,,,,चिड़िया,1
484710,1788401880,ai.elimu.filamu,{'video_playback_position_ms': 7745},,,चिड़िया,1
484711,1788401917,ai.elimu.filamu,,,,चिड़िया,1
484712,1788401943,ai.elimu.filamu,{'video_playback_position_ms': 59058},,,चिड़िया,1
484747,1788486527,ai.elimu.filamu,,,,चिड़िया,1
484748,1788486546,ai.elimu.filamu,{'video_playback_position_ms': 44815},,,चिड़िया,1
484749,1788486658,ai.elimu.filamu,,,,चिड़िया,1
484750,1788486696,ai.elimu.filamu,{'video_playback_position_ms': 59601},,,चिड़िया,1
484751,1788486728,ai.elimu.filamu,,,,चिड़िया,1
484752,1788486762,ai.elimu.filamu,{'video_playback_position_ms': 53319},,,चिड़िया,1
484753,1788486875,ai.elimu.filamu,,,,चिड़िया,1
484754,1788486896,ai.elimu.filamu,{'video_playback_position_ms': 23140},,,चिड़िया,1
484755,1788486952,ai.elimu.filamu,,,,चिड़िया,1
484756,1788486960,ai.elimu.filamu,{'video_playback_position_ms': 2107},,,चिड़िया,1
484757,1788486993,ai.elimu.filamu,,,,चिड़िया,1
484758,1788487037,ai.elimu.filamu,{'video_playback_position_ms': 22318},,,चिड़िया,1
484759,1788487100,ai.elimu.filamu,,,,चिड़िया,1
484760,1788487111,ai.elimu.filamu,{'video_playback_position_ms': 47936},,,चिड़िया,1
484761,1788487177,ai.elimu.filamu,,,,चिड़िया,1
484762,1788487229,ai.elimu.filamu,{'video_playback_position_ms': 1727},,,चिड़िया,1
484763,1788487325,ai.elimu.filamu,,,,चिड़िया,1
484764,1788487366,ai.elimu.filamu,{'video_playback_position_ms': 54785},,,चिड़िया,1
484765,1788487405,ai.elimu.filamu,,,,चिड़िया,1
484766,1788487441,ai.elimu.filamu,{'video_playback_position_ms': 35155},,,चिड़िया,1
484767,1788487510,ai.elimu.filamu,,,,चिड़िया,1
484768,1788487566,ai.elimu.filamu,{'video_playback_position_ms': 12121},,,चिड़िया,1
484769,1788487671,ai.elimu.filamu,,,,चिड़िया,1
484770,1788487698,ai.elimu.filamu,{'video_playback_position_ms': 57517},,,चिड़िया,1
484771,1788487756,ai.elimu.filamu,,,,चिड़िया,1
484772,1788487776,ai.elimu.filamu,{'video_playback_position_ms': 47250},,,चिड़िया,1
484773,1788487810,ai.elimu.filamu,,,,चिड़िया,1
484774,1788487853,ai.elimu.filamu,{'video_playback_position_ms': 12288},,,चिड़िया,1
484775,1788487879,ai.elimu.filamu,,,,चिड़िया,1
484776,1788487914,ai.elimu.filamu,{'video_playback_position_ms': 44984},,,चिड़िया,1
484777,1788658294,ai.elimu.filamu,,,,चिड़िया,1
484778,1788658340,ai.elimu.filamu,{'video_playback_position_ms': 22614},,,चिड़िया,1
484779,1788658374,ai.elimu.filamu,,,,चिड़िया,1
484780,1788658377,ai.elimu.filamu,{'video_playback_position_ms': 22178},,,चिड़िया,1
484831,1788744436,ai.elimu.filamu,,,,चिड़िया,1
484832,1788744445,ai.elimu.filamu,{'video_playback_position_ms': 10229},,,चिड़िया,1
484875,1788832308,ai.elimu.filamu,,,,चिड़िया,1
484876,1788832358,ai.elimu.filamu,{'video_playback_position_ms': 41231},,,चिड़िया,1
484877,1788832389,ai.elimu.filamu,,,,चिड़िया,1
484878,1788832413,ai.elimu.filamu,{'video_playback_position_ms': 28981},,,चिड़िया,1
484879,1788832446,ai.elimu.filamu,,,,चिड़िया,1
484880,1788832493,ai.elimu.filamu,{'video_playback_position_ms': 29538},,,चिड़िया,1
484881,1788832526,ai.elimu.filamu,,,,चिड़िया,1
484882,1788832581,ai.elimu.filamu,{'video_playback_position_ms': 11639},,,चिड़िया,1
484883,1788832629,ai.elimu.filamu,,,,चिड़िया,1
484884,1788832639,ai.elimu.filamu,{'video_playback_position_ms': 9592},,,चिड़िया,1
484885,1788832704,ai.elimu.filamu,,,,चिड़िया,1
484886,1788832737,ai.elimu.filamu,{'video_playback_position_ms': 54570},,,चिड़िया,1
484887,1788832847,ai.elimu.filamu,,,,चिड़िया,1
484888,1788832868,ai.elimu.filamu,{'video_playback_position_ms': 16889},,,चिड़िया,1
484889,1788832981,ai.elimu.filamu,,,,चिड़िया,1
484890,1788833020,ai.elimu.filamu,{'video_playback_position_ms': 40238},,,चिड़िया,1
484947,1789002051,ai.elimu.filamu,,,,चिड़िया,1
484948,1789002089,ai.elimu.filamu,{'video_playback_position_ms': 11209},,,चिड़िया,1
484949,1789002162,ai.elimu.filamu,,,,चिड़िया,1
484950,1789002220,ai.elimu.filamu,{'video_playback_position_ms': 28441},,,चिड़िया,1
484951,1789002250,ai.elimu.filamu,,,,चिड़िया,1
484952,1789002254,ai.elimu.filamu,{'video_playback_position_ms': 58483},,,चिड़िया,1
484979,1789263033,ai.elimu.filamu,,,,चिड़िया,1
484980,1789263093,ai.elimu.filamu,{'video_playback_position_ms': 16900},,,चिड़िया,1
484981,1789263203,ai.elimu.filamu,,,,चिड़िया,1
484982,1789263251,ai.elimu.filamu,{'video_playback_position_ms': 21046},,,चिड़िया,1
485053,1789522402,ai.elimu.filamu,,,,चिड़िया,1
485054,1789522432,ai.elimu.filamu,{'video_playback_position_ms': 11453},,,चिड़िया,1
485055,1789522463,ai.elimu.filamu,,,,चिड़िया,1
485056,1789522471,ai.elimu.filamu,{'video_playback_position_ms': 30633},,,चिड़िया,1
485057,1789522535,ai.elimu.filamu,,,,चिड़िया,1
485058,1789522585,ai.elimu.filamu,{'video_playback_position_ms': 33414},,,चिड़िया,1
485059,1789522680,ai.elimu.filamu,,,,चिड़िया,1
485060,1789522718,ai.elimu.filamu,{'video_playback_position_ms': 4691},,,चिड़िया,1
485061,1789522805,ai.elimu.filamu,,,,चिड़िया,1
485062,1789522834,ai.elimu.filamu,{'video_playback_position_ms': 34896},,,चिड़िया,1
485063,1789522894,ai.elimu.filamu,,,,चिड़िया,1
485064,1789522911,ai.elimu.filamu,{'video_playback_position_ms': 22100},,,चिड़िया,1
485065,1789523013,ai.elimu.filamu,,,,चिड़िया,1
485066,1789523044,ai.elimu.filamu,{'video_playback_position_ms': 46971},,,चिड़िया,1
485067,1789523069,ai.elimu.filamu,,,,चिड़िया,1
485068,1789523086,ai.elimu.filamu,{'video_playback_position_ms': 34184},,,चिड़िया,1
485069,1789523138,ai.elimu.filamu,,,,चिड़िया,1
485070,1789523171,ai.elimu.filamu,{'video_playback_position_ms': 46937},,,चिड़िया,1
485071,1789523251,ai.elimu.filamu,,,,चिड़िया,1
485072,1789523269,ai.elimu.filamu,{'video_playback_position_ms': 31030},,,चिड़िया,1
485073,1789523377,ai.elimu.filamu,,,,चिड़िया,1
485074,1789523407,ai.elimu.filamu,{'video_playback_position_ms': 19609},,,चिड़िया,1
485075,1789523484,ai.elimu.filamu,,,,चिड़िया,1
485076,1789523509,ai.elimu.filamu,{'video_playback_position_ms': 20457},,,चिड़िया,1
485077,1789523563,ai.elimu.filamu,,,,चिड़िया,1
485078,1789523607,ai.elimu.filamu,{'video_playback_position_ms': 42798},,,चिड़िया,1
485121,1789609166,ai.elimu.filamu,,,,चिड़िया,1
485122,1789609199,ai.elimu.filamu,{'video_playback_position_ms': 6359},,,चिड़िया,1
485123,1789609269,ai.elimu.filamu,,,,चिड़िया,1
485124,1789609309,ai.elimu.filamu,{'video_playback_position_ms': 16607},,,चिड़िया,1
485125,1789609370,ai.elimu.filamu,,,,चिड़िया,1
485126,1789609381,ai.elimu.filamu,{'video_playback_position_ms': 18067},,,चिड़िया,1
485127,1789609457,ai.elimu.filamu,,,,चिड़िया,1
485128,1789609461,ai.elimu.filamu,{'video_playback_position_ms': 55919},,,चिड़िया,1
485129,1789609536,ai.elimu.filamu,,,,चिड़िया,1
485130,1789609538,ai.elimu.filamu,{'video_playback_position_ms': 45196},,,चिड़िया,1
485131,1789609621,ai.elimu.filamu,,,,चिड़िया,1
485132,1789609635,ai.elimu.filamu,{'video_playback_position_ms': 27612},,,चिड़िया,1
485133,1789609738,ai.elimu.filamu,,,,चिड़िया,1
485134,1789609743,ai.elimu.filamu,{'video_playback_position_ms': 39778},,,चिड़िया,1
485135,1789609759,ai.elimu.filamu,,,,चिड़िया,1
485136,1789609778,ai.elimu.filamu,{'video_playback_position_ms': 11927},,,चिड़िया,1
485137,1789609796,ai.elimu.filamu,,,,चिड़िया,1
485138,1789609832,ai.elimu.filamu,{'video_playback_position_ms': 39630},,,चिड़िया,1
485139,1789609898,ai.elimu.filamu,,,,चिड़िया,1
485140,1789609906,ai.elimu.filamu,{'video_playback_position_ms': 51144},,,चिड़िया,1
485141,1789609938,ai.elimu.filamu,,,,चिड़िया,1
485142,1789609974,ai.elimu.filamu,{'video_playback_position_ms': 23803},,,चिड़िया,1
485143,1789610010,ai.elimu.filamu,,,,चिड़िया,1
485144,1789610063,ai.elimu.filamu,{'video_playback_position_ms': 57120},,,चिड़िया,1
485145,1789610121,ai.elimu.filamu,,,,चिड़िया,1
485146,1789610169,ai.elimu.filamu,{'video_playback_position_ms': 51336},,,चिड़िया,1
485147,1789610278,ai.elimu.filamu,,,,चिड़िया,1
485148,1789610303,ai.elimu.filamu,{'video_playback_position_ms': 3171},,,चिड़िया,1
485149,1789610357,ai.elimu.filamu,,,,चिड़िया,1
485150,1789610388,ai.elimu.filamu,{'video_playback_position_ms': 41550},,,चिड़िया,1
485151,1789610497,ai.elimu.filamu,,,,चिड़िया,1
485152,1789610524,ai.elimu.filamu,{'video_playback_position_ms': 19611},,,चिड़िया,1
485183,1789697148,ai.elimu.filamu,,,,चिड़िया,1
485184,1789697153,ai.elimu.filamu,{'video_playback_position_ms': 13643},,,चिड़िया,1
485185,1789697239,ai.elimu.filamu,,,,चिड़िया,1
485186,1789697263,ai.elimu.filamu,{'video_playback_position_ms': 54326},,,चिड़िया,1
485187,1789697292,ai.elimu.filamu,,,,चिड़िया,1
485188,1789697339,ai.elimu.filamu,{'video_playback_position_ms': 22142},,,चिड़िया,1
485189,1789697424,ai.elimu.filamu,,,,चिड़िया,1
485190,1789697436,ai.elimu.filamu,{'video_playback_position_ms': 26417},,,चिड़िया,1
485191,1789697457,ai.elimu.filamu,,,,चिड़िया,1
485192,1789697505,ai.elimu.filamu,{'video_playback_position_ms': 20946},,,चिड़िया,1
485193,1789697561,ai.elimu.filamu,,,,चिड़िया,1
485194,1789697601,ai.elimu.filamu,{'video_playback_position_ms': 49003},,,चिड़िया,1
485195,1789697706,ai.elimu.filamu,,,,चिड़िया,1
485196,1789697709,ai.elimu.filamu,{'video_playback_position_ms': 4504},,,चिड़िया,1
485197,1789697738,ai.elimu.filamu,,,,चिड़िया,1
485198,1789697779,ai.elimu.filamu,{'video_playback_position_ms': 45474},,,चिड़िया,1
485199,1789697884,ai.elimu.filamu,,,,चिड़िया,1
485200,1789697907,ai.elimu.filamu,{'video_playback_position_ms': 50441},,,चिड़िया,1
485201,1789697943,ai.elimu.filamu,,,,चिड़िया,1
485202,1789697954,ai.elimu.filamu,{'video_playback_position_ms': 49813},,,चिड़िया,1
485203,1789698010,ai.elimu.filamu,,,,चिड़िया,1
485204,1789698020,ai.elimu.filamu,{'video_playback_position_ms': 56115},,,चिड़िया,1
485205,1789698068,ai.elimu.filamu,,,,चिड़िया,1
485206,1789698081,ai.elimu.filamu,{'video_playback_position_ms': 13180},,,चिड़िया,1
485207,1789698101,ai.elimu.filamu,,,,चिड़िया,1
485208,1789698142,ai.elimu.filamu,{'video_playback_position_ms': 26101},,,चिड़िया,1
485209,1789698219,ai.elimu.filamu,,,,चिड़िया,1
485210,1789698276,ai.elimu.filamu,{'video_playback_position_ms': 19403},,,चिड़िया,1
485249,1789782099,ai.elimu.filamu,,,,चिड़िया,1
485250,1789782111,ai.elimu.filamu,{'video_playback_position_ms': 22894},,,चिड़िया,1
485251,1789782184,ai.elimu.filamu,,,,चिड़िया,1
485252,1789782194,ai.elimu.filamu,{'video_playback_position_ms': 20052},,,चिड़िया,1
485253,1789782210,ai.elimu.filamu,,,,चिड़िया,1
485254,1789782220,ai.elimu.filamu,{'video_playback_position_ms': 25902},,,चिड़िया,1
485255,1789782259,ai.elimu.filamu,,,,चिड़िया,1
485256,1789782310,ai.elimu.filamu,{'video_playback_position_ms': 34724},,,चिड़िया,1
485257,1789782346,ai.elimu.filamu,,,,चिड़िया,1
485258,1789782389,ai.elimu.filamu,{'video_playback_position_ms': 10955},,,चिड़िया,1
485259,1789782503,ai.elimu.filamu,,,,चिड़िया,1
485260,1789782519,ai.elimu.filamu,{'video_playback_position_ms': 46151},,,चिड़िया,1
485261,1789782536,ai.elimu.filamu,,,,चिड़िया,1
485262,1789782542,ai.elimu.filamu,{'video_playback_position_ms': 37801},,,चिड़िया,1
485263,1789782582,ai.elimu.filamu,,,,चिड़िया,1
485264,1789782584,ai.elimu.filamu,{'video_playback_position_ms': 13678},,,चिड़िया,1
485265,1789782685,ai.elimu.filamu,,,,चिड़िया,1
485266,1789782729,ai.elimu.filamu,{'video_playback_position_ms': 11571},,,चिड़िया,1
485291,1789867738,ai.elimu.filamu,,,,चिड़िया,1
485292,1789867755,ai.elimu.filamu,{'video_playback_position_ms': 15640},,,चिड़िया,1
485293,1789867777,ai.elimu.filamu,,,,चिड़िया,1
485294,1789867818,ai.elimu.filamu,{'video_playback_position_ms': 42770},,,चिड़िया,1
485295,1789867888,ai.elimu.filamu,,,,चिड़िया,1
485296,1789867911,ai.elimu.filamu,{'video_playback_position_ms': 44199},,,चिड़िया,1
485297,1789867992,ai.elimu.filamu,,,,चिड़िया,1
485298,1789868048,ai.elimu.filamu,{'video_playback_position_ms': 10498},,,चिड़िया,1
485299,1789868142,ai.elimu.filamu,,,,चिड़िया,1
485300,1789868154,ai.elimu.filamu,{'video_playback_position_ms': 10573},,,चिड़िया,1
485301,1789868271,ai.elimu.filamu,,,,चिड़िया,1
485302,1789868276,ai.elimu.filamu,{'video_playback_position_ms': 49403},,,चिड़िया,1
485303,1789868329,ai.elimu.filamu,,,,चिड़िया,1
485304,1789868373,ai.elimu.filamu,{'video_playback_position_ms': 19478},,,चिड़िया,1
485305,1789868421,ai.elimu.filamu,,,,चिड़िया,1
485306,1789868468,ai.elimu.filamu,{'video_playback_position_ms': 25221},,,चिड़िया,1
485307,1789868571,ai.elimu.filamu,,,,चिड़िया,1
485308,1789868609,ai.elimu.filamu,{'video_playback_position_ms': 10599},,,चिड़िया,1
485309,1789868717,ai.elimu.filamu,,,,चिड़िया,1
485310,1789868751,ai.elimu.filamu,{'video_playback_position_ms': 48290},,,चिड़िया,1
485311,1789868826,ai.elimu.filamu,,,,चिड़िया,1
485312,1789868870,ai.elimu.filamu,{'video_playback_position_ms': 53105},,,चिड़िया,1
485343,1789953343,ai.elimu.filamu,,,,चिड़िया,1
485344,1789953367,ai.elimu.filamu,{'video_playback_position_ms': 2288},,,चिड़िया,1
485345,1789953484,ai.elimu.filamu,,,,चिड़िया,1
485346,1789953530,ai.elimu.filamu,{'video_playback_position_ms': 48858},,,चिड़िया,1
485347,1789953612,ai.elimu.filamu,,,,चिड़िया,1
485348,1789953651,ai.elimu.filamu,{'video_playback_position_ms': 32463},,,चिड़िया,1
485349,1789953758,ai.elimu.filamu,,,,चिड़िया,1
485350,1789953814,ai.elimu.filamu,{'video_playback_position_ms': 36720},,,चिड़िया,1
485351,1789953881,ai.elimu.filamu,,,,चिड़िया,1
485352,1789953930,ai.elimu.filamu,{'video_playback_position_ms': 2381},,,चिड़िया,1
485353,1789953952,ai.elimu.filamu,,,,चिड़िया,1
485354,1789953959,ai.elimu.filamu,{'video_playback_position_ms': 31833},,,चिड़िया,1
485355,1789954041,ai.elimu.filamu,,,,चिड़िया,1
485356,1789954073,ai.elimu.filamu,{'video_playback_position_ms': 36439},,,चिड़िया,1
485357,1789954139,ai.elimu.filamu,,,,चिड़िया,1
485358,1789954192,ai.elimu.filamu,{'video_playback_position_ms': 31948},,,चिड़िया,1
485359,1789954208,ai.elimu.filamu,,,,चिड़िया,1
485360,1789954246,ai.elimu.filamu,{'video_playback_position_ms': 14192},,,चिड़िया,1
485361,1789954311,ai.elimu.filamu,,,,चिड़िया,1
485362,1789954328,ai.elimu.filamu,{'video_playback_position_ms': 38265},,,चिड़िया,1
485363,1789954357,ai.elimu.filamu,,,,चिड़िया,1
485364,1789954414,ai.elimu.filamu,{'video_playback_position_ms': 24336},,,चिड़िया,1
485365,1789954521,ai.elimu.filamu,,,,चिड़िया,1
485366,1789954529,ai.elimu.filamu,{'video_playback_position_ms': 35843},,,चिड़िया,1
485387,1790044372,ai.elimu.filamu,,,,चिड़िया,1
485388,1790044387,ai.elimu.filamu,{'video_playback_position_ms': 7271},,,चिड़िया,1
485389,1790044451,ai.elimu.filamu,,,,चिड़िया,1
485390,1790044459,ai.elimu.filamu,{'video_playback_position_ms': 20132},,,चिड़िया,1
485391,1790044536,ai.elimu.filamu,,,,चिड़िया,1
485392,1790044563,ai.elimu.filamu,{'video_playback_position_ms': 44224},,,चिड़िया,1
485393,1790044672,ai.elimu.filamu,,,,चिड़िया,1
485394,1790044713,ai.elimu.filamu,{'video_playback_position_ms': 6084},,,चिड़िया,1
485395,1790044772,ai.elimu.filamu,,,,चिड़िया,1
485396,1790044777,ai.elimu.filamu,{'video_playback_position_ms': 11888},,,चिड़िया,1
485397,1790044880,ai.elimu.filamu,,,,चिड़िया,1
485398,1790044915,ai.elimu.filamu,{'video_playback_position_ms': 56399},,,चिड़िया,1
485399,1790045024,ai.elimu.filamu,,,,चिड़िया,1
485400,1790045053,ai.elimu.filamu,{'video_playback_position_ms': 46907},,,चिड़िया,1
485401,1790045112,ai.elimu.filamu,,,,चिड़िया,1
485402,1790045170,ai.elimu.filamu,{'video_playback_position_ms': 31708},,,चिड़िया,1
485403,1790045209,ai.elimu.filamu,,,,चिड़िया,1
485404,1790045255,ai.elimu.filamu,{'video_playback_position_ms': 12387},,,चिड़िया,1
485405,1790045372,ai.elimu.filamu,,,,चिड़िया,1
485406,1790045383,ai.elimu.filamu,{'video_playback_position_ms': 19195},,,चिड़िया,1
485407,1790045474,ai.elimu.filamu,,,,चिड़िया,1
485408,1790045503,ai.elimu.filamu,{'video_playback_position_ms': 36185},,,चिड़िया,1
485409,1790045532,ai.elimu.filamu,,,,चिड़िया,1
485410,1790045587,ai.elimu.filamu,{'video_playback_position_ms': 41076},,,चिड़िया,1
485411,1790045683,ai.elimu.filamu,,,,चिड़िया,1
485412,1790045717,ai.elimu.filamu,{'video_playback_position_ms': 49663},,,चिड़िया,1
485413,1790045821,ai.elimu.filamu,,,,चिड़िया,1
485414,1790045852,ai.elimu.filamu,{'video_playback_position_ms': 44017},,,चिड़िया,1
485415,1790045937,ai.elimu.filamu,,,,चिड़िया,1
485416,1790045968,ai.elimu.filamu,{'video_playback_position_ms': 6053},,,चिड़िया,1
485417,1790046026,ai.elimu.filamu,,,,चिड़िया,1
485418,1790046085,ai.elimu.filamu,{'video_playback_position_ms': 26274},,,चिड़िया,1
485419,1790046143,ai.elimu.filamu,,,,चिड़िया,1
485420,1790046197,ai.elimu.filamu,{'video_playback_position_ms': 54809},,,चिड़िया,1
485459,1790127755,ai.elimu.filamu,,,,चिड़िया,1
485460,1790127805,ai.elimu.filamu,{'video_playback_position_ms': 17151},,,चिड़िया,1
485461,1790127835,ai.elimu.filamu,,,,चिड़िया,1
485462,1790127870,ai.elimu.filamu,{'video_playback_position_ms': 50616},,,चिड़िया,1
485463,1790127983,ai.elimu.filamu,,,,चिड़िया,1
485464,1790128042,ai.elimu.filamu,{'video_playback_position_ms': 28407},,,चिड़िया,1
485465,1790128123,ai.elimu.filamu,,,,चिड़िया,1
485466,1790128156,ai.elimu.filamu,{'video_playback_position_ms': 8312},,,चिड़िया,1
485467,1790128238,ai.elimu.filamu,,,,चिड़िया,1
485468,1790128289,ai.elimu.filamu,{'video_playback_position_ms': 23477},,,चिड़िया,1
485469,1790128396,ai.elimu.filamu,,,,चिड़िया,1
485470,1790128420,ai.elimu.filamu,{'video_playback_position_ms': 39001},,,चिड़िया,1
485471,1790128491,ai.elimu.filamu,,,,चिड़िया,1
485472,1790128498,ai.elimu.filamu,{'video_playback_position_ms': 19401},,,चिड़िया,1
485473,1790128560,ai.elimu.filamu,,,,चिड़िया,1
485474,1790128569,ai.elimu.filamu,{'video_playback_position_ms': 1022},,,चिड़िया,1
485475,1790128596,ai.elimu.filamu,,,,चिड़िया,1
485476,1790128651,ai.elimu.filamu,{'video_playback_position_ms': 24894},,,चिड़िया,1
485477,1790128670,ai.elimu.filamu,,,,चिड़िया,1
485478,1790128726,ai.elimu.filamu,{'video_playback_position_ms': 38917},,,चिड़िया,1
485479,1790128756,ai.elimu.filamu,,,,चिड़िया,1
485480,1790128768,ai.elimu.filamu,{'video_playback_position_ms': 45912},,,चिड़िया,1
485481,1790128818,ai.elimu.filamu,,,,चिड़िया,1
485482,1790128845,ai.elimu.filamu,{'video_playback_position_ms': 39819},,,चिड़िया,1
485483,1790128924,ai.elimu.filamu,,,,चिड़िया,1
485484,1790128963,ai.elimu.filamu,{'video_playback_position_ms': 52084},,,चिड़िया,1
485485,1790129074,ai.elimu.filamu,,,,चिड़िया,1
485486,1790129089,ai.elimu.filamu,{'video_playback_position_ms': 26995},,,चिड़िया,1
485541,1790301086,ai.elimu.filamu,,,,चिड़िया,1
485542,1790301101,ai.elimu.filamu,{'video_playback_position_ms': 35081},,,चिड़िया,1
485543,1790301192,ai.elimu.filamu,,,,चिड़िया,1
485544,1790301200,ai.elimu.filamu,{'video_playback_position_ms': 27354},,,चिड़िया,1
485545,1790301237,ai.elimu.filamu,,,,चिड़िया,1
485546,1790301268,ai.elimu.filamu,{'video_playback_position_ms': 3873},,,चिड़िया,1
485547,1790301316,ai.elimu.filamu,,,,चिड़िया,1
485548,1790301333,ai.elimu.filamu,{'video_playback_position_ms': 58971},,,चिड़िया,1
485549,1790301449,ai.elimu.filamu,,,,चिड़िया,1
485550,1790301465,ai.elimu.filamu,{'video_playback_position_ms': 47508},,,चिड़िया,1
485551,1790301580,ai.elimu.filamu,,,,चिड़िया,1
485552,1790301622,ai.elimu.filamu,{'video_playback_position_ms': 54662},,,चिड़िया,1
485553,1790301734,ai.elimu.filamu,,,,चिड़िया,1
485554,1790301756,ai.elimu.filamu,{'video_playback_position_ms': 24991},,,चिड़िया,1
485555,1790301827,ai.elimu.filamu,,,,चिड़िया,1
485556,1790301864,ai.elimu.filamu,{'video_playback_position_ms': 7788},,,चिड़िया,1
485557,1790301952,ai.elimu.filamu,,,,चिड़िया,1
485558,1790302000,ai.elimu.filamu,{'video_playback_position_ms': 1549},,,चिड़िया,1
485559,1790302044,ai.elimu.filamu,,,,चिड़िया,1
485560,1790302066,ai.elimu.filamu,{'video_playback_position_ms': 50660},,,चिड़िया,1
485641,1790473226,ai.elimu.filamu,,,,चिड़िया,1
485642,1790473242,ai.elimu.filamu,{'video_playback_position_ms': 28594},,,चिड़िया,1
485643,1790473309,ai.elimu.filamu,,,,चिड़िया,1
485644,1790473339,ai.elimu.filamu,{'video_playback_position_ms': 28055},,,चिड़िया,1
485645,1790473455,ai.elimu.filamu,,,,चिड़िया,1
485646,1790473512,ai.elimu.filamu,{'video_playback_position_ms': 32373},,,चिड़िया,1
485647,1790473548,ai.elimu.filamu,,,,चिड़िया,1
485648,1790473556,ai.elimu.filamu,{'video_playback_position_ms': 57031},,,चिड़िया,1
485649,1790473664,ai.elimu.filamu,,,,चिड़िया,1
485650,1790473667,ai.elimu.filamu,{'video_playback_position_ms': 6654},,,चिड़िया,1
485651,1790473683,ai.elimu.filamu,,,,चिड़िया,1
485652,1790473717,ai.elimu.filamu,{'video_playback_position_ms': 27576},,,चिड़िया,1
485653,1790473760,ai.elimu.filamu,,,,चिड़िया,1
485654,1790473784,ai.elimu.filamu,{'video_playback_position_ms': 29805},,,चिड़िया,1
485655,1790473854,ai.elimu.filamu,,,,चिड़िया,1
485656,1790473868,ai.elimu.filamu,{'video_playback_position_ms': 45518},,,चिड़िया,1
485657,1790473913,ai.elimu.filamu,,,,चिड़िया,1
485658,1790473955,ai.elimu.filamu,{'video_playback_position_ms': 27772},,,चिड़िया,1
485659,1790473972,ai.elimu.filamu,,,,चिड़िया,1
485660,1790473997,ai.elimu.filamu,{'video_playback_position_ms': 3984},,,चिड़िया,1
485679,1790562059,ai.elimu.filamu,,,,चिड़िया,1
485680,1790562107,ai.elimu.filamu,{'video_playback_position_ms': 31676},,,चिड़िया,1
485681,1790562134,ai.elimu.filamu,,,,चिड़िया,1
485682,1790562182,ai.elimu.filamu,{'video_playback_position_ms': 22429},,,चिड़िया,1
485683,1790562245,ai.elimu.filamu,,,,चिड़िया,1
485684,1790562289,ai.elimu.filamu,{'video_playback_position_ms': 33646},,,चिड़िया,1
485685,1790562330,ai.elimu.filamu,,,,चिड़िया,1
485686,1790562376,ai.elimu.filamu,{'video_playback_position_ms': 51931},,,चिड़िया,1
485687,1790562495,ai.elimu.filamu,,,,चिड़िया,1
485688,1790562515,ai.elimu.filamu,{'video_playback_position_ms': 17353},,,चिड़िया,1
485689,1790562544,ai.elimu.filamu,,,,चिड़िया,1
485690,1790562601,ai.elimu.filamu,{'video_playback_position_ms': 46078},,,चिड़िया,1
485691,1790562717,ai.elimu.filamu,,,,चिड़िया,1
485692,1790562722,ai.elimu.filamu,{'video_playback_position_ms': 3977},,,चिड़िया,1
485693,1790562765,ai.elimu.filamu,,,,चिड़िया,1
485694,1790562782,ai.elimu.filamu,{'video_playback_position_ms': 41312},,,चिड़िया,1
485695,1790562853,ai.elimu.filamu,,,,चिड़िया,1
485696,1790562873,ai.elimu.filamu,{'video_playback_position_ms': 24516},,,चिड़िया,1
485697,1790562964,ai.elimu.filamu,,,,चिड़िया,1
485698,1790562976,ai.elimu.filamu,{'video_playback_position_ms': 10496},,,चिड़िया,1
485699,1790562993,ai.elimu.filamu,,,,चिड़िया,1
485700,1790563032,ai.elimu.filamu,{'video_playback_position_ms': 57921},,,चिड़िया,1
485701,1790563146,ai.elimu.filamu,,,,चिड़िया,1
485702,1790563201,ai.elimu.filamu,{'video_playback_position_ms': 28828},,,चिड़िया,1
485703,1790563303,ai.elimu.filamu,,,,चिड़िया,1
485704,1790563359,ai.elimu.filamu,{'video_playback_position_ms': 15538},,,चिड़िया,1
485705,1790563416,ai.elimu.filamu,,,,चिड़िया,1
485706,1790563436,ai.elimu.filamu,{'video_playback_position_ms': 39723},,,चिड़िया,1
485707,1790563537,ai.elimu.filamu,,,,चिड़िया,1
485708,1790563596,ai.elimu.filamu,{'video_playback_position_ms': 13070},,,चिड़िया,1
485755,1790652288,ai.elimu.filamu,,,,चिड़िया,1
485756,1790652307,ai.elimu.filamu,{'video_playback_position_ms': 34881},,,चिड़िया,1
485807,1790738706,ai.elimu.filamu,,,,चिड़िया,1
485808,1790738744,ai.elimu.filamu,{'video_playback_position_ms': 13629},,,चिड़िया,1
485809,1790738782,ai.elimu.filamu,,,,चिड़िया,1
485810,1790738841,ai.elimu.filamu,{'video_playback_position_ms': 48804},,,चिड़िया,1
485813,1790821115,ai.elimu.filamu,,,,चिड़िया,1
485814,1790821126,ai.elimu.filamu,{'video_playback_position_ms': 55628},,,चिड़िया,1
485815,1790821194,ai.elimu.filamu,,,,चिड़िया,1
485816,1790821202,ai.elimu.filamu,{'video_playback_position_ms': 19032},,,चिड़िया,1
485817,1790821289,ai.elimu.filamu,,,,चिड़िया,1
485818,1790821328,ai.elimu.filamu,{'video_playback_position_ms': 17597},,,चिड़िया,1
485819,1790821355,ai.elimu.filamu,,,,चिड़िया,1
485820,1790821394,ai.elimu.filamu,{'video_playback_position_ms': 15260},,,चिड़िया,1
485821,1790821490,ai.elimu.filamu,,,,चिड़िया,1
485822,1790821542,ai.elimu.filamu,{'video_playback_position_ms': 57007},,,चिड़िया,1
485823,1790821655,ai.elimu.filamu,,,,चिड़िया,1
485824,1790821700,ai.elimu.filamu,{'video_playback_position_ms': 30088},,,चिड़िया,1
485825,1790821717,ai.elimu.filamu,,,,चिड़िया,1
485826,1790821727,ai.elimu.filamu,{'video_playback_position_ms': 46967},,,चिड़िया,1
485827,1790821752,ai.elimu.filamu,,,,चिड़िया,1
485828,1790821770,ai.elimu.filamu,{'video_playback_position_ms': 42603},,,चिड़िया,1
485829,1790821871,ai.elimu.filamu,,,,चिड़िया,1
485830,1790821894,ai.elimu.filamu,{'video_playback_position_ms': 30571},,,चिड़िया,1
485831,1790821913,ai.elimu.filamu,,,,चिड़िया,1
485832,1790821948,ai.elimu.filamu,{'video_playback_position_ms': 50062},,,चिड़िया,1
485833,1790821982,ai.elimu.filamu,,,,चिड़िया,1
485834,1790822004,ai.elimu.filamu,{'video_playback_position_ms': 22645},,,चिड़िया,1
485835,1790822108,ai.elimu.filamu,,,,चिड़िया,1
485836,1790822164,ai.elimu.filamu,{'video_playback_position_ms': 26596},,,चिड़िया,1
485837,1790822199,ai.elimu.filamu,,,,चिड़िया,1
485838,1790822214,ai.elimu.filamu,{'video_playback_position_ms': 50523},,,चिड़िया,1
485839,1790822251,ai.elimu.filamu,,,,चिड़िया,1
485840,1790822299,ai.elimu.filamu,{'video_playback_position_ms': 12066},,,चिड़िया,1
485841,1790822384,ai.elimu.filamu,,,,चिड़िया,1
485842,1790822425,ai.elimu.filamu,{'video_playback_position_ms': 36214},,,चिड़िया,1
485843,1790822487,ai.elimu.filamu,,,,चिड़िया,1
485844,1790822497,ai.elimu.filamu,{'video_playback_position_ms': 32585},,,चिड़िया,1
485845,1790822541,ai.elimu.filamu,,,,चिड़िया,1
485846,1790822589,ai.elimu.filamu,{'video_playback_position_ms': 11007},,,चिड़िया,1
485885,1790908308,ai.elimu.filamu,,,,चिड़िया,1
485886,1790908329,ai.elimu.filamu,{'video_playback_position_ms': 48394},,,चिड़िया,1
485887,1790908397,ai.elimu.filamu,,,,चिड़िया,1
485888,1790908427,ai.elimu.filamu,{'video_playback_position_ms': 46852},,,चिड़िया,1
485889,1790908530,ai.elimu.filamu,,,,चिड़िया,1
485890,1790908552,ai.elimu.filamu,{'video_playback_position_ms': 27133},,,चिड़िया,1
485891,1790908599,ai.elimu.filamu,,,,चिड़िया,1
485892,1790908611,ai.elimu.filamu,{'video_playback_position_ms': 3741},,,चिड़िया,1
485893,1790908680,ai.elimu.filamu,,,,चिड़िया,1
485894,1790908704,ai.elimu.filamu,{'video_playback_position_ms': 16887},,,चिड़िया,1
485895,1790908752,ai.elimu.filamu,,,,चिड़िया,1
485896,1790908798,ai.elimu.filamu,{'video_playback_position_ms': 20986},,,चिड़िया,1
485897,1790908872,ai.elimu.filamu,,,,चिड़िया,1
485898,1790908902,ai.elimu.filamu,{'video_playback_position_ms': 55302},,,चिड़िया,1
485899,1790908926,ai.elimu.filamu,,,,चिड़िया,1
485900,1790908971,ai.elimu.filamu,{'video_playback_position_ms': 1965},,,चिड़िया,1
485901,1790909018,ai.elimu.filamu,,,,चिड़िया,1
485902,1790909040,ai.elimu.filamu,{'video_playback_position_ms': 44524},,,चिड़िया,1
485903,1790909137,ai.elimu.filamu,,,,चिड़िया,1
485904,1790909167,ai.elimu.filamu,{'video_playback_position_ms': 34706},,,चिड़िया,1
485905,1790909253,ai.elimu.filamu,,,,चिड़िया,1
485906,1790909257,ai.elimu.filamu,{'video_playback_position_ms': 2870},,,चिड़िया,1
485909,1790995182,ai.elimu.filamu,,,,चिड़िया,1
485910,1790995219,ai.elimu.filamu,{'video_playback_position_ms': 6224},,,चिड़िया,1
485911,1790995313,ai.elimu.filamu,,,,चिड़िया,1
485912,1790995338,ai.elimu.filamu,{'video_playback_position_ms': 3168},,,चिड़िया,1
485913,1790995439,ai.elimu.filamu,,,,चिड़िया,1
485914,1790995441,ai.elimu.filamu,{'video_playback_position_ms': 1045},,,चिड़िया,1
485915,1790995525,ai.elimu.filamu,,,,चिड़िया,1
485916,1790995566,ai.elimu.filamu,{'video_playback_position_ms': 8205},,,चिड़िया,1
485917,1790995582,ai.elimu.filamu,,,,चिड़िया,1
485918,1790995634,ai.elimu.filamu,{'video_playback_position_ms': 45208},,,चिड़िया,1
485919,1790995667,ai.elimu.filamu,,,,चिड़िया,1
485920,1790995718,ai.elimu.filamu,{'video_playback_position_ms': 29479},,,चिड़िया,1
485921,1790995824,ai.elimu.filamu,,,,चिड़िया,1
485922,1790995855,ai.elimu.filamu,{'video_playback_position_ms': 37724},,,चिड़िया,1
485923,1790995973,ai.elimu.filamu,,,,चिड़िया,1
485924,1790996014,ai.elimu.filamu,{'video_playback_position_ms': 53929},,,चिड़िया,1
485925,1790996122,ai.elimu.filamu,,,,चिड़िया,1
485926,1790996127,ai.elimu.filamu,{'video_playback_position_ms': 1538},,,चिड़िया,1
485995,1791012989,ai.elimu.filamu,,,,चिड़िया,1
485996,1791012993,ai.elimu.filamu,{'video_playback_position_ms': 2444},,,चिड़िया,1
485997,1791013072,ai.elimu.filamu,,,,चिड़िया,1
485998,1791013092,ai.elimu.filamu,{'video_playback_position_ms': 41717},,,चिड़िया,1
485999,1791013128,ai.elimu.filamu,,,,चिड़िया,1
486000,1791013157,ai.elimu.filamu,{'video_playback_position_ms': 48173},,,चिड़िया,1
486033,1791165944,ai.elimu.filamu,,,,चिड़िया,1
486034,1791165992,ai.elimu.filamu,{'video_playback_position_ms': 35747},,,चिड़िया,1
486035,1791166090,ai.elimu.filamu,,,,चिड़िया,1
486036,1791166125,ai.elimu.filamu,{'video_playback_position_ms': 21238},,,चिड़िया,1
486037,1791166223,ai.elimu.filamu,,,,चिड़िया,1
486038,1791166244,ai.elimu.filamu,{'video_playback_position_ms': 52997},,,चिड़िया,1
486039,1791166289,ai.elimu.filamu,,,,चिड़िया,1
486040,1791166333,ai.elimu.filamu,{'video_playback_position_ms': 16900},,,चिड़िया,1
486041,1791166370,ai.elimu.filamu,,,,चिड़िया,1
486042,1791166374,ai.elimu.filamu,{'video_playback_position_ms': 39003},,,चिड़िया,1
486043,1791166492,ai.elimu.filamu,,,,चिड़िया,1
486044,1791166512,ai.elimu.filamu,{'video_playback_position_ms': 4787},,,चिड़िया,1
486045,1791166546,ai.elimu.filamu,,,,चिड़िया,1
486046,1791166570,ai.elimu.filamu,{'video_playback_position_ms': 47953},,,चिड़िया,1
486099,1791255638,ai.elimu.filamu,,,,चिड़िया,1
486100,1791255675,ai.elimu.filamu,{'video_playback_position_ms': 7282},,,चिड़िया,1
486101,1791255713,ai.elimu.filamu,,,,चिड़िया,1
486102,1791255726,ai.elimu.filamu,{'video_playback_position_ms': 4934},,,चिड़िया,1
486103,1791255836,ai.elimu.filamu,,,,चिड़िया,1
486104,1791255879,ai.elimu.filamu,{'video_playback_position_ms': 58099},,,चिड़िया,1
486105,1791255896,ai.elimu.filamu,,,,चिड़िया,1
486106,1791255952,ai.elimu.filamu,{'video_playback_position_ms': 13699},,,चिड़िया,1
486107,1791256054,ai.elimu.filamu,,,,चिड़िया,1
486108,1791256083,ai.elimu.filamu,{'video_playback_position_ms': 37359},,,चिड़िया,1
486109,1791256151,ai.elimu.filamu,,,,चिड़िया,1
486110,1791256197,ai.elimu.filamu,{'video_playback_position_ms': 51709},,,चिड़िया,1
486111,1791256261,ai.elimu.filamu,,,,चिड़िया,1
486112,1791256281,ai.elimu.filamu,{'video_playback_position_ms': 23381},,,चिड़िया,1
486113,1791256318,ai.elimu.filamu,,,,चिड़िया,1
486114,1791256373,ai.elimu.filamu,{'video_playback_position_ms': 54835},,,चिड़िया,1
486115,1791256491,ai.elimu.filamu,,,,चिड़िया,1
486116,1791256494,ai.elimu.filamu,{'video_playback_position_ms': 46268},,,चिड़िया,1
486117,1791256548,ai.elimu.filamu,,,,चिड़िया,1
486118,1791256585,ai.elimu.filamu,{'video_playback_position_ms': 7821},,,चिड़िया,1
486119,1791256687,ai.elimu.filamu,,,,चिड़िया,1
486120,1791256709,ai.elimu.filamu,{'video_playback_position_ms': 4101},,,चिड़िया,1
486121,1791256755,ai.elimu.filamu,,,,चिड़िया,1
486122,1791256794,ai.elimu.filamu,{'video_playback_position_ms': 31379},,,चिड़िया,1
486123,1791256866,ai.elimu.filamu,,,,चिड़िया,1
486124,1791256882,ai.elimu.filamu,{'video_playback_position_ms': 28087},,,चिड़िया,1
486125,1791256968,ai.elimu.filamu,,,,चिड़िया,1
486126,1791256981,ai.elimu.filamu,{'video_playback_position_ms': 43390},,,चिड़िया,1
486161,1791342931,ai.elimu.filamu,,,,चिड़िया,1
486162,1791342966,ai.elimu.filamu,{'video_playback_position_ms': 20225},,,चिड़िया,1
486163,1791343062,ai.elimu.filamu,,,,चिड़िया,1
486164,1791343088,ai.elimu.filamu,{'video_playback_position_ms': 3546},,,चिड़िया,1
486165,1791343139,ai.elimu.filamu,,,,चिड़िया,1
486166,1791343152,ai.elimu.filamu,{'video_playback_position_ms': 44496},,,चिड़िया,1
486167,1791343248,ai.elimu.filamu,,,,चिड़िया,1
486168,1791343260,ai.elimu.filamu,{'video_playback_position_ms': 11908},,,चिड़िया,1
486169,1791343279,ai.elimu.filamu,,,,चिड़िया,1
486170,1791343312,ai.elimu.filamu,{'video_playback_position_ms': 38245},,,चिड़िया,1
486171,1791343359,ai.elimu.filamu,,,,चिड़िया,1
486172,1791343403,ai.elimu.filamu,{'video_playback_position_ms': 33225},,,चिड़िया,1
486173,1791343454,ai.elimu.filamu,,,,चिड़िया,1
486174,1791343470,ai.elimu.filamu,{'video_playback_position_ms': 58386},,,चिड़िया,1
486175,1791343516,ai.elimu.filamu,,,,चिड़िया,1
486176,1791343561,ai.elimu.filamu,{'video_playback_position_ms': 2211},,,चिड़िया,1
486177,1791343659,ai.elimu.filamu,,,,चिड़िया,1
486178,1791343669,ai.elimu.filamu,{'video_playback_position_ms': 12335},,,चिड़िया,1
486179,1791343693,ai.elimu.filamu,,,,चिड़िया,1
486180,1791343747,ai.elimu.filamu,{'video_playback_position_ms': 56264},,,चिड़िया,1
486181,1791343822,ai.elimu.filamu,,,,चिड़िया,1
486182,1791343840,ai.elimu.filamu,{'video_playback_position_ms': 29647},,,चिड़िया,1
486183,1791343868,ai.elimu.filamu,,,,चिड़िया,1
486184,1791343882,ai.elimu.filamu,{'video_playback_position_ms': 45598},,,चिड़िया,1
486185,1791343989,ai.elimu.filamu,,,,चिड़िया,1
486186,1791344001,ai.elimu.filamu,{'video_playback_position_ms': 26023},,,चिड़िया,1
486187,1791344078,ai.elimu.filamu,,,,चिड़िया,1
486188,1791344092,ai.elimu.filamu,{'video_playback_position_ms': 45435},,,चिड़िया,1
486237,1791429376,ai.elimu.filamu,,,,चिड़िया,1
486238,1791429415,ai.elimu.filamu,{'video_playback_position_ms': 34857},,,चिड़िया,1
486239,1791429521,ai.elimu.filamu,,,,चिड़िया,1
486240,1791429561,ai.elimu.filamu,{'video_playback_position_ms': 1634},,,चिड़िया,1
486241,1791429605,ai.elimu.filamu,,,,चिड़िया,1
486242,1791429650,ai.elimu.filamu,{'video_playback_position_ms': 50892},,,चिड़िया,1
486243,1791429763,ai.elimu.filamu,,,,चिड़िया,1
486244,1791429787,ai.elimu.filamu,{'video_playback_position_ms': 21264},,,चिड़िया,1
486245,1791429813,ai.elimu.filamu,,,,चिड़िया,1
486246,1791429863,ai.elimu.filamu,{'video_playback_position_ms': 27125},,,चिड़िया,1
486247,1791429968,ai.elimu.filamu,,,,चिड़िया,1
486248,1791429993,ai.elimu.filamu,{'video_playback_position_ms': 39321},,,चिड़िया,1
486249,1791430064,ai.elimu.filamu,,,,चिड़िया,1
486250,1791430088,ai.elimu.filamu,{'video_playback_position_ms': 20476},,,चिड़िया,1
486251,1791430105,ai.elimu.filamu,,,,चिड़िया,1
486252,1791430156,ai.elimu.filamu,{'video_playback_position_ms': 11818},,,चिड़िया,1
486253,1791430235,ai.elimu.filamu,,,,चिड़िया,1
486254,1791430241,ai.elimu.filamu,{'video_playback_position_ms': 24140},,,चिड़िया,1
486255,1791430285,ai.elimu.filamu,,,,चिड़िया,1
486256,1791430315,ai.elimu.filamu,{'video_playback_position_ms': 21840},,,चिड़िया,1
486257,1791430399,ai.elimu.filamu,,,,चिड़िया,1
486258,1791430422,ai.elimu.filamu,{'video_playback_position_ms': 59837},,,चिड़िया,1
486319,1791600591,ai.elimu.filamu,,,,चिड़िया,1
486320,1791600594,ai.elimu.filamu,{'video_playback_position_ms': 47196},,,चिड़िया,1
486321,1791600681,ai.elimu.filamu,,,,चिड़िया,1
486322,1791600737,ai.elimu.filamu,{'video_playback_position_ms': 51169},,,चिड़िया,1
486323,1791600791,ai.elimu.filamu,,,,चिड़िया,1
486324,1791600827,ai.elimu.filamu,{'video_playback_position_ms': 42423},,,चिड़िया,1
486325,1791600933,ai.elimu.filamu,,,,चिड़िया,1
486326,1791600978,ai.elimu.filamu,{'video_playback_position_ms': 40055},,,चिड़िया,1
486327,1791601032,ai.elimu.filamu,,,,चिड़िया,1
486328,1791601050,ai.elimu.filamu,{'video_playback_position_ms': 32491},,,चिड़िया,1
486329,1791601120,ai.elimu.filamu,,,,चिड़िया,1
486330,1791601127,ai.elimu.filamu,{'video_playback_position_ms': 59173},,,चिड़िया,1
486331,1791601176,ai.elimu.filamu,,,,चिड़िया,1
486332,1791601186,ai.elimu.filamu,{'video_playback_position_ms': 53963},,,चिड़िया,1
486333,1791601204,ai.elimu.filamu,,,,चिड़िया,1
486334,1791601218,ai.elimu.filamu,{'video_playback_position_ms': 15731},,,चिड़िया,1
486335,1791601251,ai.elimu.filamu,,,,चिड़िया,1
486336,1791601267,ai.elimu.filamu,{'video_playback_position_ms': 28612},,,चिड़िया,1
486337,1791601288,ai.elimu.filamu,,,,चिड़िया,1
486338,1791601304,ai.elimu.filamu,{'video_playback_position_ms': 26591},,,चिड़िया,1
486339,1791601402,ai.elimu.filamu,,,,चिड़िया,1
486340,1791601405,ai.elimu.filamu,{'video_playback_position_ms': 16143},,,चिड़िया,1
486341,1791601496,ai.elimu.filamu,,,,चिड़िया,1
486342,1791601521,ai.elimu.filamu,{'video_playback_position_ms': 6127},,,चिड़िया,1
486343,1791601638,ai.elimu.filamu,,,,चिड़िया,1
486344,1791601674,ai.elimu.filamu,{'video_playback_position_ms': 39252},,,चिड़िया,1
486345,1791601786,ai.elimu.filamu,,,,चिड़िया,1
486346,1791601828,ai.elimu.filamu,{'video_playback_position_ms': 21693},,,चिड़िया,1
486347,1791601924,ai.elimu.filamu,,,,चिड़िया,1
486348,1791601937,ai.elimu.filamu,{'video_playback_position_ms': 55230},,,चिड़िया,1
486365,1791685405,ai.elimu.filamu,,,,चिड़िया,1
486366,1791685420,ai.elimu.filamu,{'video_playback_position_ms': 33774},,,चिड़िया,1
486367,1791685442,ai.elimu.filamu,,,,चिड़िया,1
486368,1791685477,ai.elimu.filamu,{'video_playback_position_ms': 12986},,,चिड़िया,1
486369,1791685587,ai.elimu.filamu,,,,चिड़िया,1
486370,1791685616,ai.elimu.filamu,{'video_playback_position_ms': 7330},,,चिड़िया,1
486371,1791685712,ai.elimu.filamu,,,,चिड़िया,1
486372,1791685742,ai.elimu.filamu,{'video_playback_position_ms': 30693},,,चिड़िया,1
486373,1791685781,ai.elimu.filamu,,,,चिड़िया,1
486374,1791685810,ai.elimu.filamu,{'video_playback_position_ms': 58981},,,चिड़िया,1
486375,1791685865,ai.elimu.filamu,,,,चिड़िया,1
486376,1791685898,ai.elimu.filamu,{'video_playback_position_ms': 10680},,,चिड़िया,1
486377,1791685977,ai.elimu.filamu,,,,चिड़िया,1
486378,1791686016,ai.elimu.filamu,{'video_playback_position_ms': 30631},,,चिड़िया,1
486379,1791686032,ai.elimu.filamu,,,,चिड़िया,1
486380,1791686072,ai.elimu.filamu,{'video_playback_position_ms': 20233},,,चिड़िया,1
486381,1791686131,ai.elimu.filamu,,,,चिड़िया,1
486382,1791686158,ai.elimu.filamu,{'video_playback_position_ms': 10317},,,चिड़िया,1
486383,1791686276,ai.elimu.filamu,,,,चिड़िया,1
486384,1791686294,ai.elimu.filamu,{'video_playback_position_ms': 57275},,,चिड़िया,1
486385,1791686362,ai.elimu.filamu,,,,चिड़िया,1
486386,1791686417,ai.elimu.filamu,{'video_playback_position_ms': 25043},,,चिड़िया,1
486387,1791686438,ai.elimu.filamu,,,,चिड़िया,1
486388,1791686464,ai.elimu.filamu,{'video_playback_position_ms': 4094},,,चिड़िया,1
486389,1791686482,ai.elimu.filamu,,,,चिड़िया,1
486390,1791686505,ai.elimu.filamu,{'video_playback_position_ms': 31122},,,चिड़िया,1
